datetime,open,high,low,close,volume
2025-01-01 09:15:00,1000.91,1001.09,999.67,1000.08,1123.0
2025-01-01 09:20:00,1000.08,1000.75,999.41,1000.68,19358.0
2025-01-01 09:25:00,1000.68,1001.69,1000.49,1001.44,4153.0
2025-01-01 09:30:00,1001.44,1001.56,999.85,999.87,12324.0
2025-01-01 09:35:00,999.87,1000.06,998.13,998.83,4447.0
2025-01-01 09:40:00,998.83,999.2,998.78,998.93,18727.0
2025-01-01 09:45:00,998.93,999.08,998.29,998.68,15028.0
2025-01-01 09:50:00,998.68,998.83,998.47,998.67,16282.0
2025-01-01 09:55:00,998.67,999.15,997.51,997.99,9209.0
2025-01-01 10:00:00,997.99,998.88,997.6,998.69,9880.0
2025-01-01 10:05:00,998.69,999.5,998.4,999.31,13051.0
2025-01-01 10:10:00,999.31,999.37,998.46,999.36,15910.0
2025-01-01 10:15:00,999.36,1000.46,999.04,1000.27,17092.0
2025-01-01 10:20:00,1000.27,1000.82,999.93,1000.64,1338.0
2025-01-01 10:25:00,1000.64,1000.91,999.59,999.95,13607.0
2025-01-01 10:30:00,999.95,1000.29,999.58,1000.25,3073.0
2025-01-01 10:35:00,1000.25,1000.42,999.33,999.48,6470.0
2025-01-01 10:40:00,999.48,1000.21,999.42,1000.18,16759.0
2025-01-01 10:45:00,1000.18,1000.86,1000.13,1000.14,5759.0
2025-01-01 10:50:00,1000.14,1000.72,999.73,1000.0,16139.0
2025-01-01 10:55:00,1000.0,1000.52,999.27,999.45,9797.0
2025-01-01 11:00:00,999.45,1000.83,999.27,1000.43,5420.0
2025-01-01 11:05:00,1000.43,1000.59,999.81,1000.3,7350.0
2025-01-01 11:10:00,1000.3,1000.67,999.45,999.96,11084.0
2025-01-01 11:15:00,999.96,1000.11,999.61,999.68,15537.0
2025-01-01 11:20:00,999.68,1000.63,999.05,1000.11,12514.0
2025-01-01 11:25:00,1000.11,1000.54,1000.04,1000.4,18731.0
2025-01-01 11:30:00,1000.4,1001.02,1000.35,1000.73,17487.0
2025-01-01 11:35:00,1000.73,1001.45,1000.61,1001.07,15313.0
2025-01-01 11:40:00,1001.07,1002.87,1000.55,1002.79,12459.0
2025-01-01 11:45:00,1002.79,1003.17,1002.38,1002.46,6507.0
2025-01-01 11:50:00,1002.46,1002.6,1001.89,1002.05,8838.0
2025-01-01 11:55:00,1002.05,1002.39,1000.96,1001.4,3258.0
2025-01-01 12:00:00,1001.4,1002.59,1001.23,1001.9,8109.0
2025-01-01 12:05:00,1001.9,1002.98,1001.28,1002.8,18602.0
2025-01-01 12:10:00,1002.8,1002.9,1002.64,1002.71,9091.0
2025-01-01 12:15:00,1002.71,1002.95,1001.54,1002.04,3160.0
2025-01-01 12:20:00,1002.04,1002.62,1000.83,1001.37,13386.0
2025-01-01 12:25:00,1001.37,1001.93,1000.71,1001.9,19289.0
2025-01-01 12:30:00,1001.9,1002.7,1001.21,1002.49,17482.0
2025-01-01 12:35:00,1002.49,1003.02,1002.42,1002.93,6207.0
2025-01-01 12:40:00,1002.93,1002.94,1002.24,1002.39,9624.0
2025-01-01 12:45:00,1002.39,1003.22,1001.81,1002.58,11089.0
2025-01-01 12:50:00,1002.58,1002.77,1002.14,1002.67,5708.0
2025-01-01 12:55:00,1002.67,1003.26,1002.31,1002.85,6105.0
2025-01-01 13:00:00,1002.85,1003.62,1002.59,1003.55,5496.0
2025-01-01 13:05:00,1003.55,1003.82,1003.39,1003.73,19897.0
2025-01-01 13:10:00,1003.73,1004.82,1003.73,1004.27,15174.0
2025-01-01 13:15:00,1004.27,1004.66,1004.21,1004.33,16976.0
2025-01-01 13:20:00,1004.33,1004.7,1004.19,1004.56,16514.0
2025-01-01 13:25:00,1004.56,1005.66,1003.99,1005.07,19223.0
2025-01-01 13:30:00,1005.07,1005.55,1003.86,1003.9,3000.0
2025-01-01 13:35:00,1003.9,1004.15,1003.38,1003.64,17751.0
2025-01-01 13:40:00,1003.64,1004.01,1002.44,1003.26,2264.0
2025-01-01 13:45:00,1003.26,1003.42,1002.73,1002.75,10032.0
2025-01-01 13:50:00,1002.75,1003.3,1002.19,1002.53,12294.0
2025-01-01 13:55:00,1002.53,1003.98,1002.04,1003.73,7799.0
2025-01-01 14:00:00,1003.73,1003.82,1002.68,1003.03,3777.0
2025-01-01 14:05:00,1003.03,1004.4,1002.9,1003.81,4653.0
2025-01-01 14:10:00,1003.81,1004.22,1002.09,1002.46,16668.0
2025-01-01 14:15:00,1002.46,1002.59,1001.66,1002.19,7055.0
2025-01-01 14:20:00,1002.19,1002.66,1002.18,1002.32,6896.0
2025-01-01 14:25:00,1002.32,1003.59,1002.13,1002.79,18543.0
2025-01-01 14:30:00,1002.79,1004.53,1002.66,1003.36,3733.0
2025-01-01 14:35:00,1003.36,1004.17,1002.96,1004.0,18390.0
2025-01-01 14:40:00,1004.0,1004.4,1003.5,1003.72,18498.0
2025-01-01 14:45:00,1003.72,1004.58,1002.81,1003.35,12372.0
2025-01-01 14:50:00,1003.35,1004.15,1003.29,1004.04,4145.0
2025-01-01 14:55:00,1004.04,1004.36,1003.6,1003.88,3961.0
2025-01-01 15:00:00,1003.88,1004.05,1002.77,1002.86,6409.0
2025-01-01 15:05:00,1002.86,1003.11,1001.85,1001.95,11970.0
2025-01-01 15:10:00,1001.95,1002.01,1001.14,1001.21,3918.0
2025-01-01 15:15:00,1001.21,1002.04,1000.78,1001.61,9657.0
2025-01-01 15:20:00,1001.61,1001.79,1001.58,1001.73,3194.0
2025-01-01 15:25:00,1001.73,1002.34,1001.64,1002.28,11265.0
2025-01-02 09:15:00,1001.48,1001.79,1001.21,1001.67,1401.0
2025-01-02 09:20:00,1001.67,1002.13,1000.92,1001.22,5672.0
2025-01-02 09:25:00,1001.22,1001.84,1001.11,1001.6,6974.0
2025-01-02 09:30:00,1001.6,1003.33,1001.52,1002.41,10866.0
2025-01-02 09:35:00,1002.41,1002.66,1001.97,1002.54,16910.0
2025-01-02 09:40:00,1002.54,1002.85,1002.0,1002.82,8294.0
2025-01-02 09:45:00,1002.82,1003.03,1002.79,1002.86,10388.0
2025-01-02 09:50:00,1002.86,1003.51,1002.32,1002.86,1791.0
2025-01-02 09:55:00,1002.86,1003.69,1002.24,1002.28,3201.0
2025-01-02 10:00:00,1002.28,1002.77,1001.95,1002.53,2062.0
2025-01-02 10:05:00,1002.53,1002.77,1002.22,1002.46,2369.0
2025-01-02 10:10:00,1002.46,1004.77,1001.86,1004.14,17501.0
2025-01-02 10:15:00,1004.14,1006.0,1003.78,1005.4,16997.0
2025-01-02 10:20:00,1005.4,1005.86,1005.26,1005.71,16615.0
2025-01-02 10:25:00,1005.71,1006.05,1004.78,1005.1,2055.0
2025-01-02 10:30:00,1005.1,1005.33,1003.51,1004.2,2475.0
2025-01-02 10:35:00,1004.2,1005.49,1003.65,1005.16,6331.0
2025-01-02 10:40:00,1005.16,1005.8,1005.0,1005.37,11740.0
2025-01-02 10:45:00,1005.37,1005.85,1004.95,1005.76,7348.0
2025-01-02 10:50:00,1005.76,1005.85,1004.17,1004.36,10263.0
2025-01-02 10:55:00,1004.36,1005.21,1004.3,1005.1,4286.0
2025-01-02 11:00:00,1005.1,1005.81,1004.37,1005.47,14884.0
2025-01-02 11:05:00,1005.47,1005.53,1004.2,1004.57,6963.0
2025-01-02 11:10:00,1004.57,1004.64,1003.95,1004.2,2264.0
2025-01-02 11:15:00,1004.2,1004.56,1003.98,1004.41,15111.0
2025-01-02 11:20:00,1004.41,1004.85,1003.98,1004.45,18152.0
2025-01-02 11:25:00,1004.45,1004.88,1003.95,1004.22,1278.0
2025-01-02 11:30:00,1004.22,1004.27,1003.96,1004.13,9296.0
2025-01-02 11:35:00,1004.13,1004.73,1003.85,1003.93,16716.0
2025-01-02 11:40:00,1003.93,1004.35,1003.8,1004.05,14417.0
2025-01-02 11:45:00,1004.05,1005.57,1003.91,1005.23,17274.0
2025-01-02 11:50:00,1005.23,1005.32,1002.64,1003.17,8888.0
2025-01-02 11:55:00,1003.17,1003.51,1002.85,1002.98,8072.0
2025-01-02 12:00:00,1002.98,1003.13,1002.39,1003.12,14474.0
2025-01-02 12:05:00,1003.12,1003.9,1002.7,1003.36,3918.0
2025-01-02 12:10:00,1003.36,1003.71,1002.93,1003.06,5549.0
2025-01-02 12:15:00,1003.06,1003.4,1001.21,1001.65,12415.0
2025-01-02 12:20:00,1001.65,1002.14,1001.5,1001.92,13700.0
2025-01-02 12:25:00,1001.92,1004.24,1001.86,1003.3,3273.0
2025-01-02 12:30:00,1003.3,1003.39,1001.93,1002.07,10657.0
2025-01-02 12:35:00,1002.07,1003.57,1001.29,1002.77,7933.0
2025-01-02 12:40:00,1002.77,1003.41,1001.67,1002.5,10533.0
2025-01-02 12:45:00,1002.5,1002.69,1002.42,1002.45,19210.0
2025-01-02 12:50:00,1002.45,1002.5,1001.54,1001.61,2455.0
2025-01-02 12:55:00,1001.61,1002.13,1000.91,1001.34,19913.0
2025-01-02 13:00:00,1001.34,1003.03,1001.0,1002.38,9541.0
2025-01-02 13:05:00,1002.38,1003.35,1002.25,1002.85,15669.0
2025-01-02 13:10:00,1002.85,1004.88,1002.84,1004.24,9064.0
2025-01-02 13:15:00,1004.24,1005.51,1004.11,1005.19,6908.0
2025-01-02 13:20:00,1005.19,1005.72,1004.85,1005.54,15641.0
2025-01-02 13:25:00,1005.54,1007.16,1004.9,1006.94,14065.0
2025-01-02 13:30:00,1006.94,1007.41,1006.11,1007.3,3737.0
2025-01-02 13:35:00,1007.3,1008.53,1006.85,1007.97,14402.0
2025-01-02 13:40:00,1007.97,1008.9,1007.54,1007.73,15308.0
2025-01-02 13:45:00,1007.73,1007.8,1007.61,1007.78,8368.0
2025-01-02 13:50:00,1007.78,1007.97,1006.44,1007.22,18587.0
2025-01-02 13:55:00,1007.22,1008.2,1006.77,1008.02,13176.0
2025-01-02 14:00:00,1008.02,1008.3,1006.68,1007.07,7338.0
2025-01-02 14:05:00,1007.07,1007.75,1006.93,1007.7,1203.0
2025-01-02 14:10:00,1007.7,1008.0,1007.38,1007.54,13824.0
2025-01-02 14:15:00,1007.54,1008.58,1007.43,1008.49,4972.0
2025-01-02 14:20:00,1008.49,1009.31,1008.41,1009.09,15374.0
2025-01-02 14:25:00,1009.09,1010.85,1008.84,1010.56,10976.0
2025-01-02 14:30:00,1010.56,1011.23,1010.43,1011.15,9867.0
2025-01-02 14:35:00,1011.15,1011.23,1009.45,1009.88,4111.0
2025-01-02 14:40:00,1009.88,1010.22,1009.37,1009.83,14518.0
2025-01-02 14:45:00,1009.83,1009.99,1008.88,1008.88,4152.0
2025-01-02 14:50:00,1008.88,1009.09,1007.42,1008.47,8937.0
2025-01-02 14:55:00,1008.47,1009.79,1008.38,1009.69,16889.0
2025-01-02 15:00:00,1009.69,1010.25,1009.11,1010.2,18486.0
2025-01-02 15:05:00,1010.2,1010.54,1009.6,1009.64,19793.0
2025-01-02 15:10:00,1009.64,1010.44,1008.58,1008.82,19202.0
2025-01-02 15:15:00,1008.82,1009.37,1008.79,1008.84,11563.0
2025-01-02 15:20:00,1008.84,1009.44,1007.79,1007.86,4809.0
2025-01-02 15:25:00,1007.86,1008.8,1007.01,1007.32,16942.0
2025-01-03 09:15:00,1011.36,1011.46,1010.67,1011.2,18037.0
2025-01-03 09:20:00,1011.2,1013.06,1010.87,1012.34,15685.0
2025-01-03 09:25:00,1012.34,1012.55,1011.84,1011.98,19908.0
2025-01-03 09:30:00,1011.98,1013.39,1011.02,1013.16,17254.0
2025-01-03 09:35:00,1013.16,1013.78,1012.99,1013.27,6531.0
2025-01-03 09:40:00,1013.27,1013.73,1013.11,1013.48,5831.0
2025-01-03 09:45:00,1013.48,1015.0,1013.41,1014.75,5721.0
2025-01-03 09:50:00,1014.75,1014.96,1014.12,1014.45,18457.0
2025-01-03 09:55:00,1014.45,1014.76,1013.43,1013.69,11581.0
2025-01-03 10:00:00,1013.69,1013.87,1012.82,1013.32,9634.0
2025-01-03 10:05:00,1013.32,1014.37,1013.11,1013.69,19396.0
2025-01-03 10:10:00,1013.69,1013.91,1012.25,1012.42,12465.0
2025-01-03 10:15:00,1012.42,1013.36,1012.23,1012.94,18279.0
2025-01-03 10:20:00,1012.94,1013.03,1012.18,1012.5,19708.0
2025-01-03 10:25:00,1012.5,1014.01,1011.9,1013.43,2509.0
2025-01-03 10:30:00,1013.43,1013.61,1011.31,1011.49,7869.0
2025-01-03 10:35:00,1011.49,1011.82,1010.68,1010.86,14948.0
2025-01-03 10:40:00,1010.86,1011.38,1009.37,1009.49,16450.0
2025-01-03 10:45:00,1009.49,1009.78,1008.73,1008.83,3821.0
2025-01-03 10:50:00,1008.83,1009.12,1008.44,1009.03,7049.0
2025-01-03 10:55:00,1009.03,1009.27,1007.97,1008.88,11415.0
2025-01-03 11:00:00,1008.88,1009.47,1008.34,1008.68,16185.0
2025-01-03 11:05:00,1008.68,1008.86,1008.23,1008.55,3146.0
2025-01-03 11:10:00,1008.55,1008.73,1007.61,1008.71,12413.0
2025-01-03 11:15:00,1008.71,1008.82,1007.51,1007.9,6632.0
2025-01-03 11:20:00,1007.9,1008.72,1007.53,1008.47,5110.0
2025-01-03 11:25:00,1008.47,1009.19,1008.39,1009.0,10792.0
2025-01-03 11:30:00,1009.0,1009.53,1008.56,1009.32,8866.0
2025-01-03 11:35:00,1009.32,1009.93,1009.22,1009.76,13078.0
2025-01-03 11:40:00,1009.76,1010.55,1009.35,1010.0,7035.0
2025-01-03 11:45:00,1010.0,1012.07,1009.98,1011.65,16642.0
2025-01-03 11:50:00,1011.65,1012.63,1011.15,1011.58,2484.0
2025-01-03 11:55:00,1011.58,1012.23,1010.94,1011.33,17375.0
2025-01-03 12:00:00,1011.33,1012.36,1010.35,1010.72,1566.0
2025-01-03 12:05:00,1010.72,1010.89,1009.66,1009.89,14982.0
2025-01-03 12:10:00,1009.89,1010.67,1008.79,1008.88,7583.0
2025-01-03 12:15:00,1008.88,1009.01,1007.9,1008.17,8283.0
2025-01-03 12:20:00,1008.17,1008.28,1008.1,1008.11,1361.0
2025-01-03 12:25:00,1008.11,1008.45,1007.83,1008.38,14339.0
2025-01-03 12:30:00,1008.38,1008.87,1007.96,1008.42,4144.0
2025-01-03 12:35:00,1008.42,1008.65,1007.8,1007.8,13523.0
2025-01-03 12:40:00,1007.8,1008.74,1007.72,1008.53,14778.0
2025-01-03 12:45:00,1008.53,1009.73,1008.04,1009.12,17059.0
2025-01-03 12:50:00,1009.12,1009.41,1008.36,1009.0,14453.0
2025-01-03 12:55:00,1009.0,1009.82,1008.19,1008.47,6728.0
2025-01-03 13:00:00,1008.47,1008.98,1008.33,1008.91,15033.0
2025-01-03 13:05:00,1008.91,1009.2,1008.5,1009.06,16693.0
2025-01-03 13:10:00,1009.06,1009.12,1007.86,1007.89,7025.0
2025-01-03 13:15:00,1007.89,1008.14,1007.39,1007.84,3359.0
2025-01-03 13:20:00,1007.84,1008.75,1006.92,1008.05,17910.0
2025-01-03 13:25:00,1008.05,1008.12,1006.72,1007.33,3810.0
2025-01-03 13:30:00,1007.33,1007.64,1006.95,1007.48,12282.0
2025-01-03 13:35:00,1007.48,1008.22,1005.72,1006.31,5489.0
2025-01-03 13:40:00,1006.31,1007.45,1006.19,1007.38,3394.0
2025-01-03 13:45:00,1007.38,1009.06,1007.07,1008.39,15751.0
2025-01-03 13:50:00,1008.39,1008.83,1007.73,1008.19,3730.0
2025-01-03 13:55:00,1008.19,1008.72,1007.73,1008.48,13734.0
2025-01-03 14:00:00,1008.48,1008.61,1006.36,1006.54,14168.0
2025-01-03 14:05:00,1006.54,1006.89,1005.58,1005.61,2144.0
2025-01-03 14:10:00,1005.61,1005.68,1005.15,1005.37,4285.0
2025-01-03 14:15:00,1005.37,1005.86,1004.43,1004.51,16092.0
2025-01-03 14:20:00,1004.51,1005.21,1004.4,1005.08,10638.0
2025-01-03 14:25:00,1005.08,1007.37,1005.02,1006.69,3305.0
2025-01-03 14:30:00,1006.69,1006.7,1005.43,1005.74,19843.0
2025-01-03 14:35:00,1005.74,1006.1,1004.74,1005.07,6034.0
2025-01-03 14:40:00,1005.07,1005.4,1004.42,1005.26,1076.0
2025-01-03 14:45:00,1005.26,1006.59,1004.35,1006.55,18559.0
2025-01-03 14:50:00,1006.55,1007.24,1005.17,1005.57,1315.0
2025-01-03 14:55:00,1005.57,1006.42,1005.09,1005.77,11513.0
2025-01-03 15:00:00,1005.77,1007.43,1005.36,1007.24,19868.0
2025-01-03 15:05:00,1007.24,1007.45,1005.16,1005.91,11978.0
2025-01-03 15:10:00,1005.91,1006.94,1004.84,1004.88,12108.0
2025-01-03 15:15:00,1004.88,1005.19,1004.16,1004.54,8375.0
2025-01-03 15:20:00,1004.54,1004.65,1003.4,1004.12,3411.0
2025-01-03 15:25:00,1004.12,1005.06,1003.91,1004.77,11881.0
2025-01-06 09:15:00,1004.9,1004.93,1004.71,1004.74,18048.0
2025-01-06 09:20:00,1004.74,1004.77,1003.49,1003.87,4085.0
2025-01-06 09:25:00,1003.87,1004.15,1003.4,1003.75,15784.0
2025-01-06 09:30:00,1003.75,1004.08,1003.07,1003.15,18854.0
2025-01-06 09:35:00,1003.15,1003.69,1001.79,1002.15,17351.0
2025-01-06 09:40:00,1002.15,1002.72,1001.95,1002.56,15273.0
2025-01-06 09:45:00,1002.56,1003.11,1002.08,1002.87,5686.0
2025-01-06 09:50:00,1002.87,1002.89,1001.32,1001.44,18350.0
2025-01-06 09:55:00,1001.44,1001.55,1001.2,1001.34,13689.0
2025-01-06 10:00:00,1001.34,1002.54,1001.21,1002.14,4271.0
2025-01-06 10:05:00,1002.14,1003.28,1000.96,1002.99,3457.0
2025-01-06 10:10:00,1002.99,1003.84,1002.84,1003.81,17552.0
2025-01-06 10:15:00,1003.81,1004.6,1002.35,1003.84,6227.0
2025-01-06 10:20:00,1003.84,1004.63,1002.47,1003.17,15551.0
2025-01-06 10:25:00,1003.17,1003.17,1002.11,1002.3,3634.0
2025-01-06 10:30:00,1002.3,1002.66,1002.1,1002.57,6330.0
2025-01-06 10:35:00,1002.57,1002.92,1002.11,1002.88,6386.0
2025-01-06 10:40:00,1002.88,1003.92,1002.59,1003.91,6340.0
2025-01-06 10:45:00,1003.91,1004.88,1003.36,1004.79,13819.0
2025-01-06 10:50:00,1004.79,1005.17,1004.49,1004.69,18373.0
2025-01-06 10:55:00,1004.69,1005.13,1002.79,1003.69,18296.0
2025-01-06 11:00:00,1003.69,1004.16,1003.43,1003.43,15089.0
2025-01-06 11:05:00,1003.43,1004.04,1003.27,1003.61,4847.0
2025-01-06 11:10:00,1003.61,1003.72,1002.79,1003.44,19251.0
2025-01-06 11:15:00,1003.44,1003.94,1002.93,1002.98,11299.0
2025-01-06 11:20:00,1002.98,1003.36,1002.58,1003.18,11373.0
2025-01-06 11:25:00,1003.18,1004.19,1002.73,1002.78,14326.0
2025-01-06 11:30:00,1002.78,1003.46,1002.26,1002.27,15612.0
2025-01-06 11:35:00,1002.27,1002.86,1001.73,1002.52,19105.0
2025-01-06 11:40:00,1002.52,1002.75,1002.1,1002.2,12065.0
2025-01-06 11:45:00,1002.2,1002.56,1001.9,1002.4,12591.0
2025-01-06 11:50:00,1002.4,1002.63,1002.03,1002.62,15165.0
2025-01-06 11:55:00,1002.62,1002.74,1001.69,1001.7,5847.0
2025-01-06 12:00:00,1001.7,1002.12,1001.2,1001.32,6846.0
2025-01-06 12:05:00,1001.32,1002.74,1001.28,1002.47,12884.0
2025-01-06 12:10:00,1002.47,1002.82,1001.45,1001.54,2218.0
2025-01-06 12:15:00,1001.54,1001.73,999.6,999.84,7089.0
2025-01-06 12:20:00,999.84,1000.46,997.96,998.36,14641.0
2025-01-06 12:25:00,998.36,998.54,997.94,998.38,19546.0
2025-01-06 12:30:00,998.38,998.45,997.94,998.4,10870.0
2025-01-06 12:35:00,998.4,998.46,998.15,998.31,8593.0
2025-01-06 12:40:00,998.31,999.92,997.74,999.28,9367.0
2025-01-06 12:45:00,999.28,999.53,996.97,997.15,14023.0
2025-01-06 12:50:00,997.15,998.28,996.96,997.46,11345.0
2025-01-06 12:55:00,997.46,998.8,996.85,998.71,1441.0
2025-01-06 13:00:00,998.71,999.22,997.72,997.81,11245.0
2025-01-06 13:05:00,997.81,997.84,997.21,997.5,8601.0
2025-01-06 13:10:00,997.5,997.93,996.75,996.9,14315.0
2025-01-06 13:15:00,996.9,997.2,995.94,996.19,17627.0
2025-01-06 13:20:00,996.19,996.35,995.37,995.93,19286.0
2025-01-06 13:25:00,995.93,997.29,995.8,997.07,12594.0
2025-01-06 13:30:00,997.07,998.78,996.95,998.54,7888.0
2025-01-06 13:35:00,998.54,998.93,998.07,998.27,9434.0
2025-01-06 13:40:00,998.27,1000.25,997.92,999.79,4352.0
2025-01-06 13:45:00,999.79,1000.39,999.2,999.82,18782.0
2025-01-06 13:50:00,999.82,1001.43,999.1,1001.22,17098.0
2025-01-06 13:55:00,1001.22,1001.77,1000.62,1001.15,17225.0
2025-01-06 14:00:00,1001.15,1002.01,1001.1,1001.25,7234.0
2025-01-06 14:05:00,1001.25,1001.67,1001.11,1001.55,7122.0
2025-01-06 14:10:00,1001.55,1004.44,1001.24,1004.1,17275.0
2025-01-06 14:15:00,1004.1,1004.83,1004.05,1004.78,11346.0
2025-01-06 14:20:00,1004.78,1005.01,1004.16,1004.21,14388.0
2025-01-06 14:25:00,1004.21,1005.06,1003.88,1004.99,10306.0
2025-01-06 14:30:00,1004.99,1005.75,1004.68,1004.7,9412.0
2025-01-06 14:35:00,1004.7,1004.77,1004.01,1004.31,13011.0
2025-01-06 14:40:00,1004.31,1005.2,1004.14,1005.04,16446.0
2025-01-06 14:45:00,1005.04,1005.15,1004.78,1005.06,7348.0
2025-01-06 14:50:00,1005.06,1005.32,1005.06,1005.28,16373.0
2025-01-06 14:55:00,1005.28,1005.3,1005.15,1005.3,5639.0
2025-01-06 15:00:00,1005.3,1005.75,1005.03,1005.57,8653.0
2025-01-06 15:05:00,1005.57,1006.38,1005.42,1005.91,18340.0
2025-01-06 15:10:00,1005.91,1006.57,1004.05,1004.35,19134.0
2025-01-06 15:15:00,1004.35,1005.01,1004.2,1004.89,18553.0
2025-01-06 15:20:00,1004.89,1005.12,1003.6,1004.1,7004.0
2025-01-06 15:25:00,1004.1,1004.56,1002.36,1002.94,17023.0
2025-01-07 09:15:00,1004.26,1004.36,1002.73,1003.26,19598.0
2025-01-07 09:20:00,1003.26,1003.97,1002.9,1003.1,1087.0
2025-01-07 09:25:00,1003.1,1003.22,1002.93,1003.18,12715.0
2025-01-07 09:30:00,1003.18,1005.25,1003.14,1005.15,1732.0
2025-01-07 09:35:00,1005.15,1005.99,1003.78,1004.04,18778.0
2025-01-07 09:40:00,1004.04,1005.58,1003.77,1005.22,13927.0
2025-01-07 09:45:00,1005.22,1005.45,1004.94,1005.34,18355.0
2025-01-07 09:50:00,1005.34,1005.95,1004.99,1005.68,11690.0
2025-01-07 09:55:00,1005.68,1006.33,1004.76,1005.77,2581.0
2025-01-07 10:00:00,1005.77,1006.19,1005.65,1006.13,1504.0
2025-01-07 10:05:00,1006.13,1006.65,1005.65,1006.0,7375.0
2025-01-07 10:10:00,1006.0,1007.2,1005.81,1007.18,15125.0
2025-01-07 10:15:00,1007.18,1007.19,1006.73,1006.81,3869.0
2025-01-07 10:20:00,1006.81,1007.76,1006.52,1007.72,17190.0
2025-01-07 10:25:00,1007.72,1007.72,1006.13,1007.2,5550.0
2025-01-07 10:30:00,1007.2,1007.89,1006.6,1007.15,10431.0
2025-01-07 10:35:00,1007.15,1008.09,1005.56,1006.29,4858.0
2025-01-07 10:40:00,1006.29,1007.46,1005.38,1006.66,9849.0
2025-01-07 10:45:00,1006.66,1008.04,1006.17,1007.82,9591.0
2025-01-07 10:50:00,1007.82,1007.83,1007.22,1007.76,1103.0
2025-01-07 10:55:00,1007.76,1008.04,1007.58,1007.6,11788.0
2025-01-07 11:00:00,1007.6,1007.79,1006.18,1006.7,15946.0
2025-01-07 11:05:00,1006.7,1006.86,1006.35,1006.52,18789.0
2025-01-07 11:10:00,1006.52,1006.93,1004.92,1005.23,7283.0
2025-01-07 11:15:00,1005.23,1005.65,1004.14,1004.5,17731.0
2025-01-07 11:20:00,1004.5,1004.76,1004.29,1004.68,17696.0
2025-01-07 11:25:00,1004.68,1006.13,1004.39,1005.74,19779.0
2025-01-07 11:30:00,1005.74,1008.12,1005.51,1008.01,8088.0
2025-01-07 11:35:00,1008.01,1008.23,1007.31,1007.53,17166.0
2025-01-07 11:40:00,1007.53,1008.97,1007.3,1008.69,11736.0
2025-01-07 11:45:00,1008.69,1008.93,1008.47,1008.89,2107.0
2025-01-07 11:50:00,1008.89,1008.89,1008.31,1008.77,6136.0
2025-01-07 11:55:00,1008.77,1009.71,1008.29,1009.11,13768.0
2025-01-07 12:00:00,1009.11,1010.15,1009.08,1009.16,4051.0
2025-01-07 12:05:00,1009.16,1009.83,1009.03,1009.25,9259.0
2025-01-07 12:10:00,1009.25,1009.73,1008.6,1008.92,15723.0
2025-01-07 12:15:00,1008.92,1009.07,1007.79,1007.8,3845.0
2025-01-07 12:20:00,1007.8,1007.9,1006.32,1006.55,10435.0
2025-01-07 12:25:00,1006.55,1007.69,1006.3,1007.08,5082.0
2025-01-07 12:30:00,1007.08,1007.48,1006.23,1006.86,11193.0
2025-01-07 12:35:00,1006.86,1007.2,1005.86,1006.38,5573.0
2025-01-07 12:40:00,1006.38,1007.37,1005.97,1006.38,19342.0
2025-01-07 12:45:00,1006.38,1007.75,1005.7,1007.02,2457.0
2025-01-07 12:50:00,1007.02,1007.33,1006.81,1007.17,19308.0
2025-01-07 12:55:00,1007.17,1007.31,1006.22,1006.64,16045.0
2025-01-07 13:00:00,1006.64,1008.09,1006.61,1007.63,17257.0
2025-01-07 13:05:00,1007.63,1009.67,1007.46,1008.9,17178.0
2025-01-07 13:10:00,1008.9,1009.35,1008.17,1009.3,4564.0
2025-01-07 13:15:00,1009.3,1010.49,1009.23,1010.09,18690.0
2025-01-07 13:20:00,1010.09,1011.13,1009.46,1011.09,12291.0
2025-01-07 13:25:00,1011.09,1012.65,1010.7,1012.01,19280.0
2025-01-07 13:30:00,1012.01,1012.81,1011.39,1012.5,17684.0
2025-01-07 13:35:00,1012.5,1013.05,1012.18,1012.99,12012.0
2025-01-07 13:40:00,1012.99,1013.56,1012.87,1013.41,8114.0
2025-01-07 13:45:00,1013.41,1013.58,1012.23,1012.52,3228.0
2025-01-07 13:50:00,1012.52,1013.62,1012.27,1013.09,2921.0
2025-01-07 13:55:00,1013.09,1013.43,1011.68,1011.99,8404.0
2025-01-07 14:00:00,1011.99,1012.31,1011.33,1011.35,16408.0
2025-01-07 14:05:00,1011.35,1012.66,1010.64,1012.4,10601.0
2025-01-07 14:10:00,1012.4,1013.09,1012.21,1013.08,10153.0
2025-01-07 14:15:00,1013.08,1014.85,1012.68,1014.29,5644.0
2025-01-07 14:20:00,1014.29,1014.42,1014.03,1014.07,11723.0
2025-01-07 14:25:00,1014.07,1014.22,1012.81,1013.13,13123.0
2025-01-07 14:30:00,1013.13,1013.38,1012.76,1012.94,19660.0
2025-01-07 14:35:00,1012.94,1013.08,1012.92,1013.02,14858.0
2025-01-07 14:40:00,1013.02,1013.71,1012.97,1013.09,12537.0
2025-01-07 14:45:00,1013.09,1014.41,1012.75,1014.0,18291.0
2025-01-07 14:50:00,1014.0,1014.11,1013.44,1013.71,9074.0
2025-01-07 14:55:00,1013.71,1014.3,1013.45,1014.0,18764.0
2025-01-07 15:00:00,1014.0,1014.78,1012.95,1013.2,8029.0
2025-01-07 15:05:00,1013.2,1014.36,1012.57,1013.56,3427.0
2025-01-07 15:10:00,1013.56,1014.06,1012.97,1013.56,8934.0
2025-01-07 15:15:00,1013.56,1013.94,1012.8,1012.96,3446.0
2025-01-07 15:20:00,1012.96,1013.56,1012.61,1012.76,3249.0
2025-01-07 15:25:00,1012.76,1013.19,1012.36,1012.61,17742.0
2025-01-08 09:15:00,1010.56,1011.03,1010.38,1010.89,16100.0
2025-01-08 09:20:00,1010.89,1011.72,1010.49,1011.35,15640.0
2025-01-08 09:25:00,1011.35,1013.11,1011.33,1012.83,19901.0
2025-01-08 09:30:00,1012.83,1013.43,1012.15,1012.67,13690.0
2025-01-08 09:35:00,1012.67,1013.19,1012.12,1012.98,17585.0
2025-01-08 09:40:00,1012.98,1013.16,1011.19,1011.77,3252.0
2025-01-08 09:45:00,1011.77,1013.49,1011.06,1012.74,17908.0
2025-01-08 09:50:00,1012.74,1013.49,1012.08,1012.12,4046.0
2025-01-08 09:55:00,1012.12,1012.36,1011.21,1011.67,6972.0
2025-01-08 10:00:00,1011.67,1011.74,1011.64,1011.65,3435.0
2025-01-08 10:05:00,1011.65,1011.88,1009.47,1010.38,8631.0
2025-01-08 10:10:00,1010.38,1011.14,1010.31,1010.57,15230.0
2025-01-08 10:15:00,1010.57,1011.83,1010.5,1011.35,6093.0
2025-01-08 10:20:00,1011.35,1011.72,1010.5,1011.59,16621.0
2025-01-08 10:25:00,1011.59,1011.67,1009.71,1010.3,12519.0
2025-01-08 10:30:00,1010.3,1010.5,1010.05,1010.2,12949.0
2025-01-08 10:35:00,1010.2,1011.04,1009.51,1010.8,18837.0
2025-01-08 10:40:00,1010.8,1011.08,1009.1,1009.29,9205.0
2025-01-08 10:45:00,1009.29,1009.39,1008.19,1008.42,7548.0
2025-01-08 10:50:00,1008.42,1009.39,1008.37,1009.13,19896.0
2025-01-08 10:55:00,1009.13,1009.35,1008.99,1009.34,11583.0
2025-01-08 11:00:00,1009.34,1009.88,1009.03,1009.68,12677.0
2025-01-08 11:05:00,1009.68,1011.35,1009.35,1011.18,6629.0
2025-01-08 11:10:00,1011.18,1012.46,1010.82,1011.56,5093.0
2025-01-08 11:15:00,1011.56,1012.73,1011.0,1012.09,4226.0
2025-01-08 11:20:00,1012.09,1014.8,1011.96,1014.29,5247.0
2025-01-08 11:25:00,1014.29,1014.84,1014.04,1014.12,4708.0
2025-01-08 11:30:00,1014.12,1014.46,1013.22,1013.47,15187.0
2025-01-08 11:35:00,1013.47,1014.72,1013.46,1013.82,2100.0
2025-01-08 11:40:00,1013.82,1014.58,1013.56,1014.17,12958.0
2025-01-08 11:45:00,1014.17,1014.57,1013.31,1013.74,19036.0
2025-01-08 11:50:00,1013.74,1013.76,1012.76,1012.91,15545.0
2025-01-08 11:55:00,1012.91,1014.87,1012.46,1014.78,8654.0
2025-01-08 12:00:00,1014.78,1015.13,1014.65,1015.05,2128.0
2025-01-08 12:05:00,1015.05,1015.2,1013.98,1014.45,16848.0
2025-01-08 12:10:00,1014.45,1015.76,1014.16,1015.19,1059.0
2025-01-08 12:15:00,1015.19,1015.27,1014.63,1015.11,13945.0
2025-01-08 12:20:00,1015.11,1015.48,1014.67,1014.9,13748.0
2025-01-08 12:25:00,1014.9,1015.69,1014.65,1015.36,4646.0
2025-01-08 12:30:00,1015.36,1015.73,1013.77,1014.31,15057.0
2025-01-08 12:35:00,1014.31,1014.86,1014.17,1014.59,4333.0
2025-01-08 12:40:00,1014.59,1016.45,1014.51,1016.15,5287.0
2025-01-08 12:45:00,1016.15,1016.64,1015.95,1016.53,16427.0
2025-01-08 12:50:00,1016.53,1016.91,1015.37,1016.22,19603.0
2025-01-08 12:55:00,1016.22,1016.57,1015.79,1015.81,6029.0
2025-01-08 13:00:00,1015.81,1016.47,1014.67,1015.48,18505.0
2025-01-08 13:05:00,1015.48,1015.57,1015.22,1015.27,18352.0
2025-01-08 13:10:00,1015.27,1015.3,1014.94,1014.96,15618.0
2025-01-08 13:15:00,1014.96,1015.89,1014.74,1015.71,3661.0
2025-01-08 13:20:00,1015.71,1016.91,1013.94,1014.3,6688.0
2025-01-08 13:25:00,1014.3,1015.51,1013.49,1015.0,13876.0
2025-01-08 13:30:00,1015.0,1015.45,1014.01,1014.69,19985.0
2025-01-08 13:35:00,1014.69,1015.27,1014.61,1015.0,16475.0
2025-01-08 13:40:00,1015.0,1015.14,1013.79,1014.08,8985.0
2025-01-08 13:45:00,1014.08,1015.73,1013.55,1015.16,5469.0
2025-01-08 13:50:00,1015.16,1016.76,1015.03,1016.17,19246.0
2025-01-08 13:55:00,1016.17,1017.01,1015.39,1016.95,6247.0
2025-01-08 14:00:00,1016.95,1017.07,1015.21,1015.72,7502.0
2025-01-08 14:05:00,1015.72,1017.34,1014.61,1016.4,19325.0
2025-01-08 14:10:00,1016.4,1017.34,1016.3,1016.73,11671.0
2025-01-08 14:15:00,1016.73,1016.85,1015.34,1015.42,6027.0
2025-01-08 14:20:00,1015.42,1015.66,1015.23,1015.4,1101.0
2025-01-08 14:25:00,1015.4,1015.83,1014.96,1015.7,9169.0
2025-01-08 14:30:00,1015.7,1016.36,1015.21,1016.15,19734.0
2025-01-08 14:35:00,1016.15,1016.34,1016.08,1016.29,9217.0
2025-01-08 14:40:00,1016.29,1016.69,1015.43,1016.53,14291.0
2025-01-08 14:45:00,1016.53,1018.33,1016.28,1017.73,5807.0
2025-01-08 14:50:00,1017.73,1018.77,1017.5,1018.73,15736.0
2025-01-08 14:55:00,1018.73,1019.66,1016.27,1016.39,15740.0
2025-01-08 15:00:00,1016.39,1016.43,1015.74,1016.14,12557.0
2025-01-08 15:05:00,1016.14,1016.86,1015.53,1016.0,15665.0
2025-01-08 15:10:00,1016.0,1016.15,1013.76,1014.58,11997.0
2025-01-08 15:15:00,1014.58,1015.05,1014.19,1014.66,8188.0
2025-01-08 15:20:00,1014.66,1015.96,1014.35,1015.67,15019.0
2025-01-08 15:25:00,1015.67,1016.02,1014.1,1014.79,16867.0
2025-01-09 09:15:00,1010.94,1011.48,1010.56,1010.97,4709.0
2025-01-09 09:20:00,1010.97,1012.02,1010.75,1011.8,7198.0
2025-01-09 09:25:00,1011.8,1011.96,1009.98,1010.01,8510.0
2025-01-09 09:30:00,1010.01,1010.38,1009.99,1010.29,13189.0
2025-01-09 09:35:00,1010.29,1011.88,1010.25,1011.25,6853.0
2025-01-09 09:40:00,1011.25,1011.41,1011.11,1011.13,8832.0
2025-01-09 09:45:00,1011.13,1012.28,1011.04,1011.57,6502.0
2025-01-09 09:50:00,1011.57,1011.88,1010.42,1011.0,15433.0
2025-01-09 09:55:00,1011.0,1011.06,1010.7,1010.91,3907.0
2025-01-09 10:00:00,1010.91,1011.87,1009.23,1009.6,5382.0
2025-01-09 10:05:00,1009.6,1010.04,1007.15,1007.7,5749.0
2025-01-09 10:10:00,1007.7,1008.51,1007.63,1008.47,18210.0
2025-01-09 10:15:00,1008.47,1009.19,1007.34,1007.67,18945.0
2025-01-09 10:20:00,1007.67,1008.15,1007.26,1007.3,10503.0
2025-01-09 10:25:00,1007.3,1007.58,1006.03,1006.19,3971.0
2025-01-09 10:30:00,1006.19,1006.28,1004.46,1005.05,15365.0
2025-01-09 10:35:00,1005.05,1005.05,1004.71,1004.91,10349.0
2025-01-09 10:40:00,1004.91,1005.03,1003.8,1004.33,17144.0
2025-01-09 10:45:00,1004.33,1004.91,1004.06,1004.63,7839.0
2025-01-09 10:50:00,1004.63,1005.03,1004.32,1004.99,19977.0
2025-01-09 10:55:00,1004.99,1005.89,1004.76,1005.25,16333.0
2025-01-09 11:00:00,1005.25,1005.5,1005.13,1005.44,5254.0
2025-01-09 11:05:00,1005.44,1006.9,1005.25,1006.71,14785.0
2025-01-09 11:10:00,1006.71,1006.81,1005.5,1005.85,6450.0
2025-01-09 11:15:00,1005.85,1006.5,1005.5,1005.81,7646.0
2025-01-09 11:20:00,1005.81,1007.12,1005.56,1006.72,5758.0
2025-01-09 11:25:00,1006.72,1007.89,1006.46,1007.74,13962.0
2025-01-09 11:30:00,1007.74,1008.03,1006.37,1006.6,5994.0
2025-01-09 11:35:00,1006.6,1006.71,1005.9,1006.34,13137.0
2025-01-09 11:40:00,1006.34,1008.04,1006.09,1007.44,12066.0
2025-01-09 11:45:00,1007.44,1008.26,1006.75,1007.85,15265.0
2025-01-09 11:50:00,1007.85,1008.22,1006.93,1008.0,19876.0
2025-01-09 11:55:00,1008.0,1008.5,1007.41,1007.83,1167.0
2025-01-09 12:00:00,1007.83,1008.09,1007.49,1007.52,19815.0
2025-01-09 12:05:00,1007.52,1008.01,1007.05,1007.75,3077.0
2025-01-09 12:10:00,1007.75,1007.97,1007.24,1007.55,11008.0
2025-01-09 12:15:00,1007.55,1007.65,1007.26,1007.51,7476.0
2025-01-09 12:20:00,1007.51,1007.63,1007.09,1007.58,13141.0
2025-01-09 12:25:00,1007.58,1007.93,1006.61,1007.03,14712.0
2025-01-09 12:30:00,1007.03,1007.68,1006.97,1007.46,17339.0
2025-01-09 12:35:00,1007.46,1010.45,1006.97,1009.81,8637.0
2025-01-09 12:40:00,1009.81,1010.37,1008.04,1008.38,18725.0
2025-01-09 12:45:00,1008.38,1008.85,1008.01,1008.64,7126.0
2025-01-09 12:50:00,1008.64,1009.14,1006.89,1008.03,4873.0
2025-01-09 12:55:00,1008.03,1008.66,1007.84,1008.49,8203.0
2025-01-09 13:00:00,1008.49,1008.72,1008.46,1008.53,11042.0
2025-01-09 13:05:00,1008.53,1010.1,1008.01,1009.14,13695.0
2025-01-09 13:10:00,1009.14,1010.8,1008.46,1010.09,16823.0
2025-01-09 13:15:00,1010.09,1010.33,1009.64,1010.25,5272.0
2025-01-09 13:20:00,1010.25,1011.62,1010.13,1011.16,6760.0
2025-01-09 13:25:00,1011.16,1011.36,1008.73,1009.27,18834.0
2025-01-09 13:30:00,1009.27,1010.61,1009.18,1010.55,9356.0
2025-01-09 13:35:00,1010.55,1011.8,1010.1,1010.86,5589.0
2025-01-09 13:40:00,1010.86,1011.83,1010.27,1011.73,19726.0
2025-01-09 13:45:00,1011.73,1012.5,1010.42,1010.74,9530.0
2025-01-09 13:50:00,1010.74,1010.93,1010.03,1010.07,19715.0
2025-01-09 13:55:00,1010.07,1010.29,1009.09,1010.19,18467.0
2025-01-09 14:00:00,1010.19,1010.6,1009.78,1010.18,18216.0
2025-01-09 14:05:00,1010.18,1010.47,1009.9,1010.4,12054.0
2025-01-09 14:10:00,1010.4,1011.52,1009.91,1011.28,16170.0
2025-01-09 14:15:00,1011.28,1012.2,1009.41,1009.85,19250.0
2025-01-09 14:20:00,1009.85,1010.9,1009.21,1010.64,6113.0
2025-01-09 14:25:00,1010.64,1010.69,1010.52,1010.65,1717.0
2025-01-09 14:30:00,1010.65,1011.06,1010.07,1010.48,7096.0
2025-01-09 14:35:00,1010.48,1010.53,1008.63,1009.29,13101.0
2025-01-09 14:40:00,1009.29,1009.94,1009.29,1009.7,11398.0
2025-01-09 14:45:00,1009.7,1009.91,1007.64,1007.75,2531.0
2025-01-09 14:50:00,1007.75,1008.52,1007.63,1008.28,11654.0
2025-01-09 14:55:00,1008.28,1008.82,1006.33,1007.07,4313.0
2025-01-09 15:00:00,1007.07,1007.54,1006.94,1007.12,10604.0
2025-01-09 15:05:00,1007.12,1007.68,1006.89,1007.02,11938.0
2025-01-09 15:10:00,1007.02,1008.23,1006.96,1007.96,13096.0
2025-01-09 15:15:00,1007.96,1008.74,1007.59,1007.82,8838.0
2025-01-09 15:20:00,1007.82,1008.27,1007.08,1007.26,8758.0
2025-01-09 15:25:00,1007.26,1007.3,1006.83,1006.85,13892.0
2025-01-10 09:15:00,1004.13,1005.35,1003.5,1003.66,15234.0
2025-01-10 09:20:00,1003.66,1003.91,1003.44,1003.67,15856.0
2025-01-10 09:25:00,1003.67,1004.79,1003.57,1004.37,4380.0
2025-01-10 09:30:00,1004.37,1004.5,1002.78,1003.17,9538.0
2025-01-10 09:35:00,1003.17,1003.76,1002.08,1002.12,12649.0
2025-01-10 09:40:00,1002.12,1002.56,1000.33,1000.49,7605.0
2025-01-10 09:45:00,1000.49,1000.92,1000.37,1000.51,1268.0
2025-01-10 09:50:00,1000.51,1001.28,999.58,999.62,2395.0
2025-01-10 09:55:00,999.62,1000.07,999.1,999.31,18625.0
2025-01-10 10:00:00,999.31,999.86,998.43,999.84,12497.0
2025-01-10 10:05:00,999.84,1000.32,999.15,999.33,6026.0
2025-01-10 10:10:00,999.33,999.75,999.06,999.51,5917.0
2025-01-10 10:15:00,999.51,999.92,999.1,999.27,1751.0
2025-01-10 10:20:00,999.27,1000.16,999.17,999.81,18950.0
2025-01-10 10:25:00,999.81,1000.48,999.25,1000.19,3056.0
2025-01-10 10:30:00,1000.19,1000.88,999.19,999.64,15429.0
2025-01-10 10:35:00,999.64,999.8,999.46,999.5,5564.0
2025-01-10 10:40:00,999.5,1000.68,999.06,1000.34,7376.0
2025-01-10 10:45:00,1000.34,1001.17,999.86,1000.65,6204.0
2025-01-10 10:50:00,1000.65,1001.19,999.28,999.53,16665.0
2025-01-10 10:55:00,999.53,1000.7,999.03,1000.06,1623.0
2025-01-10 11:00:00,1000.06,1000.07,998.48,999.19,7693.0
2025-01-10 11:05:00,999.19,1000.79,998.93,1000.32,6307.0
2025-01-10 11:10:00,1000.32,1001.41,1000.32,1001.14,6186.0
2025-01-10 11:15:00,1001.14,1001.69,1000.5,1001.37,4665.0
2025-01-10 11:20:00,1001.37,1002.01,1001.31,1001.5,18336.0
2025-01-10 11:25:00,1001.5,1001.54,1001.32,1001.33,8193.0
2025-01-10 11:30:00,1001.33,1002.37,1001.07,1001.88,8945.0
2025-01-10 11:35:00,1001.88,1002.75,1001.35,1001.58,8318.0
2025-01-10 11:40:00,1001.58,1001.92,1001.39,1001.77,19624.0
2025-01-10 11:45:00,1001.77,1003.19,1001.76,1002.47,7441.0
2025-01-10 11:50:00,1002.47,1002.77,1001.7,1002.02,7492.0
2025-01-10 11:55:00,1002.02,1002.38,1001.47,1001.52,7230.0
2025-01-10 12:00:00,1001.52,1001.87,1000.54,1000.57,7212.0
2025-01-10 12:05:00,1000.57,1001.37,999.18,999.71,2704.0
2025-01-10 12:10:00,999.71,999.74,997.66,998.25,12481.0
2025-01-10 12:15:00,998.25,998.93,998.03,998.84,1478.0
2025-01-10 12:20:00,998.84,1000.99,997.8,1000.28,5293.0
2025-01-10 12:25:00,1000.28,1001.69,1000.2,1001.42,4840.0
2025-01-10 12:30:00,1001.42,1001.51,999.93,1000.12,6538.0
2025-01-10 12:35:00,1000.12,1001.11,999.6,1000.7,15376.0
2025-01-10 12:40:00,1000.7,1002.2,1000.5,1001.84,12390.0
2025-01-10 12:45:00,1001.84,1002.32,1001.21,1001.47,19825.0
2025-01-10 12:50:00,1001.47,1001.67,1001.32,1001.56,7672.0
2025-01-10 12:55:00,1001.56,1001.79,999.9,999.95,18641.0
2025-01-10 13:00:00,999.95,1000.23,999.65,1000.16,1853.0
2025-01-10 13:05:00,1000.16,1000.42,999.13,999.31,10580.0
2025-01-10 13:10:00,999.31,999.58,998.91,999.47,16178.0
2025-01-10 13:15:00,999.47,999.56,997.83,998.22,11104.0
2025-01-10 13:20:00,998.22,998.95,998.11,998.66,18732.0
2025-01-10 13:25:00,998.66,999.67,998.29,999.48,6977.0
2025-01-10 13:30:00,999.48,999.57,998.59,998.85,1633.0
2025-01-10 13:35:00,998.85,998.88,997.18,997.94,15704.0
2025-01-10 13:40:00,997.94,998.11,995.92,996.22,2292.0
2025-01-10 13:45:00,996.22,996.54,995.46,996.01,15530.0
2025-01-10 13:50:00,996.01,996.1,995.15,995.55,14934.0
2025-01-10 13:55:00,995.55,995.67,994.05,994.31,17041.0
2025-01-10 14:00:00,994.31,994.71,994.11,994.67,10099.0
2025-01-10 14:05:00,994.67,995.35,994.27,994.31,18014.0
2025-01-10 14:10:00,994.31,994.85,993.01,993.46,4226.0
2025-01-10 14:15:00,993.46,993.76,992.71,993.02,9252.0
2025-01-10 14:20:00,993.02,994.62,992.53,993.87,3314.0
2025-01-10 14:25:00,993.87,994.44,993.41,994.35,15570.0
2025-01-10 14:30:00,994.35,994.98,993.11,994.25,14571.0
2025-01-10 14:35:00,994.25,994.93,994.1,994.74,16321.0
2025-01-10 14:40:00,994.74,994.81,993.58,993.81,15522.0
2025-01-10 14:45:00,993.81,994.06,993.62,993.84,6860.0
2025-01-10 14:50:00,993.84,993.97,993.12,993.96,2293.0
2025-01-10 14:55:00,993.96,994.06,993.34,993.58,18655.0
2025-01-10 15:00:00,993.58,994.24,993.15,993.93,10363.0
2025-01-10 15:05:00,993.93,994.05,992.73,993.31,2792.0
2025-01-10 15:10:00,993.31,993.79,992.63,993.71,18614.0
2025-01-10 15:15:00,993.71,994.46,993.61,994.15,19891.0
2025-01-10 15:20:00,994.15,994.47,991.69,991.84,9464.0
2025-01-10 15:25:00,991.84,993.32,991.71,992.78,15631.0
2025-01-13 09:15:00,987.67,987.88,986.84,987.11,5027.0
2025-01-13 09:20:00,987.11,987.96,986.17,987.72,12440.0
2025-01-13 09:25:00,987.72,987.87,987.09,987.5,11912.0
2025-01-13 09:30:00,987.5,988.34,986.63,987.1,3541.0
2025-01-13 09:35:00,987.1,988.29,986.96,988.2,9587.0
2025-01-13 09:40:00,988.2,988.94,987.28,987.37,14183.0
2025-01-13 09:45:00,987.37,987.77,986.32,986.74,19375.0
2025-01-13 09:50:00,986.74,987.6,986.53,986.91,17105.0
2025-01-13 09:55:00,986.91,987.23,985.97,987.22,2858.0
2025-01-13 10:00:00,987.22,987.66,986.91,987.61,5513.0
2025-01-13 10:05:00,987.61,988.52,987.56,988.33,9297.0
2025-01-13 10:10:00,988.33,989.28,988.25,988.49,3861.0
2025-01-13 10:15:00,988.49,989.09,988.3,988.88,11843.0
2025-01-13 10:20:00,988.88,989.16,988.36,988.67,1163.0
2025-01-13 10:25:00,988.67,989.09,988.43,988.72,3156.0
2025-01-13 10:30:00,988.72,989.2,988.64,988.81,1897.0
2025-01-13 10:35:00,988.81,988.99,988.08,988.98,6614.0
2025-01-13 10:40:00,988.98,989.66,988.8,989.59,15482.0
2025-01-13 10:45:00,989.59,990.76,989.42,990.03,4368.0
2025-01-13 10:50:00,990.03,990.13,989.59,990.06,19756.0
2025-01-13 10:55:00,990.06,990.07,989.17,989.42,6121.0
2025-01-13 11:00:00,989.42,989.56,989.06,989.47,1852.0
2025-01-13 11:05:00,989.47,989.8,989.4,989.45,7374.0
2025-01-13 11:10:00,989.45,989.82,988.24,989.61,15213.0
2025-01-13 11:15:00,989.61,991.42,989.1,991.35,3026.0
2025-01-13 11:20:00,991.35,991.39,990.19,990.94,2365.0
2025-01-13 11:25:00,990.94,991.51,990.72,991.27,17137.0
2025-01-13 11:30:00,991.27,992.55,990.49,992.12,12250.0
2025-01-13 11:35:00,992.12,992.32,991.63,992.2,7521.0
2025-01-13 11:40:00,992.2,994.24,992.19,994.06,15365.0
2025-01-13 11:45:00,994.06,994.23,993.32,993.76,17042.0
2025-01-13 11:50:00,993.76,994.26,993.65,994.01,7824.0
2025-01-13 11:55:00,994.01,994.19,993.2,993.38,11662.0
2025-01-13 12:00:00,993.38,993.69,992.95,993.1,1207.0
2025-01-13 12:05:00,993.1,993.69,992.82,993.3,6816.0
2025-01-13 12:10:00,993.3,994.48,992.39,993.97,12308.0
2025-01-13 12:15:00,993.97,994.93,993.58,994.22,4744.0
2025-01-13 12:20:00,994.22,995.57,993.59,995.23,19833.0
2025-01-13 12:25:00,995.23,995.23,994.97,995.15,19451.0
2025-01-13 12:30:00,995.15,995.15,994.43,994.89,5894.0
2025-01-13 12:35:00,994.89,997.08,994.41,997.04,8530.0
2025-01-13 12:40:00,997.04,997.61,996.87,997.35,4600.0
2025-01-13 12:45:00,997.35,997.95,996.32,996.78,10575.0
2025-01-13 12:50:00,996.78,996.82,995.86,996.23,3354.0
2025-01-13 12:55:00,996.23,996.53,994.45,995.48,8428.0
2025-01-13 13:00:00,995.48,996.26,995.18,996.22,11549.0
2025-01-13 13:05:00,996.22,996.54,995.73,995.93,12625.0
2025-01-13 13:10:00,995.93,996.47,995.81,996.03,12332.0
2025-01-13 13:15:00,996.03,996.13,995.79,995.98,5206.0
2025-01-13 13:20:00,995.98,996.63,995.63,996.57,16053.0
2025-01-13 13:25:00,996.57,996.8,994.79,995.89,14143.0
2025-01-13 13:30:00,995.89,996.76,994.86,995.03,15308.0
2025-01-13 13:35:00,995.03,995.32,994.89,995.21,9889.0
2025-01-13 13:40:00,995.21,995.88,995.02,995.69,17958.0
2025-01-13 13:45:00,995.69,996.39,994.92,995.96,8407.0
2025-01-13 13:50:00,995.96,996.47,995.31,995.31,16309.0
2025-01-13 13:55:00,995.31,996.48,994.8,995.85,4867.0
2025-01-13 14:00:00,995.85,996.22,995.15,995.26,5698.0
2025-01-13 14:05:00,995.26,995.67,994.51,994.84,11008.0
2025-01-13 14:10:00,994.84,994.86,993.98,994.09,11561.0
2025-01-13 14:15:00,994.09,995.16,993.55,995.13,15178.0
2025-01-13 14:20:00,995.13,995.99,995.11,995.63,6650.0
2025-01-13 14:25:00,995.63,996.24,995.43,996.11,17580.0
2025-01-13 14:30:00,996.11,997.6,995.97,997.11,7265.0
2025-01-13 14:35:00,997.11,999.68,996.99,999.35,11149.0
2025-01-13 14:40:00,999.35,999.91,997.83,997.99,18706.0
2025-01-13 14:45:00,997.99,998.37,996.51,997.4,11248.0
2025-01-13 14:50:00,997.4,997.6,996.8,996.91,13956.0
2025-01-13 14:55:00,996.91,997.16,996.06,996.23,18263.0
2025-01-13 15:00:00,996.23,996.86,994.87,995.37,19517.0
2025-01-13 15:05:00,995.37,995.67,994.68,995.13,10488.0
2025-01-13 15:10:00,995.13,995.15,994.16,994.16,8921.0
2025-01-13 15:15:00,994.16,994.9,993.22,994.43,4741.0
2025-01-13 15:20:00,994.43,994.88,994.23,994.47,11211.0
2025-01-13 15:25:00,994.47,994.89,993.59,994.86,18448.0
2025-01-14 09:15:00,999.27,1000.4,999.27,1000.17,10255.0
2025-01-14 09:20:00,1000.17,1000.56,999.28,999.86,2273.0
2025-01-14 09:25:00,999.86,1000.15,998.93,999.15,19868.0
2025-01-14 09:30:00,999.15,1000.11,998.47,999.78,4369.0
2025-01-14 09:35:00,999.78,1000.82,998.82,998.9,8983.0
2025-01-14 09:40:00,998.9,999.05,998.0,998.71,5447.0
2025-01-14 09:45:00,998.71,998.89,998.53,998.62,16464.0
2025-01-14 09:50:00,998.62,1000.2,997.9,999.89,8476.0
2025-01-14 09:55:00,999.89,1000.22,998.85,999.61,15147.0
2025-01-14 10:00:00,999.61,999.82,997.39,997.66,2277.0
2025-01-14 10:05:00,997.66,998.22,997.63,998.06,9604.0
2025-01-14 10:10:00,998.06,998.28,997.36,997.51,18309.0
2025-01-14 10:15:00,997.51,997.87,997.07,997.54,18612.0
2025-01-14 10:20:00,997.54,997.7,997.25,997.47,4965.0
2025-01-14 10:25:00,997.47,997.51,996.79,997.25,8494.0
2025-01-14 10:30:00,997.25,998.28,997.04,997.88,8773.0
2025-01-14 10:35:00,997.88,998.12,996.56,996.66,11743.0
2025-01-14 10:40:00,996.66,997.39,996.19,996.25,11209.0
2025-01-14 10:45:00,996.25,997.56,996.18,996.79,3012.0
2025-01-14 10:50:00,996.79,997.3,995.89,996.3,15490.0
2025-01-14 10:55:00,996.3,996.83,994.68,995.02,5289.0
2025-01-14 11:00:00,995.02,995.62,994.38,995.55,6983.0
2025-01-14 11:05:00,995.55,996.92,995.31,996.45,16973.0
2025-01-14 11:10:00,996.45,996.73,996.16,996.41,14103.0
2025-01-14 11:15:00,996.41,996.72,994.66,994.85,8534.0
2025-01-14 11:20:00,994.85,995.59,994.69,995.41,18337.0
2025-01-14 11:25:00,995.41,995.94,993.97,994.09,8487.0
2025-01-14 11:30:00,994.09,994.6,993.78,994.34,11744.0
2025-01-14 11:35:00,994.34,994.34,993.61,993.63,5673.0
2025-01-14 11:40:00,993.63,993.82,992.52,992.71,4480.0
2025-01-14 11:45:00,992.71,992.88,992.24,992.36,10340.0
2025-01-14 11:50:00,992.36,992.49,991.41,992.21,11697.0
2025-01-14 11:55:00,992.21,992.45,991.02,991.7,16310.0
2025-01-14 12:00:00,991.7,992.53,991.51,992.17,8427.0
2025-01-14 12:05:00,992.17,992.19,991.15,991.82,18008.0
2025-01-14 12:10:00,991.82,993.4,991.77,992.59,12540.0
2025-01-14 12:15:00,992.59,992.9,992.42,992.82,2332.0
2025-01-14 12:20:00,992.82,993.12,991.44,992.26,15042.0
2025-01-14 12:25:00,992.26,992.38,991.42,991.58,11921.0
2025-01-14 12:30:00,991.58,992.3,990.12,990.27,8397.0
2025-01-14 12:35:00,990.27,990.85,989.44,990.5,9878.0
2025-01-14 12:40:00,990.5,990.59,989.89,990.22,6734.0
2025-01-14 12:45:00,990.22,990.23,987.78,988.34,12671.0
2025-01-14 12:50:00,988.34,988.38,987.33,987.92,11772.0
2025-01-14 12:55:00,987.92,987.96,987.07,987.21,9498.0
2025-01-14 13:00:00,987.21,988.5,987.19,988.45,6418.0
2025-01-14 13:05:00,988.45,988.79,986.58,987.11,8574.0
2025-01-14 13:10:00,987.11,987.65,985.31,985.97,10458.0
2025-01-14 13:15:00,985.97,986.85,985.52,986.85,9965.0
2025-01-14 13:20:00,986.85,988.24,986.47,987.92,6876.0
2025-01-14 13:25:00,987.92,988.19,987.25,987.33,12057.0
2025-01-14 13:30:00,987.33,987.63,986.66,986.83,5304.0
2025-01-14 13:35:00,986.83,987.62,986.12,987.32,10518.0
2025-01-14 13:40:00,987.32,987.75,985.29,985.48,3309.0
2025-01-14 13:45:00,985.48,986.35,983.12,984.01,9970.0
2025-01-14 13:50:00,984.01,984.06,983.54,983.79,15895.0
2025-01-14 13:55:00,983.79,985.88,983.21,985.01,16538.0
2025-01-14 14:00:00,985.01,985.23,984.6,984.67,14199.0
2025-01-14 14:05:00,984.67,985.23,984.64,984.75,15167.0
2025-01-14 14:10:00,984.75,985.86,984.6,985.64,2253.0
2025-01-14 14:15:00,985.64,987.4,985.32,987.31,7486.0
2025-01-14 14:20:00,987.31,987.7,986.47,986.85,13430.0
2025-01-14 14:25:00,986.85,987.04,986.34,986.84,16210.0
2025-01-14 14:30:00,986.84,988.76,986.3,988.28,12074.0
2025-01-14 14:35:00,988.28,988.64,986.68,987.07,17219.0
2025-01-14 14:40:00,987.07,988.49,986.69,987.89,6188.0
2025-01-14 14:45:00,987.89,988.03,987.05,987.08,3916.0
2025-01-14 14:50:00,987.08,987.52,986.95,987.16,2641.0
2025-01-14 14:55:00,987.16,987.28,986.79,986.97,12070.0
2025-01-14 15:00:00,986.97,987.21,985.82,986.21,13638.0
2025-01-14 15:05:00,986.21,986.89,985.41,985.44,6420.0
2025-01-14 15:10:00,985.44,985.74,984.88,985.66,15889.0
2025-01-14 15:15:00,985.66,986.76,985.53,986.44,15044.0
2025-01-14 15:20:00,986.44,986.49,986.09,986.34,7842.0
2025-01-14 15:25:00,986.34,986.63,986.01,986.4,5536.0
2025-01-15 09:15:00,983.98,984.06,983.55,983.94,6279.0
2025-01-15 09:20:00,983.94,984.08,983.35,984.02,14468.0
2025-01-15 09:25:00,984.02,984.17,982.98,983.24,15784.0
2025-01-15 09:30:00,983.24,984.36,983.0,983.2,19988.0
2025-01-15 09:35:00,983.2,983.32,982.78,983.2,11538.0
2025-01-15 09:40:00,983.2,984.14,983.05,984.1,1142.0
2025-01-15 09:45:00,984.1,985.07,984.06,985.05,17598.0
2025-01-15 09:50:00,985.05,985.33,984.78,984.79,4059.0
2025-01-15 09:55:00,984.79,984.82,984.6,984.62,3295.0
2025-01-15 10:00:00,984.62,985.59,984.39,985.14,13808.0
2025-01-15 10:05:00,985.14,985.2,984.51,984.68,12472.0
2025-01-15 10:10:00,984.68,985.17,984.1,985.15,2139.0
2025-01-15 10:15:00,985.15,985.19,985.03,985.08,4216.0
2025-01-15 10:20:00,985.08,985.14,984.0,984.31,12206.0
2025-01-15 10:25:00,984.31,984.72,983.36,983.56,5851.0
2025-01-15 10:30:00,983.56,985.13,983.13,984.7,13996.0
2025-01-15 10:35:00,984.7,984.77,984.31,984.58,8823.0
2025-01-15 10:40:00,984.58,986.38,984.36,985.87,12174.0
2025-01-15 10:45:00,985.87,986.55,985.36,985.46,10024.0
2025-01-15 10:50:00,985.46,985.76,985.24,985.69,7938.0
2025-01-15 10:55:00,985.69,987.81,985.44,987.58,7505.0
2025-01-15 11:00:00,987.58,987.73,986.64,986.75,14248.0
2025-01-15 11:05:00,986.75,987.1,984.87,985.25,10773.0
2025-01-15 11:10:00,985.25,986.33,984.91,986.26,12291.0
2025-01-15 11:15:00,986.26,986.99,985.23,985.61,11968.0
2025-01-15 11:20:00,985.61,986.11,985.26,985.6,4945.0
2025-01-15 11:25:00,985.6,986.06,985.09,985.13,18351.0
2025-01-15 11:30:00,985.13,985.86,984.45,985.35,11699.0
2025-01-15 11:35:00,985.35,986.03,983.84,984.6,14643.0
2025-01-15 11:40:00,984.6,984.78,984.35,984.46,17756.0
2025-01-15 11:45:00,984.46,984.82,983.91,984.81,18569.0
2025-01-15 11:50:00,984.81,984.97,983.77,984.02,13669.0
2025-01-15 11:55:00,984.02,984.39,983.32,983.46,15955.0
2025-01-15 12:00:00,983.46,983.56,983.03,983.19,9964.0
2025-01-15 12:05:00,983.19,984.16,981.86,982.07,15018.0
2025-01-15 12:10:00,982.07,982.61,981.73,981.74,7110.0
2025-01-15 12:15:00,981.74,982.16,981.53,981.83,14523.0
2025-01-15 12:20:00,981.83,982.08,980.94,981.52,2631.0
2025-01-15 12:25:00,981.52,981.84,981.0,981.3,18371.0
2025-01-15 12:30:00,981.3,982.0,980.99,981.29,5647.0
2025-01-15 12:35:00,981.29,981.69,980.44,980.77,13474.0
2025-01-15 12:40:00,980.77,981.77,980.17,981.31,1212.0
2025-01-15 12:45:00,981.31,982.85,981.2,982.44,3958.0
2025-01-15 12:50:00,982.44,982.63,981.81,982.08,19745.0
2025-01-15 12:55:00,982.08,982.52,981.67,982.46,16833.0
2025-01-15 13:00:00,982.46,982.75,982.27,982.27,5227.0
2025-01-15 13:05:00,982.27,982.71,982.22,982.56,3486.0
2025-01-15 13:10:00,982.56,983.94,981.83,983.79,16482.0
2025-01-15 13:15:00,983.79,984.83,983.03,984.19,19813.0
2025-01-15 13:20:00,984.19,984.23,982.14,982.79,4204.0
2025-01-15 13:25:00,982.79,983.58,981.81,983.15,13614.0
2025-01-15 13:30:00,983.15,984.59,982.79,984.12,6388.0
2025-01-15 13:35:00,984.12,984.37,983.56,983.95,15143.0
2025-01-15 13:40:00,983.95,984.86,983.57,984.73,8947.0
2025-01-15 13:45:00,984.73,985.03,983.8,984.19,3381.0
2025-01-15 13:50:00,984.19,984.53,982.82,983.02,7163.0
2025-01-15 13:55:00,983.02,983.4,982.98,983.13,11233.0
2025-01-15 14:00:00,983.13,983.77,981.53,981.75,16168.0
2025-01-15 14:05:00,981.75,981.96,981.47,981.56,1399.0
2025-01-15 14:10:00,981.56,982.92,981.09,982.57,19196.0
2025-01-15 14:15:00,982.57,982.79,981.04,981.07,13342.0
2025-01-15 14:20:00,981.07,981.34,980.0,980.07,17630.0
2025-01-15 14:25:00,980.07,980.78,978.83,979.26,18671.0
2025-01-15 14:30:00,979.26,979.95,978.98,979.21,3917.0
2025-01-15 14:35:00,979.21,979.53,978.64,978.92,2780.0
2025-01-15 14:40:00,978.92,980.32,978.66,980.02,15757.0
2025-01-15 14:45:00,980.02,981.15,979.61,980.77,4569.0
2025-01-15 14:50:00,980.77,981.38,980.55,981.16,3810.0
2025-01-15 14:55:00,981.16,981.37,980.91,981.27,9901.0
2025-01-15 15:00:00,981.27,981.64,980.96,981.58,18354.0
2025-01-15 15:05:00,981.58,981.75,980.52,980.9,16116.0
2025-01-15 15:10:00,980.9,982.61,980.84,981.58,10839.0
2025-01-15 15:15:00,981.58,981.79,980.14,980.7,4732.0
2025-01-15 15:20:00,980.7,981.54,980.17,981.36,7391.0
2025-01-15 15:25:00,981.36,982.47,981.26,982.29,14081.0
2025-01-16 09:15:00,982.01,982.81,981.3,981.49,3983.0
2025-01-16 09:20:00,981.49,981.51,980.89,980.97,5656.0
2025-01-16 09:25:00,980.97,981.38,979.88,980.02,11515.0
2025-01-16 09:30:00,980.02,980.81,979.83,980.79,10244.0
2025-01-16 09:35:00,980.79,980.87,980.59,980.85,14298.0
2025-01-16 09:40:00,980.85,981.08,979.83,980.18,5108.0
2025-01-16 09:45:00,980.18,980.86,979.62,980.81,13309.0
2025-01-16 09:50:00,980.81,980.94,979.98,980.37,15438.0
2025-01-16 09:55:00,980.37,980.68,978.9,979.27,8373.0
2025-01-16 10:00:00,979.27,980.12,978.91,980.07,5879.0
2025-01-16 10:05:00,980.07,980.31,979.62,979.65,11545.0
2025-01-16 10:10:00,979.65,980.55,979.15,979.33,11998.0
2025-01-16 10:15:00,979.33,979.39,978.88,979.36,2787.0
2025-01-16 10:20:00,979.36,980.86,979.19,980.26,11737.0
2025-01-16 10:25:00,980.26,980.35,980.07,980.27,3931.0
2025-01-16 10:30:00,980.27,980.37,979.07,979.33,11807.0
2025-01-16 10:35:00,979.33,980.27,979.21,979.76,18704.0
2025-01-16 10:40:00,979.76,979.93,978.92,979.38,11204.0
2025-01-16 10:45:00,979.38,980.94,979.3,980.86,15468.0
2025-01-16 10:50:00,980.86,981.48,979.89,980.86,6884.0
2025-01-16 10:55:00,980.86,980.94,979.04,979.1,18532.0
2025-01-16 11:00:00,979.1,979.93,978.99,979.38,16442.0
2025-01-16 11:05:00,979.38,981.16,979.38,980.91,18416.0
2025-01-16 11:10:00,980.91,982.79,980.81,982.15,15090.0
2025-01-16 11:15:00,982.15,983.61,981.98,983.59,13338.0
2025-01-16 11:20:00,983.59,984.53,981.97,982.78,10975.0
2025-01-16 11:25:00,982.78,983.69,982.45,983.5,18636.0
2025-01-16 11:30:00,983.5,983.8,982.6,982.93,17115.0
2025-01-16 11:35:00,982.93,983.59,982.85,983.11,8917.0
2025-01-16 11:40:00,983.11,984.03,981.49,982.11,2627.0
2025-01-16 11:45:00,982.11,982.43,981.3,981.6,1068.0
2025-01-16 11:50:00,981.6,981.73,980.57,981.07,5436.0
2025-01-16 11:55:00,981.07,982.27,980.74,981.78,2188.0
2025-01-16 12:00:00,981.78,982.68,981.77,982.41,5018.0
2025-01-16 12:05:00,982.41,983.4,981.73,982.62,3080.0
2025-01-16 12:10:00,982.62,983.23,981.07,981.56,19639.0
2025-01-16 12:15:00,981.56,981.67,980.91,981.32,2811.0
2025-01-16 12:20:00,981.32,981.5,980.55,980.73,12910.0
2025-01-16 12:25:00,980.73,982.19,980.3,981.42,7682.0
2025-01-16 12:30:00,981.42,982.76,981.33,982.34,4310.0
2025-01-16 12:35:00,982.34,983.28,982.14,983.17,14324.0
2025-01-16 12:40:00,983.17,983.46,982.39,982.58,19440.0
2025-01-16 12:45:00,982.58,983.51,980.14,980.43,16022.0
2025-01-16 12:50:00,980.43,980.57,978.59,979.04,19529.0
2025-01-16 12:55:00,979.04,980.32,978.69,980.16,12214.0
2025-01-16 13:00:00,980.16,980.2,979.78,979.84,13797.0
2025-01-16 13:05:00,979.84,980.23,978.87,979.25,3782.0
2025-01-16 13:10:00,979.25,980.76,978.77,980.54,17195.0
2025-01-16 13:15:00,980.54,981.78,980.28,981.53,15210.0
2025-01-16 13:20:00,981.53,981.97,981.17,981.55,5826.0
2025-01-16 13:25:00,981.55,981.7,981.01,981.32,7741.0
2025-01-16 13:30:00,981.32,982.13,980.5,981.22,12606.0
2025-01-16 13:35:00,981.22,981.88,980.77,981.4,1246.0
2025-01-16 13:40:00,981.4,983.24,980.88,982.65,16540.0
2025-01-16 13:45:00,982.65,983.14,982.4,982.99,6331.0
2025-01-16 13:50:00,982.99,983.86,982.19,983.56,2424.0
2025-01-16 13:55:00,983.56,984.54,983.32,984.48,7281.0
2025-01-16 14:00:00,984.48,984.48,983.16,983.56,16879.0
2025-01-16 14:05:00,983.56,984.44,983.35,984.15,6210.0
2025-01-16 14:10:00,984.15,984.69,983.61,983.92,11244.0
2025-01-16 14:15:00,983.92,984.25,981.53,981.94,16425.0
2025-01-16 14:20:00,981.94,982.05,980.24,980.27,1640.0
2025-01-16 14:25:00,980.27,980.31,979.45,979.47,15438.0
2025-01-16 14:30:00,979.47,980.11,979.18,979.89,6485.0
2025-01-16 14:35:00,979.89,980.46,979.84,979.98,14215.0
2025-01-16 14:40:00,979.98,980.26,979.47,980.12,4573.0
2025-01-16 14:45:00,980.12,982.08,979.8,981.65,3641.0
2025-01-16 14:50:00,981.65,981.84,980.57,980.66,15977.0
2025-01-16 14:55:00,980.66,980.71,980.16,980.64,16348.0
2025-01-16 15:00:00,980.64,980.91,980.0,980.87,19645.0
2025-01-16 15:05:00,980.87,981.2,979.99,980.3,13866.0
2025-01-16 15:10:00,980.3,980.35,980.18,980.32,9851.0
2025-01-16 15:15:00,980.32,980.81,978.77,979.07,4701.0
2025-01-16 15:20:00,979.07,980.22,978.8,980.17,6609.0
2025-01-16 15:25:00,980.17,980.52,979.58,979.64,13313.0
2025-01-17 09:15:00,977.85,978.02,977.04,977.24,1585.0
2025-01-17 09:20:00,977.24,979.92,977.05,979.33,1388.0
2025-01-17 09:25:00,979.33,979.75,978.85,979.13,2499.0
2025-01-17 09:30:00,979.13,979.47,977.59,977.99,16045.0
2025-01-17 09:35:00,977.99,978.17,977.27,977.44,5892.0
2025-01-17 09:40:00,977.44,977.65,977.2,977.4,9571.0
2025-01-17 09:45:00,977.4,978.26,977.15,977.83,9954.0
2025-01-17 09:50:00,977.83,978.55,977.76,978.26,16001.0
2025-01-17 09:55:00,978.26,979.15,978.21,978.79,7625.0
2025-01-17 10:00:00,978.79,979.24,977.86,978.29,1127.0
2025-01-17 10:05:00,978.29,978.99,977.95,978.55,8343.0
2025-01-17 10:10:00,978.55,978.89,977.8,977.87,6475.0
2025-01-17 10:15:00,977.87,977.97,977.12,977.38,14886.0
2025-01-17 10:20:00,977.38,977.48,976.22,976.66,15275.0
2025-01-17 10:25:00,976.66,976.85,975.43,975.74,2747.0
2025-01-17 10:30:00,975.74,976.7,975.11,976.57,16067.0
2025-01-17 10:35:00,976.57,977.43,976.44,977.11,2339.0
2025-01-17 10:40:00,977.11,978.4,977.04,977.87,12774.0
2025-01-17 10:45:00,977.87,978.24,977.56,977.9,8396.0
2025-01-17 10:50:00,977.9,978.58,977.54,978.51,6723.0
2025-01-17 10:55:00,978.51,978.96,977.02,977.13,10180.0
2025-01-17 11:00:00,977.13,977.82,976.9,977.8,6896.0
2025-01-17 11:05:00,977.8,978.49,977.78,977.94,16083.0
2025-01-17 11:10:00,977.94,978.81,977.68,978.43,19368.0
2025-01-17 11:15:00,978.43,978.88,978.33,978.73,16500.0
2025-01-17 11:20:00,978.73,978.87,977.95,977.96,9345.0
2025-01-17 11:25:00,977.96,978.21,976.77,976.79,10562.0
2025-01-17 11:30:00,976.79,977.43,975.5,976.23,9495.0
2025-01-17 11:35:00,976.23,977.02,976.08,976.67,16077.0
2025-01-17 11:40:00,976.67,977.34,976.65,977.21,11494.0
2025-01-17 11:45:00,977.21,977.25,976.03,976.14,9894.0
2025-01-17 11:50:00,976.14,976.57,975.28,975.38,8780.0
2025-01-17 11:55:00,975.38,975.51,974.62,974.81,8125.0
2025-01-17 12:00:00,974.81,975.44,974.11,974.53,11500.0
2025-01-17 12:05:00,974.53,974.73,972.84,973.47,14090.0
2025-01-17 12:10:00,973.47,973.63,972.23,972.37,9214.0
2025-01-17 12:15:00,972.37,973.44,971.43,971.73,16326.0
2025-01-17 12:20:00,971.73,971.81,971.07,971.79,16707.0
2025-01-17 12:25:00,971.79,971.92,970.57,970.88,9152.0
2025-01-17 12:30:00,970.88,971.19,970.22,970.79,18271.0
2025-01-17 12:35:00,970.79,972.03,970.7,971.61,4287.0
2025-01-17 12:40:00,971.61,971.74,970.5,970.6,18710.0
2025-01-17 12:45:00,970.6,970.67,970.37,970.44,6587.0
2025-01-17 12:50:00,970.44,971.38,970.23,971.23,11721.0
2025-01-17 12:55:00,971.23,971.98,970.55,970.91,6388.0
2025-01-17 13:00:00,970.91,971.35,970.44,970.46,9400.0
2025-01-17 13:05:00,970.46,971.74,970.3,971.37,7461.0
2025-01-17 13:10:00,971.37,972.19,970.81,971.13,14399.0
2025-01-17 13:15:00,971.13,972.29,970.82,971.99,2542.0
2025-01-17 13:20:00,971.99,972.48,971.85,972.32,16928.0
2025-01-17 13:25:00,972.32,973.0,971.0,972.05,18173.0
2025-01-17 13:30:00,972.05,972.73,971.81,972.43,11696.0
2025-01-17 13:35:00,972.43,972.89,972.22,972.68,11398.0
2025-01-17 13:40:00,972.68,973.98,972.28,973.47,14299.0
2025-01-17 13:45:00,973.47,973.76,972.98,973.04,4782.0
2025-01-17 13:50:00,973.04,973.47,973.02,973.08,15244.0
2025-01-17 13:55:00,973.08,973.61,972.15,973.03,5154.0
2025-01-17 14:00:00,973.03,974.0,972.95,973.58,13851.0
2025-01-17 14:05:00,973.58,973.74,972.42,972.78,6805.0
2025-01-17 14:10:00,972.78,973.97,972.59,973.57,15176.0
2025-01-17 14:15:00,973.57,974.02,973.07,973.93,16030.0
2025-01-17 14:20:00,973.93,974.04,972.9,972.91,4964.0
2025-01-17 14:25:00,972.91,974.04,972.8,973.85,12731.0
2025-01-17 14:30:00,973.85,975.81,973.73,975.59,10469.0
2025-01-17 14:35:00,975.59,976.6,975.54,976.37,6586.0
2025-01-17 14:40:00,976.37,977.73,976.27,977.49,12177.0
2025-01-17 14:45:00,977.49,977.73,976.89,977.56,19860.0
2025-01-17 14:50:00,977.56,977.58,975.68,976.26,1047.0
2025-01-17 14:55:00,976.26,976.43,974.59,974.82,19180.0
2025-01-17 15:00:00,974.82,975.08,974.81,975.02,17263.0
2025-01-17 15:05:00,975.02,975.23,974.32,974.56,11058.0
2025-01-17 15:10:00,974.56,975.36,973.6,973.84,12590.0
2025-01-17 15:15:00,973.84,974.21,973.68,973.79,8014.0
2025-01-17 15:20:00,973.79,974.65,973.42,974.27,3453.0
2025-01-17 15:25:00,974.27,975.48,973.03,973.14,11858.0
2025-01-20 09:15:00,969.91,970.43,969.26,969.96,16510.0
2025-01-20 09:20:00,969.96,970.42,969.69,970.05,12553.0
2025-01-20 09:25:00,970.05,970.9,969.59,970.79,5729.0
2025-01-20 09:30:00,970.79,970.99,970.6,970.89,11707.0
2025-01-20 09:35:00,970.89,972.41,970.56,971.85,14482.0
2025-01-20 09:40:00,971.85,971.87,971.57,971.85,2913.0
2025-01-20 09:45:00,971.85,972.24,971.46,971.76,15381.0
2025-01-20 09:50:00,971.76,973.01,971.62,972.59,11340.0
2025-01-20 09:55:00,972.59,972.68,971.8,971.83,18789.0
2025-01-20 10:00:00,971.83,974.25,971.59,974.02,5024.0
2025-01-20 10:05:00,974.02,974.41,973.28,974.31,18231.0
2025-01-20 10:10:00,974.31,975.13,974.18,974.61,9512.0
2025-01-20 10:15:00,974.61,975.27,974.54,975.02,11896.0
2025-01-20 10:20:00,975.02,976.95,974.8,976.49,13540.0
2025-01-20 10:25:00,976.49,977.17,975.96,977.1,12003.0
2025-01-20 10:30:00,977.1,977.75,975.6,975.85,18172.0
2025-01-20 10:35:00,975.85,977.02,975.05,976.95,4178.0
2025-01-20 10:40:00,976.95,977.12,976.65,976.68,14867.0
2025-01-20 10:45:00,976.68,976.98,976.66,976.76,19524.0
2025-01-20 10:50:00,976.76,977.17,975.64,975.77,5182.0
2025-01-20 10:55:00,975.77,976.38,974.97,976.18,5845.0
2025-01-20 11:00:00,976.18,976.72,975.27,975.67,10025.0
2025-01-20 11:05:00,975.67,975.99,975.59,975.75,14769.0
2025-01-20 11:10:00,975.75,976.17,975.21,975.52,19220.0
2025-01-20 11:15:00,975.52,977.17,975.31,977.03,16120.0
2025-01-20 11:20:00,977.03,978.7,977.01,978.58,16086.0
2025-01-20 11:25:00,978.58,978.79,978.05,978.61,9383.0
2025-01-20 11:30:00,978.61,978.69,977.91,978.66,13262.0
2025-01-20 11:35:00,978.66,978.67,978.2,978.37,5012.0
2025-01-20 11:40:00,978.37,979.5,978.23,979.24,9799.0
2025-01-20 11:45:00,979.24,979.52,978.0,978.98,4590.0
2025-01-20 11:50:00,978.98,979.0,978.48,978.65,1515.0
2025-01-20 11:55:00,978.65,979.54,978.43,979.42,17273.0
2025-01-20 12:00:00,979.42,980.04,978.3,979.0,16289.0
2025-01-20 12:05:00,979.0,979.36,978.42,978.97,10704.0
2025-01-20 12:10:00,978.97,979.58,977.35,977.73,1275.0
2025-01-20 12:15:00,977.73,978.43,976.78,978.28,2712.0
2025-01-20 12:20:00,978.28,980.32,977.74,979.8,3123.0
2025-01-20 12:25:00,979.8,980.97,979.23,980.37,14623.0
2025-01-20 12:30:00,980.37,981.56,980.34,981.51,4866.0
2025-01-20 12:35:00,981.51,982.13,980.53,980.85,5753.0
2025-01-20 12:40:00,980.85,981.11,980.2,981.03,17360.0
2025-01-20 12:45:00,981.03,981.55,979.72,980.29,17651.0
2025-01-20 12:50:00,980.29,980.43,979.81,980.11,15498.0
2025-01-20 12:55:00,980.11,980.91,980.1,980.72,6881.0
2025-01-20 13:00:00,980.72,981.32,980.47,980.8,12018.0
2025-01-20 13:05:00,980.8,981.17,979.39,979.69,4805.0
2025-01-20 13:10:00,979.69,979.82,978.44,978.66,17300.0
2025-01-20 13:15:00,978.66,979.0,977.4,977.58,2612.0
2025-01-20 13:20:00,977.58,978.28,976.86,977.97,15143.0
2025-01-20 13:25:00,977.97,979.65,977.63,979.58,10719.0
2025-01-20 13:30:00,979.58,980.79,979.12,980.65,15391.0
2025-01-20 13:35:00,980.65,980.71,978.89,979.16,9564.0
2025-01-20 13:40:00,979.16,980.44,979.03,980.28,4004.0
2025-01-20 13:45:00,980.28,981.12,980.17,981.01,15274.0
2025-01-20 13:50:00,981.01,981.27,979.67,979.8,12990.0
2025-01-20 13:55:00,979.8,980.43,979.32,979.56,9827.0
2025-01-20 14:00:00,979.56,980.83,979.22,980.42,8081.0
2025-01-20 14:05:00,980.42,981.15,980.01,980.85,7532.0
2025-01-20 14:10:00,980.85,981.08,979.8,979.83,10141.0
2025-01-20 14:15:00,979.83,980.6,979.03,980.31,5971.0
2025-01-20 14:20:00,980.31,980.77,978.61,978.63,6364.0
2025-01-20 14:25:00,978.63,979.04,978.09,978.46,6284.0
2025-01-20 14:30:00,978.46,980.02,977.98,979.35,1240.0
2025-01-20 14:35:00,979.35,979.73,979.1,979.36,18629.0
2025-01-20 14:40:00,979.36,979.46,978.69,978.97,5494.0
2025-01-20 14:45:00,978.97,979.75,978.51,979.67,4136.0
2025-01-20 14:50:00,979.67,980.59,979.41,980.43,3872.0
2025-01-20 14:55:00,980.43,981.69,980.38,981.46,19775.0
2025-01-20 15:00:00,981.46,982.47,981.39,982.15,10058.0
2025-01-20 15:05:00,982.15,983.28,981.64,983.0,7211.0
2025-01-20 15:10:00,983.0,983.62,982.89,983.57,8673.0
2025-01-20 15:15:00,983.57,984.28,983.05,983.78,2679.0
2025-01-20 15:20:00,983.78,983.92,983.69,983.85,6959.0
2025-01-20 15:25:00,983.85,984.4,983.14,983.67,5725.0
2025-01-21 09:15:00,985.47,985.77,984.83,984.93,5604.0
2025-01-21 09:20:00,984.93,985.08,984.48,984.99,1268.0
2025-01-21 09:25:00,984.99,985.19,984.11,984.49,13703.0
2025-01-21 09:30:00,984.49,985.01,983.65,984.93,2809.0
2025-01-21 09:35:00,984.93,985.54,984.86,985.04,17087.0
2025-01-21 09:40:00,985.04,985.2,984.38,984.69,9610.0
2025-01-21 09:45:00,984.69,985.39,983.3,983.86,14646.0
2025-01-21 09:50:00,983.86,984.25,983.75,984.07,7453.0
2025-01-21 09:55:00,984.07,984.37,982.89,983.12,3507.0
2025-01-21 10:00:00,983.12,983.57,983.06,983.45,4426.0
2025-01-21 10:05:00,983.45,985.76,983.33,985.52,13271.0
2025-01-21 10:10:00,985.52,986.61,985.46,986.59,14605.0
2025-01-21 10:15:00,986.59,987.62,986.04,987.16,6083.0
2025-01-21 10:20:00,987.16,987.52,987.05,987.09,7785.0
2025-01-21 10:25:00,987.09,987.26,985.44,985.56,18956.0
2025-01-21 10:30:00,985.56,985.92,983.79,984.52,17185.0
2025-01-21 10:35:00,984.52,985.82,984.48,985.53,8847.0
2025-01-21 10:40:00,985.53,985.7,983.98,984.9,5578.0
2025-01-21 10:45:00,984.9,985.43,984.32,984.35,6725.0
2025-01-21 10:50:00,984.35,984.52,983.14,984.22,11229.0
2025-01-21 10:55:00,984.22,984.44,983.05,983.39,11768.0
2025-01-21 11:00:00,983.39,983.82,982.1,982.42,4498.0
2025-01-21 11:05:00,982.42,982.79,982.15,982.38,2250.0
2025-01-21 11:10:00,982.38,982.74,981.39,981.68,10410.0
2025-01-21 11:15:00,981.68,981.86,980.57,981.1,16151.0
2025-01-21 11:20:00,981.1,981.13,980.35,980.49,3896.0
2025-01-21 11:25:00,980.49,981.64,980.45,980.9,8758.0
2025-01-21 11:30:00,980.9,981.04,979.98,980.72,4069.0
2025-01-21 11:35:00,980.72,981.44,980.12,980.58,5600.0
2025-01-21 11:40:00,980.58,981.41,980.57,981.04,12632.0
2025-01-21 11:45:00,981.04,981.57,980.77,980.93,6437.0
2025-01-21 11:50:00,980.93,981.65,980.56,980.71,6011.0
2025-01-21 11:55:00,980.71,981.56,980.24,981.08,19917.0
2025-01-21 12:00:00,981.08,981.74,980.8,981.61,4274.0
2025-01-21 12:05:00,981.61,981.62,981.03,981.49,4596.0
2025-01-21 12:10:00,981.49,982.25,980.85,981.56,18665.0
2025-01-21 12:15:00,981.56,981.75,980.27,980.94,11453.0
2025-01-21 12:20:00,980.94,981.13,979.84,980.27,1817.0
2025-01-21 12:25:00,980.27,981.48,980.1,980.87,9074.0
2025-01-21 12:30:00,980.87,981.37,980.22,981.22,11737.0
2025-01-21 12:35:00,981.22,981.86,981.1,981.58,5810.0
2025-01-21 12:40:00,981.58,982.38,981.36,981.8,11417.0
2025-01-21 12:45:00,981.8,981.9,981.79,981.83,13321.0
2025-01-21 12:50:00,981.83,983.03,981.43,982.38,5761.0
2025-01-21 12:55:00,982.38,983.53,982.19,983.12,16435.0
2025-01-21 13:00:00,983.12,984.16,982.64,983.83,9602.0
2025-01-21 13:05:00,983.83,983.85,983.25,983.75,19305.0
2025-01-21 13:10:00,983.75,984.97,983.6,984.85,2667.0
2025-01-21 13:15:00,984.85,985.32,984.4,985.03,7160.0
2025-01-21 13:20:00,985.03,985.61,984.9,985.52,14704.0
2025-01-21 13:25:00,985.52,985.87,985.01,985.75,18003.0
2025-01-21 13:30:00,985.75,986.33,985.63,985.94,5212.0
2025-01-21 13:35:00,985.94,986.98,985.17,985.36,19624.0
2025-01-21 13:40:00,985.36,986.24,984.81,985.91,4674.0
2025-01-21 13:45:00,985.91,988.22,985.79,988.16,8906.0
2025-01-21 13:50:00,988.16,988.2,987.38,987.86,6982.0
2025-01-21 13:55:00,987.86,988.08,987.57,987.92,9062.0
2025-01-21 14:00:00,987.92,988.03,987.55,987.57,18145.0
2025-01-21 14:05:00,987.57,987.69,986.8,987.18,14918.0
2025-01-21 14:10:00,987.18,988.61,987.02,988.4,16132.0
2025-01-21 14:15:00,988.4,988.5,987.77,987.87,5825.0
2025-01-21 14:20:00,987.87,988.32,987.21,987.5,18990.0
2025-01-21 14:25:00,987.5,987.79,985.76,986.24,9275.0
2025-01-21 14:30:00,986.24,986.27,985.09,985.65,13387.0
2025-01-21 14:35:00,985.65,985.72,983.38,984.3,14256.0
2025-01-21 14:40:00,984.3,985.41,983.88,984.8,13595.0
2025-01-21 14:45:00,984.8,987.12,984.55,987.01,12434.0
2025-01-21 14:50:00,987.01,987.38,986.08,986.72,10120.0
2025-01-21 14:55:00,986.72,987.2,984.86,985.4,13305.0
2025-01-21 15:00:00,985.4,986.14,984.69,986.11,18198.0
2025-01-21 15:05:00,986.11,986.19,985.29,985.54,8405.0
2025-01-21 15:10:00,985.54,986.69,985.41,986.56,10706.0
2025-01-21 15:15:00,986.56,986.66,986.09,986.34,4421.0
2025-01-21 15:20:00,986.34,986.68,985.58,985.84,7746.0
2025-01-21 15:25:00,985.84,985.93,985.1,985.7,15668.0
2025-01-22 09:15:00,984.8,985.18,983.84,984.14,13167.0
2025-01-22 09:20:00,984.14,984.82,983.67,984.69,18647.0
2025-01-22 09:25:00,984.69,985.67,984.48,985.67,14031.0
2025-01-22 09:30:00,985.67,985.75,984.93,985.63,14423.0
2025-01-22 09:35:00,985.63,986.8,985.41,986.66,10724.0
2025-01-22 09:40:00,986.66,987.2,984.79,985.11,7072.0
2025-01-22 09:45:00,985.11,985.72,984.89,985.06,9035.0
2025-01-22 09:50:00,985.06,985.41,984.95,985.03,10456.0
2025-01-22 09:55:00,985.03,985.41,984.24,984.46,16494.0
2025-01-22 10:00:00,984.46,986.59,984.39,986.34,11551.0
2025-01-22 10:05:00,986.34,986.59,985.98,986.29,16068.0
2025-01-22 10:10:00,986.29,986.35,985.24,985.97,1519.0
2025-01-22 10:15:00,985.97,986.06,985.83,985.99,15381.0
2025-01-22 10:20:00,985.99,986.47,984.1,984.41,10634.0
2025-01-22 10:25:00,984.41,984.59,982.86,983.81,19966.0
2025-01-22 10:30:00,983.81,984.81,983.31,984.58,9962.0
2025-01-22 10:35:00,984.58,984.82,983.51,984.09,10091.0
2025-01-22 10:40:00,984.09,984.37,983.42,983.44,3421.0
2025-01-22 10:45:00,983.44,984.53,983.22,984.47,16331.0
2025-01-22 10:50:00,984.47,986.39,984.25,985.52,14329.0
2025-01-22 10:55:00,985.52,985.94,985.27,985.93,17387.0
2025-01-22 11:00:00,985.93,986.2,985.36,985.57,2762.0
2025-01-22 11:05:00,985.57,985.64,985.06,985.38,5020.0
2025-01-22 11:10:00,985.38,985.42,984.51,984.75,17662.0
2025-01-22 11:15:00,984.75,984.81,983.52,983.97,1799.0
2025-01-22 11:20:00,983.97,983.98,982.76,983.14,10655.0
2025-01-22 11:25:00,983.14,983.71,982.38,982.66,8690.0
2025-01-22 11:30:00,982.66,983.04,981.56,981.84,18849.0
2025-01-22 11:35:00,981.84,981.9,980.36,980.62,17277.0
2025-01-22 11:40:00,980.62,980.85,980.33,980.79,18037.0
2025-01-22 11:45:00,980.79,981.2,980.4,980.97,6492.0
2025-01-22 11:50:00,980.97,982.38,980.83,982.31,12162.0
2025-01-22 11:55:00,982.31,982.33,981.49,981.78,14300.0
2025-01-22 12:00:00,981.78,982.37,981.75,982.02,19381.0
2025-01-22 12:05:00,982.02,982.3,981.62,982.26,1139.0
2025-01-22 12:10:00,982.26,982.42,981.94,982.06,19563.0
2025-01-22 12:15:00,982.06,982.86,981.98,982.65,7751.0
2025-01-22 12:20:00,982.65,983.48,982.26,983.26,3437.0
2025-01-22 12:25:00,983.26,983.66,982.86,983.51,12694.0
2025-01-22 12:30:00,983.51,983.86,983.01,983.31,15849.0
2025-01-22 12:35:00,983.31,983.59,982.89,983.03,3465.0
2025-01-22 12:40:00,983.03,983.26,981.93,981.96,1774.0
2025-01-22 12:45:00,981.96,982.0,980.91,981.32,18035.0
2025-01-22 12:50:00,981.32,981.42,980.6,980.84,18740.0
2025-01-22 12:55:00,980.84,981.25,979.41,979.95,3969.0
2025-01-22 13:00:00,979.95,980.56,979.88,980.3,18177.0
2025-01-22 13:05:00,980.3,981.49,979.9,981.24,18286.0
2025-01-22 13:10:00,981.24,981.31,980.41,980.53,19951.0
2025-01-22 13:15:00,980.53,980.91,980.47,980.75,5111.0
2025-01-22 13:20:00,980.75,981.07,978.58,979.94,11996.0
2025-01-22 13:25:00,979.94,979.97,979.59,979.7,19891.0
2025-01-22 13:30:00,979.7,979.74,979.01,979.16,18150.0
2025-01-22 13:35:00,979.16,980.5,978.6,979.63,12490.0
2025-01-22 13:40:00,979.63,979.72,978.38,979.1,4745.0
2025-01-22 13:45:00,979.1,979.95,979.06,979.89,2602.0
2025-01-22 13:50:00,979.89,979.95,978.92,979.7,5924.0
2025-01-22 13:55:00,979.7,980.25,979.14,979.19,2240.0
2025-01-22 14:00:00,979.19,979.66,977.53,978.21,4710.0
2025-01-22 14:05:00,978.21,978.73,978.05,978.41,2423.0
2025-01-22 14:10:00,978.41,980.13,977.84,979.11,15482.0
2025-01-22 14:15:00,979.11,979.51,978.96,979.32,12207.0
2025-01-22 14:20:00,979.32,981.23,978.99,981.08,10839.0
2025-01-22 14:25:00,981.08,982.4,980.81,982.2,16382.0
2025-01-22 14:30:00,982.2,982.63,981.74,981.96,8805.0
2025-01-22 14:35:00,981.96,982.3,981.57,981.71,8656.0
2025-01-22 14:40:00,981.71,982.11,981.18,982.08,4931.0
2025-01-22 14:45:00,982.08,982.22,981.0,981.42,9451.0
2025-01-22 14:50:00,981.42,982.74,981.24,982.33,4315.0
2025-01-22 14:55:00,982.33,982.63,981.81,982.62,12196.0
2025-01-22 15:00:00,982.62,983.14,982.1,982.82,19951.0
2025-01-22 15:05:00,982.82,984.04,982.61,983.36,11127.0
2025-01-22 15:10:00,983.36,984.89,982.83,984.72,6681.0
2025-01-22 15:15:00,984.72,985.15,984.63,984.85,14073.0
2025-01-22 15:20:00,984.85,985.75,984.64,984.76,16580.0
2025-01-22 15:25:00,984.76,985.98,984.31,985.95,9963.0
2025-01-23 09:15:00,987.55,989.38,986.97,989.23,12617.0
2025-01-23 09:20:00,989.23,990.71,988.82,990.33,13425.0
2025-01-23 09:25:00,990.33,990.89,989.83,990.12,17289.0
2025-01-23 09:30:00,990.12,991.14,989.79,990.13,10148.0
2025-01-23 09:35:00,990.13,991.15,989.99,990.83,10534.0
2025-01-23 09:40:00,990.83,991.91,990.66,991.72,10560.0
2025-01-23 09:45:00,991.72,991.89,990.68,991.45,3173.0
2025-01-23 09:50:00,991.45,992.15,991.31,991.48,2711.0
2025-01-23 09:55:00,991.48,992.0,991.34,991.72,1388.0
2025-01-23 10:00:00,991.72,992.43,991.57,992.16,13658.0
2025-01-23 10:05:00,992.16,992.21,991.81,992.05,8958.0
2025-01-23 10:10:00,992.05,992.21,991.09,991.96,17448.0
2025-01-23 10:15:00,991.96,993.23,991.57,993.05,14342.0
2025-01-23 10:20:00,993.05,994.64,992.87,994.01,3687.0
2025-01-23 10:25:00,994.01,994.74,993.94,994.39,2901.0
2025-01-23 10:30:00,994.39,996.27,994.34,995.76,7956.0
2025-01-23 10:35:00,995.76,995.79,995.16,995.45,18497.0
2025-01-23 10:40:00,995.45,996.93,994.83,996.75,1924.0
2025-01-23 10:45:00,996.75,997.28,996.51,997.18,4560.0
2025-01-23 10:50:00,997.18,1000.06,996.73,999.79,1563.0
2025-01-23 10:55:00,999.79,1000.46,998.13,998.84,8859.0
2025-01-23 11:00:00,998.84,998.91,997.94,998.29,19803.0
2025-01-23 11:05:00,998.29,998.8,997.41,998.62,13990.0
2025-01-23 11:10:00,998.62,999.38,998.02,998.94,10375.0
2025-01-23 11:15:00,998.94,1000.79,998.89,1000.5,3743.0
2025-01-23 11:20:00,1000.5,1000.74,999.78,999.96,7754.0
2025-01-23 11:25:00,999.96,1000.69,999.43,1000.69,10966.0
2025-01-23 11:30:00,1000.69,1001.62,999.91,1001.62,6222.0
2025-01-23 11:35:00,1001.62,1002.29,1001.49,1002.18,14396.0
2025-01-23 11:40:00,1002.18,1003.02,1001.22,1001.41,19620.0
2025-01-23 11:45:00,1001.41,1002.68,1001.14,1002.54,4912.0
2025-01-23 11:50:00,1002.54,1004.48,1002.25,1003.53,5792.0
2025-01-23 11:55:00,1003.53,1004.14,1003.38,1004.01,3398.0
2025-01-23 12:00:00,1004.01,1004.19,1003.9,1004.17,14788.0
2025-01-23 12:05:00,1004.17,1004.37,1003.93,1004.36,9772.0
2025-01-23 12:10:00,1004.36,1004.46,1003.64,1004.29,6391.0
2025-01-23 12:15:00,1004.29,1004.82,1003.65,1004.81,5164.0
2025-01-23 12:20:00,1004.81,1004.85,1004.73,1004.83,2339.0
2025-01-23 12:25:00,1004.83,1005.08,1003.64,1004.15,10046.0
2025-01-23 12:30:00,1004.15,1004.37,1002.88,1003.31,13982.0
2025-01-23 12:35:00,1003.31,1003.69,1002.34,1002.71,5465.0
2025-01-23 12:40:00,1002.71,1004.1,1002.24,1002.88,1030.0
2025-01-23 12:45:00,1002.88,1003.17,1002.76,1002.86,9993.0
2025-01-23 12:50:00,1002.86,1003.08,1002.84,1003.04,13839.0
2025-01-23 12:55:00,1003.04,1004.04,1002.85,1003.44,7554.0
2025-01-23 13:00:00,1003.44,1003.48,1002.53,1002.93,5757.0
2025-01-23 13:05:00,1002.93,1004.49,1002.43,1004.11,3931.0
2025-01-23 13:10:00,1004.11,1004.29,1003.88,1003.9,15175.0
2025-01-23 13:15:00,1003.9,1004.31,1003.36,1003.55,17369.0
2025-01-23 13:20:00,1003.55,1004.12,1003.27,1003.93,15625.0
2025-01-23 13:25:00,1003.93,1004.16,1001.84,1002.46,10845.0
2025-01-23 13:30:00,1002.46,1003.17,1001.79,1001.83,14758.0
2025-01-23 13:35:00,1001.83,1003.35,1001.32,1002.61,8541.0
2025-01-23 13:40:00,1002.61,1003.09,1001.01,1001.22,1465.0
2025-01-23 13:45:00,1001.22,1002.73,1001.12,1002.12,7983.0
2025-01-23 13:50:00,1002.12,1003.74,1002.09,1003.33,14370.0
2025-01-23 13:55:00,1003.33,1003.56,1002.35,1003.03,13299.0
2025-01-23 14:00:00,1003.03,1003.61,1002.46,1003.27,19812.0
2025-01-23 14:05:00,1003.27,1004.23,1003.21,1004.16,19952.0
2025-01-23 14:10:00,1004.16,1004.35,1003.49,1003.79,5609.0
2025-01-23 14:15:00,1003.79,1004.5,1003.49,1004.49,1181.0
2025-01-23 14:20:00,1004.49,1004.59,1003.88,1003.95,6210.0
2025-01-23 14:25:00,1003.95,1004.77,1003.22,1003.56,17646.0
2025-01-23 14:30:00,1003.56,1004.01,1002.43,1002.92,16457.0
2025-01-23 14:35:00,1002.92,1003.23,1002.8,1003.2,2876.0
2025-01-23 14:40:00,1003.2,1004.32,1003.05,1004.13,4047.0
2025-01-23 14:45:00,1004.13,1004.35,1003.43,1003.98,11706.0
2025-01-23 14:50:00,1003.98,1004.12,1002.5,1002.96,13551.0
2025-01-23 14:55:00,1002.96,1003.32,1001.78,1002.09,19664.0
2025-01-23 15:00:00,1002.09,1003.31,1001.52,1002.41,15345.0
2025-01-23 15:05:00,1002.41,1004.05,1002.13,1003.89,5025.0
2025-01-23 15:10:00,1003.89,1004.41,1003.48,1004.2,1706.0
2025-01-23 15:15:00,1004.2,1004.28,1003.6,1003.89,13038.0
2025-01-23 15:20:00,1003.89,1004.97,1003.82,1004.51,11521.0
2025-01-23 15:25:00,1004.51,1004.54,1003.76,1004.32,18513.0
2025-01-24 09:15:00,1005.94,1006.05,1004.8,1005.93,11941.0
2025-01-24 09:20:00,1005.93,1006.67,1005.27,1005.68,8713.0
2025-01-24 09:25:00,1005.68,1008.02,1004.58,1007.63,12001.0
2025-01-24 09:30:00,1007.63,1007.86,1006.73,1006.97,4396.0
2025-01-24 09:35:00,1006.97,1007.22,1006.53,1007.21,10832.0
2025-01-24 09:40:00,1007.21,1008.3,1006.59,1006.61,4911.0
2025-01-24 09:45:00,1006.61,1008.55,1006.58,1008.05,13938.0
2025-01-24 09:50:00,1008.05,1008.82,1007.7,1008.76,17430.0
2025-01-24 09:55:00,1008.76,1009.09,1007.47,1008.21,10646.0
2025-01-24 10:00:00,1008.21,1009.03,1008.06,1008.63,8364.0
2025-01-24 10:05:00,1008.63,1009.11,1008.41,1008.84,18871.0
2025-01-24 10:10:00,1008.84,1009.11,1008.1,1008.42,13534.0
2025-01-24 10:15:00,1008.42,1009.17,1008.14,1009.03,9132.0
2025-01-24 10:20:00,1009.03,1010.06,1008.61,1009.34,1546.0
2025-01-24 10:25:00,1009.34,1010.17,1008.63,1009.52,1302.0
2025-01-24 10:30:00,1009.52,1009.66,1008.85,1009.48,5208.0
2025-01-24 10:35:00,1009.48,1010.02,1009.12,1009.83,5491.0
2025-01-24 10:40:00,1009.83,1010.34,1009.36,1010.02,14706.0
2025-01-24 10:45:00,1010.02,1010.57,1009.89,1010.07,10511.0
2025-01-24 10:50:00,1010.07,1010.33,1009.06,1009.55,19999.0
2025-01-24 10:55:00,1009.55,1011.21,1008.28,1010.92,11270.0
2025-01-24 11:00:00,1010.92,1011.05,1009.65,1010.07,18159.0
2025-01-24 11:05:00,1010.07,1010.51,1009.88,1010.41,11495.0
2025-01-24 11:10:00,1010.41,1010.62,1009.91,1010.15,7805.0
2025-01-24 11:15:00,1010.15,1011.63,1009.54,1011.58,14576.0
2025-01-24 11:20:00,1011.58,1012.82,1010.6,1010.85,9539.0
2025-01-24 11:25:00,1010.85,1010.92,1009.9,1010.25,6218.0
2025-01-24 11:30:00,1010.25,1010.51,1009.46,1009.47,9991.0
2025-01-24 11:35:00,1009.47,1009.91,1009.45,1009.73,13633.0
2025-01-24 11:40:00,1009.73,1009.77,1008.28,1008.62,8135.0
2025-01-24 11:45:00,1008.62,1009.28,1008.21,1008.24,14376.0
2025-01-24 11:50:00,1008.24,1008.36,1006.19,1006.5,19633.0
2025-01-24 11:55:00,1006.5,1006.87,1006.43,1006.69,8814.0
2025-01-24 12:00:00,1006.69,1007.12,1006.2,1006.29,6609.0
2025-01-24 12:05:00,1006.29,1006.44,1004.71,1005.09,8641.0
2025-01-24 12:10:00,1005.09,1006.33,1004.7,1005.97,16926.0
2025-01-24 12:15:00,1005.97,1006.95,1004.74,1004.92,4399.0
2025-01-24 12:20:00,1004.92,1005.75,1004.74,1005.56,19499.0
2025-01-24 12:25:00,1005.56,1005.86,1004.93,1004.99,8865.0
2025-01-24 12:30:00,1004.99,1006.42,1004.96,1006.28,16990.0
2025-01-24 12:35:00,1006.28,1007.21,1005.93,1006.89,15949.0
2025-01-24 12:40:00,1006.89,1006.95,1006.05,1006.07,15887.0
2025-01-24 12:45:00,1006.07,1006.59,1005.09,1005.34,18270.0
2025-01-24 12:50:00,1005.34,1005.94,1004.96,1005.82,4512.0
2025-01-24 12:55:00,1005.82,1006.01,1004.96,1005.61,12278.0
2025-01-24 13:00:00,1005.61,1005.82,1005.33,1005.48,2881.0
2025-01-24 13:05:00,1005.48,1007.1,1005.25,1006.5,6688.0
2025-01-24 13:10:00,1006.5,1007.19,1005.62,1005.9,1771.0
2025-01-24 13:15:00,1005.9,1006.15,1004.88,1005.97,13963.0
2025-01-24 13:20:00,1005.97,1007.08,1005.61,1006.74,12546.0
2025-01-24 13:25:00,1006.74,1008.01,1006.21,1007.39,15062.0
2025-01-24 13:30:00,1007.39,1007.49,1006.94,1007.26,4348.0
2025-01-24 13:35:00,1007.26,1007.38,1006.28,1007.03,7312.0
2025-01-24 13:40:00,1007.03,1007.33,1005.31,1005.63,13850.0
2025-01-24 13:45:00,1005.63,1005.98,1003.75,1004.78,16704.0
2025-01-24 13:50:00,1004.78,1005.18,1004.6,1005.04,17827.0
2025-01-24 13:55:00,1005.04,1005.17,1004.7,1004.93,2400.0
2025-01-24 14:00:00,1004.93,1005.46,1004.86,1004.99,8648.0
2025-01-24 14:05:00,1004.99,1006.58,1004.87,1005.82,1204.0
2025-01-24 14:10:00,1005.82,1006.12,1004.34,1004.87,16551.0
2025-01-24 14:15:00,1004.87,1004.88,1004.52,1004.68,3336.0
2025-01-24 14:20:00,1004.68,1004.85,1004.36,1004.83,16620.0
2025-01-24 14:25:00,1004.83,1005.05,1003.88,1004.26,3964.0
2025-01-24 14:30:00,1004.26,1005.46,1003.82,1005.41,1292.0
2025-01-24 14:35:00,1005.41,1006.22,1004.76,1006.14,17699.0
2025-01-24 14:40:00,1006.14,1006.8,1006.1,1006.38,9337.0
2025-01-24 14:45:00,1006.38,1008.35,1006.13,1007.82,9074.0
2025-01-24 14:50:00,1007.82,1008.28,1006.37,1006.62,13287.0
2025-01-24 14:55:00,1006.62,1006.79,1006.35,1006.61,6223.0
2025-01-24 15:00:00,1006.61,1006.94,1006.32,1006.9,14125.0
2025-01-24 15:05:00,1006.9,1007.71,1005.65,1006.17,9152.0
2025-01-24 15:10:00,1006.17,1006.58,1005.56,1006.41,6180.0
2025-01-24 15:15:00,1006.41,1006.68,1005.44,1005.52,8501.0
2025-01-24 15:20:00,1005.52,1006.3,1005.28,1006.07,1116.0
2025-01-24 15:25:00,1006.07,1007.59,1005.63,1006.93,6727.0
2025-01-27 09:15:00,1007.91,1008.09,1007.2,1007.64,12658.0
2025-01-27 09:20:00,1007.64,1008.18,1007.3,1007.52,5243.0
2025-01-27 09:25:00,1007.52,1008.32,1007.17,1007.28,8570.0
2025-01-27 09:30:00,1007.28,1009.34,1007.03,1009.09,10271.0
2025-01-27 09:35:00,1009.09,1009.32,1007.17,1007.28,10020.0
2025-01-27 09:40:00,1007.28,1007.31,1006.79,1006.97,3840.0
2025-01-27 09:45:00,1006.97,1007.0,1006.83,1006.97,3010.0
2025-01-27 09:50:00,1006.97,1007.12,1006.25,1006.34,7649.0
2025-01-27 09:55:00,1006.34,1007.07,1005.7,1007.06,18370.0
2025-01-27 10:00:00,1007.06,1007.74,1007.0,1007.72,14628.0
2025-01-27 10:05:00,1007.72,1007.79,1007.21,1007.68,16992.0
2025-01-27 10:10:00,1007.68,1008.63,1007.24,1007.46,4314.0
2025-01-27 10:15:00,1007.46,1008.22,1006.78,1007.37,8871.0
2025-01-27 10:20:00,1007.37,1007.43,1006.84,1007.29,12045.0
2025-01-27 10:25:00,1007.29,1007.52,1006.89,1007.23,9252.0
2025-01-27 10:30:00,1007.23,1007.78,1006.73,1007.07,8917.0
2025-01-27 10:35:00,1007.07,1007.47,1007.04,1007.28,7836.0
2025-01-27 10:40:00,1007.28,1008.16,1007.03,1007.88,1980.0
2025-01-27 10:45:00,1007.88,1008.48,1006.39,1006.89,17287.0
2025-01-27 10:50:00,1006.89,1007.13,1005.92,1006.05,18728.0
2025-01-27 10:55:00,1006.05,1006.35,1004.46,1004.64,2536.0
2025-01-27 11:00:00,1004.64,1005.6,1003.8,1005.34,8858.0
2025-01-27 11:05:00,1005.34,1005.72,1005.31,1005.54,10838.0
2025-01-27 11:10:00,1005.54,1006.04,1005.53,1005.95,15894.0
2025-01-27 11:15:00,1005.95,1006.46,1004.72,1004.8,19748.0
2025-01-27 11:20:00,1004.8,1006.99,1003.95,1006.23,8909.0
2025-01-27 11:25:00,1006.23,1006.76,1005.24,1005.74,15229.0
2025-01-27 11:30:00,1005.74,1006.66,1005.43,1005.88,18809.0
2025-01-27 11:35:00,1005.88,1007.0,1005.49,1006.56,16775.0
2025-01-27 11:40:00,1006.56,1006.89,1005.56,1005.77,6518.0
2025-01-27 11:45:00,1005.77,1006.42,1005.29,1005.33,16532.0
2025-01-27 11:50:00,1005.33,1005.77,1005.02,1005.47,8832.0
2025-01-27 11:55:00,1005.47,1008.59,1005.27,1007.78,1332.0
2025-01-27 12:00:00,1007.78,1008.43,1007.63,1008.02,15418.0
2025-01-27 12:05:00,1008.02,1009.8,1007.58,1009.31,16872.0
2025-01-27 12:10:00,1009.31,1010.45,1008.83,1010.29,7529.0
2025-01-27 12:15:00,1010.29,1010.66,1010.25,1010.59,9567.0
2025-01-27 12:20:00,1010.59,1010.99,1009.09,1009.79,7922.0
2025-01-27 12:25:00,1009.79,1011.26,1009.77,1010.64,3223.0
2025-01-27 12:30:00,1010.64,1011.1,1009.32,1009.43,19901.0
2025-01-27 12:35:00,1009.43,1010.74,1009.04,1010.73,1429.0
2025-01-27 12:40:00,1010.73,1011.24,1010.59,1010.89,11556.0
2025-01-27 12:45:00,1010.89,1011.25,1008.41,1008.75,1283.0
2025-01-27 12:50:00,1008.75,1009.0,1008.4,1008.47,14098.0
2025-01-27 12:55:00,1008.47,1009.3,1007.94,1009.0,18116.0
2025-01-27 13:00:00,1009.0,1009.01,1008.24,1008.81,13225.0
2025-01-27 13:05:00,1008.81,1009.52,1008.36,1009.39,12517.0
2025-01-27 13:10:00,1009.39,1009.47,1008.22,1008.7,16730.0
2025-01-27 13:15:00,1008.7,1009.52,1007.52,1007.65,19510.0
2025-01-27 13:20:00,1007.65,1008.36,1006.99,1007.59,17374.0
2025-01-27 13:25:00,1007.59,1007.71,1007.16,1007.61,5397.0
2025-01-27 13:30:00,1007.61,1008.1,1007.06,1007.33,11701.0
2025-01-27 13:35:00,1007.33,1008.91,1006.97,1008.32,16557.0
2025-01-27 13:40:00,1008.32,1008.58,1006.94,1007.64,6596.0
2025-01-27 13:45:00,1007.64,1008.1,1007.42,1007.89,13828.0
2025-01-27 13:50:00,1007.89,1008.03,1007.73,1007.94,1433.0
2025-01-27 13:55:00,1007.94,1008.59,1006.42,1006.69,17669.0
2025-01-27 14:00:00,1006.69,1006.93,1005.53,1005.63,12673.0
2025-01-27 14:05:00,1005.63,1005.91,1004.96,1005.64,15119.0
2025-01-27 14:10:00,1005.64,1007.44,1005.36,1007.23,16683.0
2025-01-27 14:15:00,1007.23,1008.05,1006.85,1007.7,5156.0
2025-01-27 14:20:00,1007.7,1007.73,1006.16,1006.31,9560.0
2025-01-27 14:25:00,1006.31,1006.67,1003.6,1003.81,17314.0
2025-01-27 14:30:00,1003.81,1004.53,1003.7,1004.4,4129.0
2025-01-27 14:35:00,1004.4,1005.26,1004.02,1004.32,16626.0
2025-01-27 14:40:00,1004.32,1005.28,1004.26,1005.24,6473.0
2025-01-27 14:45:00,1005.24,1005.72,1003.77,1004.53,11934.0
2025-01-27 14:50:00,1004.53,1004.88,1003.97,1004.81,10689.0
2025-01-27 14:55:00,1004.81,1006.04,1004.67,1005.49,14043.0
2025-01-27 15:00:00,1005.49,1005.97,1005.12,1005.13,16896.0
2025-01-27 15:05:00,1005.13,1005.55,1004.45,1004.79,7630.0
2025-01-27 15:10:00,1004.79,1004.99,1004.34,1004.81,4263.0
2025-01-27 15:15:00,1004.81,1005.62,1004.48,1005.25,9033.0
2025-01-27 15:20:00,1005.25,1005.48,1005.2,1005.23,12630.0
2025-01-27 15:25:00,1005.23,1006.23,1004.5,1006.02,15258.0
2025-01-28 09:15:00,1004.32,1004.59,1003.34,1003.77,15314.0
2025-01-28 09:20:00,1003.77,1004.61,1003.1,1004.12,14465.0
2025-01-28 09:25:00,1004.12,1005.17,1004.07,1004.98,12066.0
2025-01-28 09:30:00,1004.98,1005.0,1004.07,1004.71,17131.0
2025-01-28 09:35:00,1004.71,1006.1,1004.4,1005.33,6664.0
2025-01-28 09:40:00,1005.33,1005.49,1005.33,1005.37,8158.0
2025-01-28 09:45:00,1005.37,1005.87,1004.13,1004.66,2318.0
2025-01-28 09:50:00,1004.66,1004.67,1003.8,1004.45,14269.0
2025-01-28 09:55:00,1004.45,1004.62,1004.17,1004.21,14744.0
2025-01-28 10:00:00,1004.21,1004.24,1003.63,1003.65,15276.0
2025-01-28 10:05:00,1003.65,1004.33,1003.11,1003.99,15226.0
2025-01-28 10:10:00,1003.99,1004.46,1003.73,1004.18,3420.0
2025-01-28 10:15:00,1004.18,1004.58,1002.55,1002.9,13657.0
2025-01-28 10:20:00,1002.9,1003.16,1001.32,1001.58,15503.0
2025-01-28 10:25:00,1001.58,1001.96,1001.38,1001.92,4871.0
2025-01-28 10:30:00,1001.92,1002.01,1001.02,1001.27,10053.0
2025-01-28 10:35:00,1001.27,1001.79,1000.42,1001.51,18351.0
2025-01-28 10:40:00,1001.51,1002.66,1001.49,1002.14,8881.0
2025-01-28 10:45:00,1002.14,1002.53,1000.52,1001.12,15310.0
2025-01-28 10:50:00,1001.12,1001.41,999.34,999.99,11076.0
2025-01-28 10:55:00,999.99,1001.9,999.92,1001.33,13497.0
2025-01-28 11:00:00,1001.33,1002.42,1000.96,1001.61,12903.0
2025-01-28 11:05:00,1001.61,1001.73,1000.99,1001.27,13367.0
2025-01-28 11:10:00,1001.27,1001.47,999.77,1000.53,15808.0
2025-01-28 11:15:00,1000.53,1001.06,999.68,1000.12,18182.0
2025-01-28 11:20:00,1000.12,1000.12,998.76,999.16,6617.0
2025-01-28 11:25:00,999.16,1000.07,998.27,999.87,18637.0
2025-01-28 11:30:00,999.87,999.97,998.96,999.25,12929.0
2025-01-28 11:35:00,999.25,1000.55,999.21,1000.12,12317.0
2025-01-28 11:40:00,1000.12,1001.05,999.63,999.8,7226.0
2025-01-28 11:45:00,999.8,1000.18,998.59,998.97,8916.0
2025-01-28 11:50:00,998.97,999.38,997.81,998.63,13380.0
2025-01-28 11:55:00,998.63,998.98,996.46,996.53,7910.0
2025-01-28 12:00:00,996.53,997.18,995.6,996.44,6458.0
2025-01-28 12:05:00,996.44,996.85,995.75,996.3,16562.0
2025-01-28 12:10:00,996.3,997.01,995.61,996.96,8893.0
2025-01-28 12:15:00,996.96,996.98,995.19,995.46,13247.0
2025-01-28 12:20:00,995.46,996.71,995.19,996.38,1592.0
2025-01-28 12:25:00,996.38,997.39,996.35,997.04,2468.0
2025-01-28 12:30:00,997.04,998.19,997.01,998.04,17115.0
2025-01-28 12:35:00,998.04,998.14,996.8,997.99,3701.0
2025-01-28 12:40:00,997.99,999.05,997.56,998.8,16120.0
2025-01-28 12:45:00,998.8,998.88,997.54,997.63,18103.0
2025-01-28 12:50:00,997.63,998.29,997.38,998.2,10146.0
2025-01-28 12:55:00,998.2,998.2,997.58,997.58,17805.0
2025-01-28 13:00:00,997.58,997.9,996.22,996.27,9117.0
2025-01-28 13:05:00,996.27,996.92,994.95,995.37,19084.0
2025-01-28 13:10:00,995.37,995.61,995.33,995.37,5505.0
2025-01-28 13:15:00,995.37,995.69,994.52,994.72,9129.0
2025-01-28 13:20:00,994.72,995.1,994.59,995.02,8389.0
2025-01-28 13:25:00,995.02,995.3,993.35,993.58,15897.0
2025-01-28 13:30:00,993.58,993.84,991.33,991.89,1830.0
2025-01-28 13:35:00,991.89,993.05,991.52,992.98,16736.0
2025-01-28 13:40:00,992.98,994.26,992.95,993.7,1445.0
2025-01-28 13:45:00,993.7,993.83,992.4,992.86,6998.0
2025-01-28 13:50:00,992.86,992.9,992.62,992.86,12325.0
2025-01-28 13:55:00,992.86,993.87,992.77,993.67,3761.0
2025-01-28 14:00:00,993.67,994.59,993.57,994.01,10312.0
2025-01-28 14:05:00,994.01,994.31,993.82,994.12,19943.0
2025-01-28 14:10:00,994.12,995.54,993.75,994.99,16640.0
2025-01-28 14:15:00,994.99,995.1,993.94,994.41,1574.0
2025-01-28 14:20:00,994.41,994.47,993.76,994.44,12243.0
2025-01-28 14:25:00,994.44,994.81,994.33,994.42,12349.0
2025-01-28 14:30:00,994.42,994.43,993.62,994.21,2296.0
2025-01-28 14:35:00,994.21,994.21,993.5,993.9,13354.0
2025-01-28 14:40:00,993.9,994.5,993.74,993.95,10899.0
2025-01-28 14:45:00,993.95,994.2,993.42,993.98,13953.0
2025-01-28 14:50:00,993.98,994.11,993.0,993.15,6652.0
2025-01-28 14:55:00,993.15,993.95,992.85,993.79,5856.0
2025-01-28 15:00:00,993.79,993.97,992.79,993.01,14983.0
2025-01-28 15:05:00,993.01,993.24,992.66,992.84,14710.0
2025-01-28 15:10:00,992.84,993.02,992.39,992.6,4072.0
2025-01-28 15:15:00,992.6,992.96,992.32,992.89,5111.0
2025-01-28 15:20:00,992.89,994.03,990.89,991.2,12140.0
2025-01-28 15:25:00,991.2,992.1,990.73,991.91,16751.0
2025-01-29 09:15:00,994.25,994.4,992.79,993.25,15899.0
2025-01-29 09:20:00,993.25,993.8,992.62,993.64,6450.0
2025-01-29 09:25:00,993.64,993.76,992.64,992.65,18574.0
2025-01-29 09:30:00,992.65,993.32,991.04,991.47,13382.0
2025-01-29 09:35:00,991.47,992.1,991.27,991.66,9315.0
2025-01-29 09:40:00,991.66,992.5,991.35,992.07,12915.0
2025-01-29 09:45:00,992.07,993.11,991.56,992.79,17558.0
2025-01-29 09:50:00,992.79,993.54,992.58,993.19,5309.0
2025-01-29 09:55:00,993.19,993.73,992.82,993.61,3856.0
2025-01-29 10:00:00,993.61,994.06,992.29,992.83,9368.0
2025-01-29 10:05:00,992.83,992.9,992.09,992.74,2594.0
2025-01-29 10:10:00,992.74,992.82,991.3,991.55,16877.0
2025-01-29 10:15:00,991.55,991.6,989.58,989.96,19438.0
2025-01-29 10:20:00,989.96,991.35,989.86,990.55,12506.0
2025-01-29 10:25:00,990.55,990.58,989.47,989.95,19617.0
2025-01-29 10:30:00,989.95,990.91,989.58,990.64,2306.0
2025-01-29 10:35:00,990.64,991.99,990.17,991.52,13018.0
2025-01-29 10:40:00,991.52,992.09,990.96,991.03,9415.0
2025-01-29 10:45:00,991.03,991.7,991.01,991.5,6269.0
2025-01-29 10:50:00,991.5,991.51,990.69,990.97,6923.0
2025-01-29 10:55:00,990.97,991.2,989.26,989.51,11358.0
2025-01-29 11:00:00,989.51,989.73,989.24,989.61,13191.0
2025-01-29 11:05:00,989.61,990.0,989.2,989.24,4116.0
2025-01-29 11:10:00,989.24,989.56,988.49,988.89,12676.0
2025-01-29 11:15:00,988.89,990.45,987.98,990.45,18604.0
2025-01-29 11:20:00,990.45,990.79,988.65,989.24,1197.0
2025-01-29 11:25:00,989.24,990.31,989.12,989.55,17688.0
2025-01-29 11:30:00,989.55,989.57,988.33,988.76,12546.0
2025-01-29 11:35:00,988.76,989.65,988.36,989.48,7502.0
2025-01-29 11:40:00,989.48,989.77,989.11,989.71,14962.0
2025-01-29 11:45:00,989.71,990.21,989.45,990.01,12737.0
2025-01-29 11:50:00,990.01,990.07,989.03,989.27,15605.0
2025-01-29 11:55:00,989.27,990.03,988.63,988.66,2544.0
2025-01-29 12:00:00,988.66,989.52,988.53,989.39,2120.0
2025-01-29 12:05:00,989.39,990.91,989.2,990.8,13198.0
2025-01-29 12:10:00,990.8,991.97,990.79,991.18,6769.0
2025-01-29 12:15:00,991.18,991.4,989.94,990.47,5527.0
2025-01-29 12:20:00,990.47,991.45,990.18,990.73,9004.0
2025-01-29 12:25:00,990.73,992.66,990.71,992.66,14779.0
2025-01-29 12:30:00,992.66,993.45,992.2,992.74,4415.0
2025-01-29 12:35:00,992.74,994.2,992.46,993.9,19490.0
2025-01-29 12:40:00,993.9,994.03,992.68,993.31,8993.0
2025-01-29 12:45:00,993.31,993.34,993.27,993.28,3861.0
2025-01-29 12:50:00,993.28,994.02,992.77,993.77,2351.0
2025-01-29 12:55:00,993.77,994.12,993.71,994.09,17288.0
2025-01-29 13:00:00,994.09,994.45,993.4,993.48,3151.0
2025-01-29 13:05:00,993.48,993.49,992.49,992.84,8960.0
2025-01-29 13:10:00,992.84,993.75,992.14,993.62,13705.0
2025-01-29 13:15:00,993.62,994.67,993.21,994.57,10748.0
2025-01-29 13:20:00,994.57,996.17,994.28,995.77,5988.0
2025-01-29 13:25:00,995.77,997.7,995.55,997.21,3050.0
2025-01-29 13:30:00,997.21,997.59,996.47,997.32,14516.0
2025-01-29 13:35:00,997.32,997.59,996.56,997.07,10315.0
2025-01-29 13:40:00,997.07,998.3,996.82,998.15,1914.0
2025-01-29 13:45:00,998.15,999.33,997.79,998.72,4442.0
2025-01-29 13:50:00,998.72,999.18,997.71,997.93,11691.0
2025-01-29 13:55:00,997.93,998.43,997.05,997.11,4199.0
2025-01-29 14:00:00,997.11,997.61,996.69,997.5,8437.0
2025-01-29 14:05:00,997.5,997.87,997.3,997.36,3365.0
2025-01-29 14:10:00,997.36,997.47,996.95,997.34,16142.0
2025-01-29 14:15:00,997.34,998.84,997.15,998.2,12977.0
2025-01-29 14:20:00,998.2,999.37,997.87,998.8,15895.0
2025-01-29 14:25:00,998.8,1000.51,998.21,999.86,1996.0
2025-01-29 14:30:00,999.86,1000.2,998.17,998.32,8135.0
2025-01-29 14:35:00,998.32,998.64,997.95,998.52,6084.0
2025-01-29 14:40:00,998.52,999.33,998.4,999.08,12831.0
2025-01-29 14:45:00,999.08,999.25,997.67,997.86,16608.0
2025-01-29 14:50:00,997.86,998.33,997.15,997.34,5323.0
2025-01-29 14:55:00,997.34,998.04,996.51,996.67,15624.0
2025-01-29 15:00:00,996.67,997.16,996.56,996.68,12027.0
2025-01-29 15:05:00,996.68,998.11,996.26,997.98,16657.0
2025-01-29 15:10:00,997.98,999.89,997.63,999.6,2544.0
2025-01-29 15:15:00,999.6,1000.13,998.69,998.95,19827.0
2025-01-29 15:20:00,998.95,999.37,998.59,999.37,9257.0
2025-01-29 15:25:00,999.37,999.91,998.97,999.82,6321.0
2025-01-30 09:15:00,1000.04,1001.56,999.97,1001.18,4471.0
2025-01-30 09:20:00,1001.18,1001.99,1000.92,1001.83,19672.0
2025-01-30 09:25:00,1001.83,1002.02,1000.83,1001.04,6339.0
2025-01-30 09:30:00,1001.04,1001.71,1000.82,1001.58,4889.0
2025-01-30 09:35:00,1001.58,1002.17,1001.43,1002.1,6919.0
2025-01-30 09:40:00,1002.1,1002.38,1001.44,1001.45,5073.0
2025-01-30 09:45:00,1001.45,1002.25,1001.33,1002.13,5246.0
2025-01-30 09:50:00,1002.13,1002.27,1001.87,1002.0,10396.0
2025-01-30 09:55:00,1002.0,1002.68,1000.67,1000.87,15918.0
2025-01-30 10:00:00,1000.87,1001.78,1000.21,1001.24,14533.0
2025-01-30 10:05:00,1001.24,1001.67,1001.08,1001.41,19236.0
2025-01-30 10:10:00,1001.41,1001.56,1001.14,1001.23,7789.0
2025-01-30 10:15:00,1001.23,1001.26,1000.86,1001.2,10357.0
2025-01-30 10:20:00,1001.2,1001.7,1000.41,1000.62,8225.0
2025-01-30 10:25:00,1000.62,1001.2,999.87,1001.11,1798.0
2025-01-30 10:30:00,1001.11,1001.15,1000.93,1001.08,8381.0
2025-01-30 10:35:00,1001.08,1001.3,1000.73,1001.21,5950.0
2025-01-30 10:40:00,1001.21,1001.68,1000.81,1001.5,10095.0
2025-01-30 10:45:00,1001.5,1001.87,999.88,1000.57,4002.0
2025-01-30 10:50:00,1000.57,1000.85,999.24,999.86,15091.0
2025-01-30 10:55:00,999.86,1000.13,997.54,998.09,17012.0
2025-01-30 11:00:00,998.09,999.12,997.85,998.54,19255.0
2025-01-30 11:05:00,998.54,998.85,997.22,997.57,2612.0
2025-01-30 11:10:00,997.57,997.84,996.85,997.68,3235.0
2025-01-30 11:15:00,997.68,998.02,997.54,997.98,19363.0
2025-01-30 11:20:00,997.98,998.5,997.87,998.46,17116.0
2025-01-30 11:25:00,998.46,998.47,996.92,997.5,12181.0
2025-01-30 11:30:00,997.5,997.68,997.18,997.44,7109.0
2025-01-30 11:35:00,997.44,999.79,996.57,998.78,10837.0
2025-01-30 11:40:00,998.78,1000.22,998.68,1000.15,11177.0
2025-01-30 11:45:00,1000.15,1001.2,999.99,1000.94,17099.0
2025-01-30 11:50:00,1000.94,1001.88,1000.69,1001.21,11058.0
2025-01-30 11:55:00,1001.21,1001.4,999.66,1000.4,1523.0
2025-01-30 12:00:00,1000.4,1001.47,1000.29,1000.98,14292.0
2025-01-30 12:05:00,1000.98,1001.14,1000.39,1000.85,15765.0
2025-01-30 12:10:00,1000.85,1003.06,1000.61,1001.3,6663.0
2025-01-30 12:15:00,1001.3,1001.57,1000.79,1000.79,3215.0
2025-01-30 12:20:00,1000.79,1001.56,1000.26,1000.66,3701.0
2025-01-30 12:25:00,1000.66,1001.59,1000.57,1000.79,16974.0
2025-01-30 12:30:00,1000.79,1001.59,1000.38,1000.98,9503.0
2025-01-30 12:35:00,1000.98,1002.49,1000.81,1001.38,11054.0
2025-01-30 12:40:00,1001.38,1001.76,1000.85,1000.92,19251.0
2025-01-30 12:45:00,1000.92,1000.92,999.52,999.84,2161.0
2025-01-30 12:50:00,999.84,1002.08,999.49,1001.14,4912.0
2025-01-30 12:55:00,1001.14,1003.32,999.89,1003.14,16831.0
2025-01-30 13:00:00,1003.14,1003.96,1002.98,1003.5,11262.0
2025-01-30 13:05:00,1003.5,1003.64,1001.4,1002.43,1518.0
2025-01-30 13:10:00,1002.43,1002.67,1001.21,1001.81,14354.0
2025-01-30 13:15:00,1001.81,1002.39,1001.72,1002.22,3629.0
2025-01-30 13:20:00,1002.22,1004.05,1002.22,1003.3,15860.0
2025-01-30 13:25:00,1003.3,1003.58,1002.14,1002.33,16158.0
2025-01-30 13:30:00,1002.33,1003.03,1001.81,1002.23,16663.0
2025-01-30 13:35:00,1002.23,1002.84,1002.04,1002.38,9832.0
2025-01-30 13:40:00,1002.38,1003.87,1002.32,1003.08,6088.0
2025-01-30 13:45:00,1003.08,1003.68,1002.48,1002.8,17746.0
2025-01-30 13:50:00,1002.8,1003.14,1001.54,1001.55,11616.0
2025-01-30 13:55:00,1001.55,1002.68,1000.27,1002.04,13073.0
2025-01-30 14:00:00,1002.04,1002.96,1001.98,1002.95,3593.0
2025-01-30 14:05:00,1002.95,1003.1,1002.8,1002.88,12847.0
2025-01-30 14:10:00,1002.88,1003.78,1002.19,1003.21,12021.0
2025-01-30 14:15:00,1003.21,1003.52,1002.61,1002.82,6552.0
2025-01-30 14:20:00,1002.82,1003.07,1001.69,1002.15,15570.0
2025-01-30 14:25:00,1002.15,1003.19,1001.61,1002.97,3539.0
2025-01-30 14:30:00,1002.97,1003.35,1002.1,1003.28,14668.0
2025-01-30 14:35:00,1003.28,1004.46,1003.27,1003.67,19262.0
2025-01-30 14:40:00,1003.67,1005.01,1003.12,1004.88,11777.0
2025-01-30 14:45:00,1004.88,1004.88,1004.02,1004.03,2991.0
2025-01-30 14:50:00,1004.03,1004.1,1003.46,1003.59,11512.0
2025-01-30 14:55:00,1003.59,1003.87,1002.84,1003.72,11051.0
2025-01-30 15:00:00,1003.72,1003.82,1003.08,1003.26,11491.0
2025-01-30 15:05:00,1003.26,1004.0,1003.0,1003.89,6178.0
2025-01-30 15:10:00,1003.89,1004.01,1003.03,1003.74,12895.0
2025-01-30 15:15:00,1003.74,1004.14,1002.49,1002.95,6018.0
2025-01-30 15:20:00,1002.95,1003.04,1002.64,1003.0,11599.0
2025-01-30 15:25:00,1003.0,1003.26,1002.54,1003.13,12297.0
2025-01-31 09:15:00,1001.33,1001.44,1000.9,1001.11,15563.0
2025-01-31 09:20:00,1001.11,1001.42,999.6,999.88,16289.0
2025-01-31 09:25:00,999.88,999.89,998.83,998.93,6493.0
2025-01-31 09:30:00,998.93,999.39,998.51,998.52,14698.0
2025-01-31 09:35:00,998.52,999.04,997.84,998.47,4789.0
2025-01-31 09:40:00,998.47,1000.37,998.01,999.89,7810.0
2025-01-31 09:45:00,999.89,1000.8,999.44,1000.32,18756.0
2025-01-31 09:50:00,1000.32,1000.73,999.28,999.59,6377.0
2025-01-31 09:55:00,999.59,999.78,998.91,999.0,17028.0
2025-01-31 10:00:00,999.0,1000.35,998.76,1000.1,9027.0
2025-01-31 10:05:00,1000.1,1001.67,999.37,1001.01,4987.0
2025-01-31 10:10:00,1001.01,1001.14,1000.41,1001.03,2843.0
2025-01-31 10:15:00,1001.03,1001.56,1000.41,1000.67,11416.0
2025-01-31 10:20:00,1000.67,1001.76,999.56,1001.57,9574.0
2025-01-31 10:25:00,1001.57,1002.38,1000.29,1000.78,10715.0
2025-01-31 10:30:00,1000.78,1001.16,1000.05,1001.09,1819.0
2025-01-31 10:35:00,1001.09,1003.9,1000.76,1002.92,6094.0
2025-01-31 10:40:00,1002.92,1003.15,1002.56,1003.08,1074.0
2025-01-31 10:45:00,1003.08,1003.09,1002.04,1002.46,6747.0
2025-01-31 10:50:00,1002.46,1003.3,1001.17,1002.79,18698.0
2025-01-31 10:55:00,1002.79,1003.23,1001.5,1002.41,3893.0
2025-01-31 11:00:00,1002.41,1002.61,1001.01,1001.29,14097.0
2025-01-31 11:05:00,1001.29,1002.11,1000.57,1001.85,1109.0
2025-01-31 11:10:00,1001.85,1003.26,1001.68,1002.75,11675.0
2025-01-31 11:15:00,1002.75,1003.22,1002.42,1002.5,18497.0
2025-01-31 11:20:00,1002.5,1002.96,1002.15,1002.2,7480.0
2025-01-31 11:25:00,1002.2,1002.34,1001.06,1001.43,4746.0
2025-01-31 11:30:00,1001.43,1001.45,1001.0,1001.31,11840.0
2025-01-31 11:35:00,1001.31,1001.33,1000.28,1000.86,6299.0
2025-01-31 11:40:00,1000.86,1001.17,999.55,1000.05,17939.0
2025-01-31 11:45:00,1000.05,1002.19,999.88,1001.56,17130.0
2025-01-31 11:50:00,1001.56,1002.08,1001.0,1001.94,13395.0
2025-01-31 11:55:00,1001.94,1003.19,1001.3,1002.4,13141.0
2025-01-31 12:00:00,1002.4,1003.46,1002.37,1003.1,12447.0
2025-01-31 12:05:00,1003.1,1003.82,1002.34,1003.72,14970.0
2025-01-31 12:10:00,1003.72,1004.06,1002.9,1003.39,9743.0
2025-01-31 12:15:00,1003.39,1004.3,1003.07,1003.61,19425.0
2025-01-31 12:20:00,1003.61,1004.41,1003.36,1003.39,7568.0
2025-01-31 12:25:00,1003.39,1004.22,1003.35,1003.75,1169.0
2025-01-31 12:30:00,1003.75,1004.03,1003.13,1004.02,14272.0
2025-01-31 12:35:00,1004.02,1004.11,1003.54,1003.71,13582.0
2025-01-31 12:40:00,1003.71,1003.95,1002.58,1002.65,19638.0
2025-01-31 12:45:00,1002.65,1003.44,1002.57,1002.76,8511.0
2025-01-31 12:50:00,1002.76,1002.94,1002.58,1002.6,9070.0
2025-01-31 12:55:00,1002.6,1002.78,1000.56,1001.09,11678.0
2025-01-31 13:00:00,1001.09,1001.51,1001.08,1001.49,8451.0
2025-01-31 13:05:00,1001.49,1002.4,1001.33,1002.27,15912.0
2025-01-31 13:10:00,1002.27,1004.36,1002.04,1004.3,9134.0
2025-01-31 13:15:00,1004.3,1004.35,1003.76,1003.98,15888.0
2025-01-31 13:20:00,1003.98,1004.67,1002.99,1003.55,9085.0
2025-01-31 13:25:00,1003.55,1003.64,1002.36,1002.66,5276.0
2025-01-31 13:30:00,1002.66,1002.85,1002.06,1002.83,19821.0
2025-01-31 13:35:00,1002.83,1003.33,1002.74,1002.99,11003.0
2025-01-31 13:40:00,1002.99,1003.28,1002.05,1002.34,14428.0
2025-01-31 13:45:00,1002.34,1002.88,1001.2,1002.2,12234.0
2025-01-31 13:50:00,1002.2,1002.85,1000.38,1000.61,7824.0
2025-01-31 13:55:00,1000.61,1001.43,1000.55,1001.35,19470.0
2025-01-31 14:00:00,1001.35,1001.58,1000.54,1000.74,8058.0
2025-01-31 14:05:00,1000.74,1000.8,1000.64,1000.71,19868.0
2025-01-31 14:10:00,1000.71,1000.92,999.37,999.57,9185.0
2025-01-31 14:15:00,999.57,999.69,998.25,999.1,1430.0
2025-01-31 14:20:00,999.1,999.12,998.51,998.88,1697.0
2025-01-31 14:25:00,998.88,998.93,998.77,998.87,19499.0
2025-01-31 14:30:00,998.87,999.43,998.74,999.25,11028.0
2025-01-31 14:35:00,999.25,1000.52,998.87,1000.4,8365.0
2025-01-31 14:40:00,1000.4,1001.09,999.82,1000.99,16416.0
2025-01-31 14:45:00,1000.99,1002.44,1000.9,1001.76,12725.0
2025-01-31 14:50:00,1001.76,1004.01,1001.11,1002.92,13550.0
2025-01-31 14:55:00,1002.92,1003.86,1002.84,1003.38,14023.0
2025-01-31 15:00:00,1003.38,1003.88,1002.79,1003.35,4769.0
2025-01-31 15:05:00,1003.35,1004.54,1003.26,1004.16,2677.0
2025-01-31 15:10:00,1004.16,1005.06,1004.14,1005.02,14832.0
2025-01-31 15:15:00,1005.02,1005.9,1004.67,1005.54,1414.0
2025-01-31 15:20:00,1005.54,1005.78,1004.13,1004.37,14669.0
2025-01-31 15:25:00,1004.37,1004.44,1002.5,1003.7,3468.0
2025-02-03 09:15:00,999.65,999.84,998.49,998.57,5988.0
2025-02-03 09:20:00,998.57,999.37,998.39,999.19,18619.0
2025-02-03 09:25:00,999.19,999.99,999.09,999.15,3592.0
2025-02-03 09:30:00,999.15,1000.25,998.81,999.85,18605.0
2025-02-03 09:35:00,999.85,1000.23,999.2,999.42,8811.0
2025-02-03 09:40:00,999.42,1000.19,999.12,1000.09,12256.0
2025-02-03 09:45:00,1000.09,1000.2,999.9,999.96,9390.0
2025-02-03 09:50:00,999.96,1000.54,998.78,999.37,7016.0
2025-02-03 09:55:00,999.37,999.69,998.72,999.05,3072.0
2025-02-03 10:00:00,999.05,999.25,998.04,998.1,12273.0
2025-02-03 10:05:00,998.1,1000.2,998.02,999.69,18416.0
2025-02-03 10:10:00,999.69,999.77,999.58,999.61,10894.0
2025-02-03 10:15:00,999.61,1000.18,998.96,1000.12,12383.0
2025-02-03 10:20:00,1000.12,1000.19,999.13,999.69,13231.0
2025-02-03 10:25:00,999.69,1000.05,998.54,998.85,8382.0
2025-02-03 10:30:00,998.85,999.44,998.26,998.67,3291.0
2025-02-03 10:35:00,998.67,999.84,998.42,999.55,10631.0
2025-02-03 10:40:00,999.55,999.56,998.88,999.13,17509.0
2025-02-03 10:45:00,999.13,999.55,997.95,998.44,6969.0
2025-02-03 10:50:00,998.44,999.39,998.04,998.56,17557.0
2025-02-03 10:55:00,998.56,999.01,998.48,998.96,17232.0
2025-02-03 11:00:00,998.96,1000.85,998.65,1000.27,5651.0
2025-02-03 11:05:00,1000.27,1001.23,1000.16,1000.56,11925.0
2025-02-03 11:10:00,1000.56,1001.21,1000.55,1001.07,15203.0
2025-02-03 11:15:00,1001.07,1002.43,1000.81,1001.65,10403.0
2025-02-03 11:20:00,1001.65,1001.66,1000.36,1000.72,14288.0
2025-02-03 11:25:00,1000.72,1001.11,999.68,999.95,18306.0
2025-02-03 11:30:00,999.95,1000.13,998.49,999.09,12918.0
2025-02-03 11:35:00,999.09,999.29,997.9,998.02,16921.0
2025-02-03 11:40:00,998.02,998.93,998.01,998.66,16218.0
2025-02-03 11:45:00,998.66,999.71,998.35,998.89,16443.0
2025-02-03 11:50:00,998.89,999.47,998.88,998.95,17194.0
2025-02-03 11:55:00,998.95,999.21,996.76,996.88,5286.0
2025-02-03 12:00:00,996.88,998.84,996.87,998.52,1348.0
2025-02-03 12:05:00,998.52,998.99,997.45,997.81,3909.0
2025-02-03 12:10:00,997.81,999.53,997.54,999.45,5743.0
2025-02-03 12:15:00,999.45,1000.15,998.24,998.29,14111.0
2025-02-03 12:20:00,998.29,999.13,997.64,997.64,10688.0
2025-02-03 12:25:00,997.64,998.3,995.54,995.88,9904.0
2025-02-03 12:30:00,995.88,996.31,995.85,996.17,1172.0
2025-02-03 12:35:00,996.17,996.59,994.58,995.3,13990.0
2025-02-03 12:40:00,995.3,995.69,994.38,994.44,7920.0
2025-02-03 12:45:00,994.44,994.56,993.26,993.35,15451.0
2025-02-03 12:50:00,993.35,994.22,993.28,993.97,3142.0
2025-02-03 12:55:00,993.97,994.56,993.45,994.53,6610.0
2025-02-03 13:00:00,994.53,996.17,994.12,995.98,2039.0
2025-02-03 13:05:00,995.98,996.62,995.22,995.43,6408.0
2025-02-03 13:10:00,995.43,995.82,994.98,995.61,18543.0
2025-02-03 13:15:00,995.61,995.87,994.57,994.58,10325.0
2025-02-03 13:20:00,994.58,995.64,994.12,994.31,9351.0
2025-02-03 13:25:00,994.31,994.34,993.41,993.9,6197.0
2025-02-03 13:30:00,993.9,995.1,993.28,994.27,6032.0
2025-02-03 13:35:00,994.27,995.61,993.77,995.08,13678.0
2025-02-03 13:40:00,995.08,996.6,994.74,995.87,19718.0
2025-02-03 13:45:00,995.87,995.99,995.0,995.2,15187.0
2025-02-03 13:50:00,995.2,996.47,994.47,995.99,15002.0
2025-02-03 13:55:00,995.99,996.67,995.86,995.96,9968.0
2025-02-03 14:00:00,995.96,996.05,995.59,995.7,2874.0
2025-02-03 14:05:00,995.7,996.0,994.85,995.13,14752.0
2025-02-03 14:10:00,995.13,995.15,994.29,994.69,16365.0
2025-02-03 14:15:00,994.69,997.11,994.46,996.08,10698.0
2025-02-03 14:20:00,996.08,996.75,995.99,996.32,2738.0
2025-02-03 14:25:00,996.32,996.47,995.95,996.46,14544.0
2025-02-03 14:30:00,996.46,996.8,995.79,996.25,18500.0
2025-02-03 14:35:00,996.25,998.98,996.25,998.2,5274.0
2025-02-03 14:40:00,998.2,999.4,997.76,999.24,4029.0
2025-02-03 14:45:00,999.24,999.65,998.28,998.67,15038.0
2025-02-03 14:50:00,998.67,999.25,998.23,998.45,7304.0
2025-02-03 14:55:00,998.45,998.54,998.09,998.28,14587.0
2025-02-03 15:00:00,998.28,998.42,998.15,998.4,14360.0
2025-02-03 15:05:00,998.4,999.08,997.58,997.84,6065.0
2025-02-03 15:10:00,997.84,998.28,997.81,998.19,1802.0
2025-02-03 15:15:00,998.19,999.41,997.73,999.35,11563.0
2025-02-03 15:20:00,999.35,999.69,998.13,998.3,8747.0
2025-02-03 15:25:00,998.3,998.83,996.94,997.4,17250.0
2025-02-04 09:15:00,1003.67,1004.03,1002.21,1002.26,11870.0
2025-02-04 09:20:00,1002.26,1002.55,1001.87,1001.98,11576.0
2025-02-04 09:25:00,1001.98,1003.47,1001.83,1003.0,18377.0
2025-02-04 09:30:00,1003.0,1003.2,1001.47,1001.83,5447.0
2025-02-04 09:35:00,1001.83,1003.12,1001.32,1002.29,6689.0
2025-02-04 09:40:00,1002.29,1003.87,1001.9,1003.27,12837.0
2025-02-04 09:45:00,1003.27,1003.94,1003.16,1003.33,10123.0
2025-02-04 09:50:00,1003.33,1003.99,1003.03,1003.77,19605.0
2025-02-04 09:55:00,1003.77,1005.36,1003.74,1005.19,2133.0
2025-02-04 10:00:00,1005.19,1006.78,1004.69,1006.76,3325.0
2025-02-04 10:05:00,1006.76,1007.32,1006.44,1006.71,7497.0
2025-02-04 10:10:00,1006.71,1006.86,1006.22,1006.28,9711.0
2025-02-04 10:15:00,1006.28,1006.28,1004.49,1005.54,17918.0
2025-02-04 10:20:00,1005.54,1007.09,1004.95,1006.32,10389.0
2025-02-04 10:25:00,1006.32,1006.43,1004.93,1005.22,9305.0
2025-02-04 10:30:00,1005.22,1005.69,1004.92,1005.02,4169.0
2025-02-04 10:35:00,1005.02,1005.61,1004.95,1005.1,9250.0
2025-02-04 10:40:00,1005.1,1005.51,1004.29,1004.7,11100.0
2025-02-04 10:45:00,1004.7,1005.21,1004.0,1004.92,12091.0
2025-02-04 10:50:00,1004.92,1007.42,1004.57,1006.98,12513.0
2025-02-04 10:55:00,1006.98,1007.37,1006.87,1006.89,9163.0
2025-02-04 11:00:00,1006.89,1006.9,1005.69,1006.54,3989.0
2025-02-04 11:05:00,1006.54,1007.91,1006.32,1007.35,3901.0
2025-02-04 11:10:00,1007.35,1007.62,1007.25,1007.55,3939.0
2025-02-04 11:15:00,1007.55,1009.04,1007.46,1008.71,12753.0
2025-02-04 11:20:00,1008.71,1009.02,1008.44,1008.84,17270.0
2025-02-04 11:25:00,1008.84,1008.94,1008.5,1008.64,17779.0
2025-02-04 11:30:00,1008.64,1009.1,1006.51,1007.2,6916.0
2025-02-04 11:35:00,1007.2,1007.46,1005.63,1005.9,2512.0
2025-02-04 11:40:00,1005.9,1006.6,1004.2,1004.42,12976.0
2025-02-04 11:45:00,1004.42,1004.76,1004.39,1004.73,1729.0
2025-02-04 11:50:00,1004.73,1005.13,1003.62,1003.63,12908.0
2025-02-04 11:55:00,1003.63,1004.77,1003.32,1004.64,8278.0
2025-02-04 12:00:00,1004.64,1005.31,1004.33,1004.66,16944.0
2025-02-04 12:05:00,1004.66,1005.07,1004.06,1004.47,12882.0
2025-02-04 12:10:00,1004.47,1005.01,1003.62,1003.79,15057.0
2025-02-04 12:15:00,1003.79,1004.35,1003.35,1004.29,8708.0
2025-02-04 12:20:00,1004.29,1005.05,1003.63,1003.64,16970.0
2025-02-04 12:25:00,1003.64,1003.68,1002.81,1002.85,10977.0
2025-02-04 12:30:00,1002.85,1003.82,1002.06,1003.81,12879.0
2025-02-04 12:35:00,1003.81,1004.35,1003.79,1004.09,7851.0
2025-02-04 12:40:00,1004.09,1005.17,1003.55,1003.9,9539.0
2025-02-04 12:45:00,1003.9,1004.5,1003.72,1004.42,16962.0
2025-02-04 12:50:00,1004.42,1004.45,1003.52,1004.43,8477.0
2025-02-04 12:55:00,1004.43,1005.33,1003.92,1004.73,1406.0
2025-02-04 13:00:00,1004.73,1005.12,1003.5,1004.08,8201.0
2025-02-04 13:05:00,1004.08,1006.2,1002.95,1005.74,8447.0
2025-02-04 13:10:00,1005.74,1006.24,1004.97,1005.28,8949.0
2025-02-04 13:15:00,1005.28,1006.63,1005.21,1006.53,2342.0
2025-02-04 13:20:00,1006.53,1006.89,1005.98,1006.38,3456.0
2025-02-04 13:25:00,1006.38,1007.1,1006.15,1007.03,7156.0
2025-02-04 13:30:00,1007.03,1007.7,1006.98,1007.62,9055.0
2025-02-04 13:35:00,1007.62,1009.16,1007.36,1008.54,1551.0
2025-02-04 13:40:00,1008.54,1008.68,1007.7,1007.86,8399.0
2025-02-04 13:45:00,1007.86,1008.81,1007.6,1008.73,7082.0
2025-02-04 13:50:00,1008.73,1010.59,1008.45,1010.22,1656.0
2025-02-04 13:55:00,1010.22,1010.66,1009.85,1010.01,5757.0
2025-02-04 14:00:00,1010.01,1010.36,1009.96,1010.04,6227.0
2025-02-04 14:05:00,1010.04,1010.62,1008.84,1009.62,3727.0
2025-02-04 14:10:00,1009.62,1009.86,1008.75,1009.34,15286.0
2025-02-04 14:15:00,1009.34,1010.79,1008.88,1010.72,2375.0
2025-02-04 14:20:00,1010.72,1011.22,1009.55,1009.91,11980.0
2025-02-04 14:25:00,1009.91,1009.95,1008.98,1009.15,13641.0
2025-02-04 14:30:00,1009.15,1010.46,1009.06,1010.45,16317.0
2025-02-04 14:35:00,1010.45,1011.65,1010.02,1010.96,11366.0
2025-02-04 14:40:00,1010.96,1013.33,1010.65,1012.67,11311.0
2025-02-04 14:45:00,1012.67,1012.68,1011.87,1012.31,15455.0
2025-02-04 14:50:00,1012.31,1012.59,1012.06,1012.41,17227.0
2025-02-04 14:55:00,1012.41,1013.0,1011.79,1011.87,5008.0
2025-02-04 15:00:00,1011.87,1012.31,1011.43,1011.99,16125.0
2025-02-04 15:05:00,1011.99,1012.12,1010.18,1010.56,9785.0
2025-02-04 15:10:00,1010.56,1011.24,1010.4,1011.11,2867.0
2025-02-04 15:15:00,1011.11,1011.5,1010.6,1011.37,12636.0
2025-02-04 15:20:00,1011.37,1011.38,1010.38,1011.32,19563.0
2025-02-04 15:25:00,1011.32,1011.59,1010.89,1011.01,3673.0
2025-02-05 09:15:00,1007.24,1007.25,1006.06,1006.67,1280.0
2025-02-05 09:20:00,1006.67,1008.0,1006.22,1007.68,10953.0
2025-02-05 09:25:00,1007.68,1008.92,1007.44,1008.88,12355.0
2025-02-05 09:30:00,1008.88,1009.27,1007.39,1007.95,16390.0
2025-02-05 09:35:00,1007.95,1008.62,1007.4,1007.58,11779.0
2025-02-05 09:40:00,1007.58,1007.92,1006.59,1007.52,14991.0
2025-02-05 09:45:00,1007.52,1008.19,1007.08,1008.0,15698.0
2025-02-05 09:50:00,1008.0,1008.33,1006.49,1006.58,17931.0
2025-02-05 09:55:00,1006.58,1007.02,1004.55,1005.29,7869.0
2025-02-05 10:00:00,1005.29,1005.85,1004.59,1005.68,14373.0
2025-02-05 10:05:00,1005.68,1006.23,1003.75,1004.11,5726.0
2025-02-05 10:10:00,1004.11,1004.28,1003.72,1003.76,17041.0
2025-02-05 10:15:00,1003.76,1003.97,1003.62,1003.89,19073.0
2025-02-05 10:20:00,1003.89,1004.65,1003.34,1004.22,6589.0
2025-02-05 10:25:00,1004.22,1004.95,1003.87,1004.11,11663.0
2025-02-05 10:30:00,1004.11,1004.9,1003.54,1003.81,16624.0
2025-02-05 10:35:00,1003.81,1005.47,1003.1,1004.49,1515.0
2025-02-05 10:40:00,1004.49,1005.81,1004.09,1004.72,14395.0
2025-02-05 10:45:00,1004.72,1004.76,1003.96,1004.2,16593.0
2025-02-05 10:50:00,1004.2,1004.52,1003.8,1004.23,17553.0
2025-02-05 10:55:00,1004.23,1004.64,1003.68,1004.54,4738.0
2025-02-05 11:00:00,1004.54,1006.09,1003.95,1005.92,15386.0
2025-02-05 11:05:00,1005.92,1006.88,1005.61,1006.55,15934.0
2025-02-05 11:10:00,1006.55,1007.58,1005.96,1007.53,1054.0
2025-02-05 11:15:00,1007.53,1007.9,1006.83,1007.04,14398.0
2025-02-05 11:20:00,1007.04,1007.11,1006.48,1006.62,12898.0
2025-02-05 11:25:00,1006.62,1006.82,1006.3,1006.43,19407.0
2025-02-05 11:30:00,1006.43,1006.9,1006.05,1006.31,1817.0
2025-02-05 11:35:00,1006.31,1006.97,1005.49,1005.5,19346.0
2025-02-05 11:40:00,1005.5,1007.32,1005.35,1006.52,11856.0
2025-02-05 11:45:00,1006.52,1007.49,1006.24,1007.23,6213.0
2025-02-05 11:50:00,1007.23,1007.29,1006.93,1006.98,8362.0
2025-02-05 11:55:00,1006.98,1007.66,1006.66,1007.5,15562.0
2025-02-05 12:00:00,1007.5,1007.9,1007.26,1007.68,19924.0
2025-02-05 12:05:00,1007.68,1008.98,1007.66,1008.26,7020.0
2025-02-05 12:10:00,1008.26,1008.5,1006.98,1007.18,19690.0
2025-02-05 12:15:00,1007.18,1007.79,1006.88,1007.06,12954.0
2025-02-05 12:20:00,1007.06,1007.62,1006.53,1007.01,4648.0
2025-02-05 12:25:00,1007.01,1007.68,1006.32,1007.52,12357.0
2025-02-05 12:30:00,1007.52,1007.62,1006.39,1007.01,16233.0
2025-02-05 12:35:00,1007.01,1007.7,1004.64,1005.0,2036.0
2025-02-05 12:40:00,1005.0,1005.33,1003.97,1004.13,2499.0
2025-02-05 12:45:00,1004.13,1004.57,1003.96,1004.08,1098.0
2025-02-05 12:50:00,1004.08,1004.73,1003.52,1004.13,11837.0
2025-02-05 12:55:00,1004.13,1006.22,1003.99,1005.48,2097.0
2025-02-05 13:00:00,1005.48,1006.05,1005.23,1005.95,18710.0
2025-02-05 13:05:00,1005.95,1006.2,1005.2,1006.02,3430.0
2025-02-05 13:10:00,1006.02,1006.52,1005.97,1005.99,2360.0
2025-02-05 13:15:00,1005.99,1007.13,1005.28,1006.88,5895.0
2025-02-05 13:20:00,1006.88,1007.08,1005.84,1006.41,15500.0
2025-02-05 13:25:00,1006.41,1006.84,1006.09,1006.29,18232.0
2025-02-05 13:30:00,1006.29,1006.41,1004.58,1005.42,5769.0
2025-02-05 13:35:00,1005.42,1006.75,1005.41,1006.56,10854.0
2025-02-05 13:40:00,1006.56,1007.01,1006.45,1006.88,15701.0
2025-02-05 13:45:00,1006.88,1007.26,1005.84,1006.31,16140.0
2025-02-05 13:50:00,1006.31,1006.62,1005.78,1006.21,3905.0
2025-02-05 13:55:00,1006.21,1007.32,1005.9,1006.62,16927.0
2025-02-05 14:00:00,1006.62,1007.16,1006.38,1006.42,17478.0
2025-02-05 14:05:00,1006.42,1007.07,1005.5,1005.99,14963.0
2025-02-05 14:10:00,1005.99,1006.4,1004.84,1005.47,11017.0
2025-02-05 14:15:00,1005.47,1005.74,1005.0,1005.74,8436.0
2025-02-05 14:20:00,1005.74,1005.94,1005.44,1005.45,17898.0
2025-02-05 14:25:00,1005.45,1005.59,1004.62,1005.09,17413.0
2025-02-05 14:30:00,1005.09,1005.41,1003.39,1004.01,10846.0
2025-02-05 14:35:00,1004.01,1004.68,1003.86,1004.07,15098.0
2025-02-05 14:40:00,1004.07,1004.55,1003.48,1003.93,8598.0
2025-02-05 14:45:00,1003.93,1004.09,1002.96,1003.67,15119.0
2025-02-05 14:50:00,1003.67,1003.9,1003.41,1003.83,2697.0
2025-02-05 14:55:00,1003.83,1004.74,1003.25,1004.43,18129.0
2025-02-05 15:00:00,1004.43,1005.39,1004.18,1004.99,10795.0
2025-02-05 15:05:00,1004.99,1005.9,1004.7,1005.44,12374.0
2025-02-05 15:10:00,1005.44,1005.61,1005.09,1005.25,4598.0
2025-02-05 15:15:00,1005.25,1005.35,1004.65,1004.79,11042.0
2025-02-05 15:20:00,1004.79,1005.56,1003.66,1003.95,1059.0
2025-02-05 15:25:00,1003.95,1003.97,1003.45,1003.47,17913.0
2025-02-06 09:15:00,1006.25,1006.27,1004.84,1005.33,19142.0
2025-02-06 09:20:00,1005.33,1006.59,1004.89,1005.65,7926.0
2025-02-06 09:25:00,1005.65,1005.92,1005.49,1005.66,11048.0
2025-02-06 09:30:00,1005.66,1006.18,1005.21,1005.94,12893.0
2025-02-06 09:35:00,1005.94,1006.22,1005.23,1005.52,16638.0
2025-02-06 09:40:00,1005.52,1007.5,1005.26,1006.64,10159.0
2025-02-06 09:45:00,1006.64,1007.29,1006.07,1006.55,8116.0
2025-02-06 09:50:00,1006.55,1008.32,1006.34,1007.98,17083.0
2025-02-06 09:55:00,1007.98,1008.08,1007.21,1007.35,19110.0
2025-02-06 10:00:00,1007.35,1008.11,1007.23,1007.95,11811.0
2025-02-06 10:05:00,1007.95,1008.08,1007.88,1007.9,2966.0
2025-02-06 10:10:00,1007.9,1008.42,1007.35,1007.63,6507.0
2025-02-06 10:15:00,1007.63,1008.71,1007.2,1008.14,9796.0
2025-02-06 10:20:00,1008.14,1008.72,1007.78,1007.9,14368.0
2025-02-06 10:25:00,1007.9,1007.98,1005.34,1005.76,13725.0
2025-02-06 10:30:00,1005.76,1006.18,1003.27,1003.3,16581.0
2025-02-06 10:35:00,1003.3,1004.33,1003.11,1004.32,1569.0
2025-02-06 10:40:00,1004.32,1005.7,1003.73,1005.31,9843.0
2025-02-06 10:45:00,1005.31,1007.37,1004.95,1006.83,14320.0
2025-02-06 10:50:00,1006.83,1006.92,1006.52,1006.81,19756.0
2025-02-06 10:55:00,1006.81,1007.12,1005.69,1005.77,3704.0
2025-02-06 11:00:00,1005.77,1005.85,1005.13,1005.43,17702.0
2025-02-06 11:05:00,1005.43,1006.01,1005.15,1005.44,1147.0
2025-02-06 11:10:00,1005.44,1005.77,1003.99,1004.63,4742.0
2025-02-06 11:15:00,1004.63,1006.01,1004.0,1005.96,17092.0
2025-02-06 11:20:00,1005.96,1007.84,1005.82,1007.76,15948.0
2025-02-06 11:25:00,1007.76,1008.73,1007.69,1008.15,19482.0
2025-02-06 11:30:00,1008.15,1008.32,1007.55,1008.14,12418.0
2025-02-06 11:35:00,1008.14,1008.43,1006.85,1007.1,12703.0
2025-02-06 11:40:00,1007.1,1008.56,1006.93,1008.34,11161.0
2025-02-06 11:45:00,1008.34,1008.48,1008.18,1008.4,10722.0
2025-02-06 11:50:00,1008.4,1008.44,1008.11,1008.17,10764.0
2025-02-06 11:55:00,1008.17,1008.89,1007.9,1008.56,6557.0
2025-02-06 12:00:00,1008.56,1009.37,1007.49,1008.09,17214.0
2025-02-06 12:05:00,1008.09,1008.43,1007.89,1008.2,7775.0
2025-02-06 12:10:00,1008.2,1008.35,1006.72,1007.04,12606.0
2025-02-06 12:15:00,1007.04,1007.97,1007.0,1007.92,13715.0
2025-02-06 12:20:00,1007.92,1008.4,1007.78,1007.83,11216.0
2025-02-06 12:25:00,1007.83,1009.56,1007.34,1008.77,12617.0
2025-02-06 12:30:00,1008.77,1009.08,1008.36,1008.61,1928.0
2025-02-06 12:35:00,1008.61,1009.16,1008.19,1008.5,7003.0
2025-02-06 12:40:00,1008.5,1008.81,1007.5,1007.52,9517.0
2025-02-06 12:45:00,1007.52,1008.82,1006.92,1008.13,8490.0
2025-02-06 12:50:00,1008.13,1008.88,1006.91,1007.43,18252.0
2025-02-06 12:55:00,1007.43,1007.81,1006.95,1007.03,18045.0
2025-02-06 13:00:00,1007.03,1007.32,1006.93,1007.03,14522.0
2025-02-06 13:05:00,1007.03,1007.21,1006.83,1007.13,7693.0
2025-02-06 13:10:00,1007.13,1007.15,1005.69,1005.76,1968.0
2025-02-06 13:15:00,1005.76,1005.89,1004.9,1005.57,15347.0
2025-02-06 13:20:00,1005.57,1006.46,1005.54,1006.21,17795.0
2025-02-06 13:25:00,1006.21,1006.5,1005.74,1005.91,10303.0
2025-02-06 13:30:00,1005.91,1005.98,1005.54,1005.73,16706.0
2025-02-06 13:35:00,1005.73,1006.81,1005.24,1005.86,18682.0
2025-02-06 13:40:00,1005.86,1006.55,1005.53,1005.76,11387.0
2025-02-06 13:45:00,1005.76,1005.85,1004.6,1004.93,4981.0
2025-02-06 13:50:00,1004.93,1005.11,1004.46,1004.9,1425.0
2025-02-06 13:55:00,1004.9,1006.28,1004.38,1005.7,15381.0
2025-02-06 14:00:00,1005.7,1005.82,1004.8,1004.85,11686.0
2025-02-06 14:05:00,1004.85,1005.43,1004.09,1004.55,3920.0
2025-02-06 14:10:00,1004.55,1005.05,1002.58,1003.44,2037.0
2025-02-06 14:15:00,1003.44,1005.16,1002.63,1004.2,19420.0
2025-02-06 14:20:00,1004.2,1004.63,1003.95,1004.12,7087.0
2025-02-06 14:25:00,1004.12,1004.21,1003.38,1003.44,7214.0
2025-02-06 14:30:00,1003.44,1004.09,1003.21,1003.51,12949.0
2025-02-06 14:35:00,1003.51,1003.98,1002.26,1002.55,7924.0
2025-02-06 14:40:00,1002.55,1002.66,1001.61,1001.72,18345.0
2025-02-06 14:45:00,1001.72,1002.3,1000.15,1000.55,13937.0
2025-02-06 14:50:00,1000.55,1001.3,999.49,999.7,7798.0
2025-02-06 14:55:00,999.7,1001.01,998.99,1000.78,6066.0
2025-02-06 15:00:00,1000.78,1001.0,999.99,1000.2,17340.0
2025-02-06 15:05:00,1000.2,1001.36,999.41,1000.57,12242.0
2025-02-06 15:10:00,1000.57,1001.2,999.54,999.9,18448.0
2025-02-06 15:15:00,999.9,1001.15,999.18,1000.51,7556.0
2025-02-06 15:20:00,1000.51,1000.73,998.64,999.69,1399.0
2025-02-06 15:25:00,999.69,999.9,999.46,999.72,18083.0
2025-02-07 09:15:00,995.79,995.93,995.59,995.76,5549.0
2025-02-07 09:20:00,995.76,995.95,995.26,995.62,13823.0
2025-02-07 09:25:00,995.62,996.54,995.42,995.92,17117.0
2025-02-07 09:30:00,995.92,997.46,995.54,996.91,15235.0
2025-02-07 09:35:00,996.91,997.09,995.66,995.85,12808.0
2025-02-07 09:40:00,995.85,996.35,995.47,996.31,1586.0
2025-02-07 09:45:00,996.31,997.38,996.27,997.13,12089.0
2025-02-07 09:50:00,997.13,997.16,996.94,996.98,3460.0
2025-02-07 09:55:00,996.98,997.06,996.75,996.87,12460.0
2025-02-07 10:00:00,996.87,997.34,996.2,997.2,14326.0
2025-02-07 10:05:00,997.2,997.66,996.92,997.48,11358.0
2025-02-07 10:10:00,997.48,998.04,996.92,997.94,6860.0
2025-02-07 10:15:00,997.94,998.47,997.53,998.39,2127.0
2025-02-07 10:20:00,998.39,998.63,997.58,997.61,13749.0
2025-02-07 10:25:00,997.61,998.65,997.14,998.4,14267.0
2025-02-07 10:30:00,998.4,999.62,997.95,999.33,10080.0
2025-02-07 10:35:00,999.33,999.84,999.16,999.48,14610.0
2025-02-07 10:40:00,999.48,999.71,998.06,998.29,15803.0
2025-02-07 10:45:00,998.29,998.5,998.03,998.19,10737.0
2025-02-07 10:50:00,998.19,998.78,997.98,998.35,1905.0
2025-02-07 10:55:00,998.35,998.76,997.19,997.44,17537.0
2025-02-07 11:00:00,997.44,997.82,996.41,997.15,9868.0
2025-02-07 11:05:00,997.15,997.43,995.84,996.02,13776.0
2025-02-07 11:10:00,996.02,997.01,995.8,996.51,18307.0
2025-02-07 11:15:00,996.51,996.87,996.24,996.64,7890.0
2025-02-07 11:20:00,996.64,996.72,994.75,995.33,12817.0
2025-02-07 11:25:00,995.33,996.01,995.15,995.61,1374.0
2025-02-07 11:30:00,995.61,995.94,995.16,995.56,17815.0
2025-02-07 11:35:00,995.56,996.31,995.33,995.98,2124.0
2025-02-07 11:40:00,995.98,996.27,994.8,995.66,11281.0
2025-02-07 11:45:00,995.66,995.88,994.93,995.03,7684.0
2025-02-07 11:50:00,995.03,995.06,994.12,994.41,1679.0
2025-02-07 11:55:00,994.41,994.62,993.53,993.98,9780.0
2025-02-07 12:00:00,993.98,994.32,993.61,994.0,18776.0
2025-02-07 12:05:00,994.0,994.63,993.82,994.12,4170.0
2025-02-07 12:10:00,994.12,994.42,993.47,993.97,6553.0
2025-02-07 12:15:00,993.97,994.24,993.61,993.63,4597.0
2025-02-07 12:20:00,993.63,993.64,992.73,993.35,3374.0
2025-02-07 12:25:00,993.35,995.46,993.13,995.34,5374.0
2025-02-07 12:30:00,995.34,995.79,994.57,994.73,11864.0
2025-02-07 12:35:00,994.73,994.8,993.67,994.29,15829.0
2025-02-07 12:40:00,994.29,997.08,994.05,996.91,14115.0
2025-02-07 12:45:00,996.91,997.63,996.49,997.25,15654.0
2025-02-07 12:50:00,997.25,997.84,995.44,996.15,14596.0
2025-02-07 12:55:00,996.15,997.44,995.81,996.82,8275.0
2025-02-07 13:00:00,996.82,996.97,996.02,996.09,18104.0
2025-02-07 13:05:00,996.09,996.85,995.94,996.82,4274.0
2025-02-07 13:10:00,996.82,997.17,996.31,996.65,14295.0
2025-02-07 13:15:00,996.65,996.91,996.19,996.3,3107.0
2025-02-07 13:20:00,996.3,997.61,996.21,997.58,15546.0
2025-02-07 13:25:00,997.58,998.26,997.48,998.03,2655.0
2025-02-07 13:30:00,998.03,998.88,998.01,998.81,5107.0
2025-02-07 13:35:00,998.81,999.47,998.78,999.16,8434.0
2025-02-07 13:40:00,999.16,999.2,998.74,998.8,14194.0
2025-02-07 13:45:00,998.8,999.8,998.56,999.29,1865.0
2025-02-07 13:50:00,999.29,1000.47,999.07,1000.26,5889.0
2025-02-07 13:55:00,1000.26,1000.74,1000.21,1000.37,7339.0
2025-02-07 14:00:00,1000.37,1002.18,1000.35,1001.81,14889.0
2025-02-07 14:05:00,1001.81,1002.63,1001.63,1002.49,19269.0
2025-02-07 14:10:00,1002.49,1003.09,1002.36,1002.66,12669.0
2025-02-07 14:15:00,1002.66,1003.31,1001.93,1002.86,10642.0
2025-02-07 14:20:00,1002.86,1003.25,1002.57,1002.97,7389.0
2025-02-07 14:25:00,1002.97,1003.13,1001.86,1001.97,16630.0
2025-02-07 14:30:00,1001.97,1002.44,1001.55,1001.9,3037.0
2025-02-07 14:35:00,1001.9,1002.74,1001.24,1002.08,3456.0
2025-02-07 14:40:00,1002.08,1002.09,1001.73,1001.74,4822.0
2025-02-07 14:45:00,1001.74,1002.75,1001.67,1002.01,6093.0
2025-02-07 14:50:00,1002.01,1002.15,1001.82,1002.03,9770.0
2025-02-07 14:55:00,1002.03,1003.09,1002.02,1002.65,18984.0
2025-02-07 15:00:00,1002.65,1003.56,1002.16,1003.18,13357.0
2025-02-07 15:05:00,1003.18,1003.48,1003.11,1003.32,8287.0
2025-02-07 15:10:00,1003.32,1004.26,1001.84,1002.22,5018.0
2025-02-07 15:15:00,1002.22,1004.11,1002.11,1003.66,13319.0
2025-02-07 15:20:00,1003.66,1003.84,1002.51,1003.54,5809.0
2025-02-07 15:25:00,1003.54,1004.07,1003.02,1003.48,19546.0
2025-02-10 09:15:00,1005.5,1006.38,1004.66,1005.05,13872.0
2025-02-10 09:20:00,1005.05,1005.48,1004.23,1004.72,19099.0
2025-02-10 09:25:00,1004.72,1004.76,1004.23,1004.35,6850.0
2025-02-10 09:30:00,1004.35,1005.64,1004.28,1005.34,13996.0
2025-02-10 09:35:00,1005.34,1005.81,1004.92,1005.31,17703.0
2025-02-10 09:40:00,1005.31,1005.72,1005.25,1005.37,9124.0
2025-02-10 09:45:00,1005.37,1005.54,1004.7,1005.02,9528.0
2025-02-10 09:50:00,1005.02,1005.6,1004.95,1005.39,4809.0
2025-02-10 09:55:00,1005.39,1006.92,1005.21,1006.47,9122.0
2025-02-10 10:00:00,1006.47,1007.04,1005.87,1007.0,17599.0
2025-02-10 10:05:00,1007.0,1007.99,1005.93,1007.55,13603.0
2025-02-10 10:10:00,1007.55,1008.12,1007.4,1008.04,4829.0
2025-02-10 10:15:00,1008.04,1008.54,1006.75,1006.93,11004.0
2025-02-10 10:20:00,1006.93,1007.38,1006.03,1006.22,14426.0
2025-02-10 10:25:00,1006.22,1006.22,1005.84,1006.06,2469.0
2025-02-10 10:30:00,1006.06,1007.0,1004.87,1005.47,15503.0
2025-02-10 10:35:00,1005.47,1005.92,1004.43,1004.62,4823.0
2025-02-10 10:40:00,1004.62,1004.92,1002.94,1003.11,6598.0
2025-02-10 10:45:00,1003.11,1003.73,1001.79,1002.03,8910.0
2025-02-10 10:50:00,1002.03,1002.16,1001.14,1001.83,10593.0
2025-02-10 10:55:00,1001.83,1001.96,1001.64,1001.77,18404.0
2025-02-10 11:00:00,1001.77,1002.36,1000.87,1001.14,5236.0
2025-02-10 11:05:00,1001.14,1001.43,1000.54,1001.2,5861.0
2025-02-10 11:10:00,1001.2,1001.46,1000.23,1000.85,8199.0
2025-02-10 11:15:00,1000.85,1001.75,1000.68,1001.72,17288.0
2025-02-10 11:20:00,1001.72,1001.87,1001.41,1001.6,19337.0
2025-02-10 11:25:00,1001.6,1002.22,1000.35,1002.15,9635.0
2025-02-10 11:30:00,1002.15,1002.74,1002.02,1002.32,14169.0
2025-02-10 11:35:00,1002.32,1002.64,1000.67,1001.19,18428.0
2025-02-10 11:40:00,1001.19,1001.24,1001.04,1001.12,17085.0
2025-02-10 11:45:00,1001.12,1001.3,999.74,1000.13,13944.0
2025-02-10 11:50:00,1000.13,1000.29,999.89,1000.04,11271.0
2025-02-10 11:55:00,1000.04,1000.38,999.29,999.45,19702.0
2025-02-10 12:00:00,999.45,999.81,999.21,999.75,5541.0
2025-02-10 12:05:00,999.75,1000.07,998.12,998.68,7892.0
2025-02-10 12:10:00,998.68,998.77,998.04,998.69,14544.0
2025-02-10 12:15:00,998.69,999.3,998.57,999.15,1396.0
2025-02-10 12:20:00,999.15,1000.13,999.06,999.88,10510.0
2025-02-10 12:25:00,999.88,1000.13,998.96,999.26,17234.0
2025-02-10 12:30:00,999.26,999.77,999.08,999.28,4360.0
2025-02-10 12:35:00,999.28,999.68,999.17,999.43,16258.0
2025-02-10 12:40:00,999.43,1001.07,999.15,1000.66,8836.0
2025-02-10 12:45:00,1000.66,1000.74,999.43,999.48,17349.0
2025-02-10 12:50:00,999.48,1000.43,998.48,998.75,13061.0
2025-02-10 12:55:00,998.75,1001.22,998.45,1000.99,3986.0
2025-02-10 13:00:00,1000.99,1001.38,1000.71,1000.78,14971.0
2025-02-10 13:05:00,1000.78,1000.83,999.17,999.26,2066.0
2025-02-10 13:10:00,999.26,999.31,998.19,998.8,5621.0
2025-02-10 13:15:00,998.8,1000.0,996.4,996.59,17879.0
2025-02-10 13:20:00,996.59,996.94,996.43,996.78,17643.0
2025-02-10 13:25:00,996.78,997.56,996.61,997.42,1880.0
2025-02-10 13:30:00,997.42,997.61,996.45,996.7,8211.0
2025-02-10 13:35:00,996.7,997.08,996.0,996.32,2788.0
2025-02-10 13:40:00,996.32,997.14,996.18,997.06,6151.0
2025-02-10 13:45:00,997.06,997.12,995.47,995.66,19381.0
2025-02-10 13:50:00,995.66,996.19,994.03,994.61,4707.0
2025-02-10 13:55:00,994.61,994.69,994.17,994.43,13187.0
2025-02-10 14:00:00,994.43,994.93,993.73,993.83,16279.0
2025-02-10 14:05:00,993.83,994.57,993.09,993.6,17738.0
2025-02-10 14:10:00,993.6,994.03,992.37,992.59,7729.0
2025-02-10 14:15:00,992.59,993.36,991.56,992.76,14240.0
2025-02-10 14:20:00,992.76,992.87,992.39,992.65,10184.0
2025-02-10 14:25:00,992.65,993.17,992.42,993.08,3039.0
2025-02-10 14:30:00,993.08,993.45,992.9,993.24,5233.0
2025-02-10 14:35:00,993.24,994.12,993.24,993.41,15215.0
2025-02-10 14:40:00,993.41,993.78,992.18,992.26,14035.0
2025-02-10 14:45:00,992.26,993.51,992.22,992.65,10900.0
2025-02-10 14:50:00,992.65,992.87,992.38,992.39,15839.0
2025-02-10 14:55:00,992.39,992.41,991.72,992.25,14133.0
2025-02-10 15:00:00,992.25,993.18,992.25,993.09,7449.0
2025-02-10 15:05:00,993.09,993.37,992.08,992.51,6585.0
2025-02-10 15:10:00,992.51,994.32,992.14,993.59,18956.0
2025-02-10 15:15:00,993.59,995.05,993.32,994.74,19464.0
2025-02-10 15:20:00,994.74,995.63,994.03,995.34,1581.0
2025-02-10 15:25:00,995.34,995.64,994.11,994.55,16024.0
2025-02-11 09:15:00,995.54,995.8,994.84,994.88,3525.0
2025-02-11 09:20:00,994.88,995.08,994.43,994.88,17792.0
2025-02-11 09:25:00,994.88,995.21,993.86,995.12,9697.0
2025-02-11 09:30:00,995.12,996.09,993.35,993.78,9027.0
2025-02-11 09:35:00,993.78,993.9,993.61,993.63,18691.0
2025-02-11 09:40:00,993.63,993.67,993.25,993.39,15760.0
2025-02-11 09:45:00,993.39,994.37,993.28,994.21,4976.0
2025-02-11 09:50:00,994.21,994.91,992.67,992.74,13944.0
2025-02-11 09:55:00,992.74,993.2,992.37,992.44,14589.0
2025-02-11 10:00:00,992.44,992.66,991.96,992.06,5444.0
2025-02-11 10:05:00,992.06,993.18,991.61,992.82,19581.0
2025-02-11 10:10:00,992.82,993.04,991.93,992.78,6640.0
2025-02-11 10:15:00,992.78,994.62,992.7,994.21,11442.0
2025-02-11 10:20:00,994.21,995.33,993.97,994.74,10380.0
2025-02-11 10:25:00,994.74,995.02,994.28,994.41,14151.0
2025-02-11 10:30:00,994.41,994.89,994.27,994.6,18131.0
2025-02-11 10:35:00,994.6,995.06,994.14,994.32,8471.0
2025-02-11 10:40:00,994.32,995.53,993.71,995.01,8306.0
2025-02-11 10:45:00,995.01,995.45,993.88,993.95,15275.0
2025-02-11 10:50:00,993.95,993.99,993.13,993.29,19093.0
2025-02-11 10:55:00,993.29,994.21,992.83,993.65,18268.0
2025-02-11 11:00:00,993.65,995.15,993.18,994.63,15302.0
2025-02-11 11:05:00,994.63,994.7,992.65,992.88,14358.0
2025-02-11 11:10:00,992.88,994.19,992.52,993.97,15605.0
2025-02-11 11:15:00,993.97,994.79,993.28,993.86,18782.0
2025-02-11 11:20:00,993.86,993.99,992.02,992.36,1202.0
2025-02-11 11:25:00,992.36,993.0,989.76,989.98,12184.0
2025-02-11 11:30:00,989.98,990.07,988.39,988.77,1646.0
2025-02-11 11:35:00,988.77,989.36,988.7,988.76,11965.0
2025-02-11 11:40:00,988.76,989.01,988.16,988.7,8499.0
2025-02-11 11:45:00,988.7,989.63,988.16,989.2,6787.0
2025-02-11 11:50:00,989.2,989.32,988.43,988.77,17928.0
2025-02-11 11:55:00,988.77,988.82,987.39,987.89,14482.0
2025-02-11 12:00:00,987.89,988.27,987.41,987.57,11780.0
2025-02-11 12:05:00,987.57,987.98,987.52,987.59,17757.0
2025-02-11 12:10:00,987.59,988.37,987.44,987.78,2860.0
2025-02-11 12:15:00,987.78,988.16,986.97,987.15,13280.0
2025-02-11 12:20:00,987.15,988.29,986.78,987.86,3968.0
2025-02-11 12:25:00,987.86,988.04,986.99,987.37,5427.0
2025-02-11 12:30:00,987.37,987.38,986.4,986.69,4517.0
2025-02-11 12:35:00,986.69,986.91,986.01,986.26,11338.0
2025-02-11 12:40:00,986.26,987.34,985.17,987.11,12951.0
2025-02-11 12:45:00,987.11,987.33,986.75,987.0,15362.0
2025-02-11 12:50:00,987.0,987.81,986.04,986.45,9371.0
2025-02-11 12:55:00,986.45,987.36,986.27,987.19,18847.0
2025-02-11 13:00:00,987.19,989.86,986.64,988.88,8097.0
2025-02-11 13:05:00,988.88,989.13,988.87,989.04,3975.0
2025-02-11 13:10:00,989.04,990.36,988.65,990.02,1693.0
2025-02-11 13:15:00,990.02,991.09,989.96,990.84,3422.0
2025-02-11 13:20:00,990.84,991.36,989.73,990.36,9457.0
2025-02-11 13:25:00,990.36,990.85,989.94,990.38,8845.0
2025-02-11 13:30:00,990.38,990.66,989.36,989.37,17230.0
2025-02-11 13:35:00,989.37,989.44,988.94,989.21,3386.0
2025-02-11 13:40:00,989.21,990.01,988.63,988.71,5984.0
2025-02-11 13:45:00,988.71,988.72,987.94,988.39,19628.0
2025-02-11 13:50:00,988.39,988.51,987.63,987.8,1542.0
2025-02-11 13:55:00,987.8,987.91,986.75,987.57,9061.0
2025-02-11 14:00:00,987.57,988.2,986.73,987.99,4766.0
2025-02-11 14:05:00,987.99,988.08,987.79,987.9,11138.0
2025-02-11 14:10:00,987.9,988.11,986.21,986.43,19499.0
2025-02-11 14:15:00,986.43,987.19,985.37,985.84,5314.0
2025-02-11 14:20:00,985.84,985.89,984.17,984.64,8036.0
2025-02-11 14:25:00,984.64,985.21,984.12,984.83,9533.0
2025-02-11 14:30:00,984.83,985.46,984.34,985.23,16171.0
2025-02-11 14:35:00,985.23,985.62,985.12,985.43,19709.0
2025-02-11 14:40:00,985.43,985.99,984.72,984.81,2834.0
2025-02-11 14:45:00,984.81,985.02,984.81,985.0,10285.0
2025-02-11 14:50:00,985.0,985.22,983.69,984.63,15299.0
2025-02-11 14:55:00,984.63,985.2,983.66,983.74,1167.0
2025-02-11 15:00:00,983.74,984.42,983.44,984.32,16316.0
2025-02-11 15:05:00,984.32,984.99,983.96,984.97,5608.0
2025-02-11 15:10:00,984.97,986.2,984.57,985.71,10849.0
2025-02-11 15:15:00,985.71,985.93,985.01,985.23,19590.0
2025-02-11 15:20:00,985.23,986.26,985.08,986.16,13067.0
2025-02-11 15:25:00,986.16,986.58,985.19,985.78,19792.0
2025-02-12 09:15:00,983.95,984.76,982.32,982.86,7145.0
2025-02-12 09:20:00,982.86,983.29,981.67,981.78,1590.0
2025-02-12 09:25:00,981.78,982.83,981.13,982.27,4224.0
2025-02-12 09:30:00,982.27,982.63,982.08,982.26,6857.0
2025-02-12 09:35:00,982.26,982.33,981.84,981.89,19760.0
2025-02-12 09:40:00,981.89,982.13,981.28,981.58,4889.0
2025-02-12 09:45:00,981.58,981.9,980.3,981.11,10648.0
2025-02-12 09:50:00,981.11,983.03,980.91,982.41,11397.0
2025-02-12 09:55:00,982.41,982.44,981.69,981.83,7836.0
2025-02-12 10:00:00,981.83,982.01,979.66,980.79,18456.0
2025-02-12 10:05:00,980.79,981.52,980.41,981.42,2771.0
2025-02-12 10:10:00,981.42,981.68,980.82,981.25,17536.0
2025-02-12 10:15:00,981.25,983.47,980.85,982.85,15130.0
2025-02-12 10:20:00,982.85,982.9,982.29,982.44,6810.0
2025-02-12 10:25:00,982.44,983.78,982.09,983.1,15586.0
2025-02-12 10:30:00,983.1,984.19,983.02,983.95,9143.0
2025-02-12 10:35:00,983.95,984.25,983.32,983.54,19442.0
2025-02-12 10:40:00,983.54,983.74,982.83,982.96,1694.0
2025-02-12 10:45:00,982.96,983.96,982.91,983.54,1565.0
2025-02-12 10:50:00,983.54,984.08,983.29,983.99,11339.0
2025-02-12 10:55:00,983.99,984.0,982.39,982.88,18697.0
2025-02-12 11:00:00,982.88,983.22,981.4,982.0,2203.0
2025-02-12 11:05:00,982.0,982.14,979.47,980.01,15780.0
2025-02-12 11:10:00,980.01,980.53,979.85,980.47,18833.0
2025-02-12 11:15:00,980.47,980.5,979.89,980.27,10241.0
2025-02-12 11:20:00,980.27,980.3,979.64,980.14,17471.0
2025-02-12 11:25:00,980.14,980.18,978.6,978.82,15381.0
2025-02-12 11:30:00,978.82,978.96,977.83,977.96,5069.0
2025-02-12 11:35:00,977.96,978.01,977.33,977.58,17229.0
2025-02-12 11:40:00,977.58,977.83,976.89,977.06,14288.0
2025-02-12 11:45:00,977.06,978.19,976.63,977.15,1238.0
2025-02-12 11:50:00,977.15,978.16,976.9,977.61,11792.0
2025-02-12 11:55:00,977.61,979.61,977.07,979.38,13433.0
2025-02-12 12:00:00,979.38,979.58,978.73,979.37,16225.0
2025-02-12 12:05:00,979.37,981.04,979.09,980.24,15654.0
2025-02-12 12:10:00,980.24,980.76,979.05,979.59,10037.0
2025-02-12 12:15:00,979.59,979.76,978.2,978.28,6680.0
2025-02-12 12:20:00,978.28,978.38,977.17,978.0,4643.0
2025-02-12 12:25:00,978.0,978.13,976.41,976.75,2691.0
2025-02-12 12:30:00,976.75,977.25,976.73,976.76,13157.0
2025-02-12 12:35:00,976.76,977.24,975.6,976.15,19235.0
2025-02-12 12:40:00,976.15,976.33,974.39,974.63,2525.0
2025-02-12 12:45:00,974.63,976.06,973.66,975.98,14351.0
2025-02-12 12:50:00,975.98,976.71,975.28,975.56,12107.0
2025-02-12 12:55:00,975.56,975.6,973.9,974.29,4265.0
2025-02-12 13:00:00,974.29,975.3,973.81,974.99,5041.0
2025-02-12 13:05:00,974.99,975.06,973.95,974.42,6404.0
2025-02-12 13:10:00,974.42,975.93,974.34,975.27,14013.0
2025-02-12 13:15:00,975.27,975.43,974.67,974.7,6674.0
2025-02-12 13:20:00,974.7,975.36,973.87,974.28,16732.0
2025-02-12 13:25:00,974.28,974.6,974.04,974.54,8025.0
2025-02-12 13:30:00,974.54,975.49,974.37,975.01,3080.0
2025-02-12 13:35:00,975.01,975.94,974.85,975.61,2814.0
2025-02-12 13:40:00,975.61,976.06,975.06,975.54,8605.0
2025-02-12 13:45:00,975.54,976.18,973.97,975.95,8750.0
2025-02-12 13:50:00,975.95,976.98,975.68,976.53,14936.0
2025-02-12 13:55:00,976.53,977.3,976.49,976.69,10092.0
2025-02-12 14:00:00,976.69,976.99,976.07,976.58,4110.0
2025-02-12 14:05:00,976.58,977.16,975.2,975.45,5052.0
2025-02-12 14:10:00,975.45,976.49,975.37,975.92,11763.0
2025-02-12 14:15:00,975.92,976.24,975.71,975.95,7349.0
2025-02-12 14:20:00,975.95,976.14,975.62,975.63,13764.0
2025-02-12 14:25:00,975.63,976.99,974.93,976.62,18537.0
2025-02-12 14:30:00,976.62,976.86,975.02,975.51,7741.0
2025-02-12 14:35:00,975.51,977.16,975.45,976.79,11485.0
2025-02-12 14:40:00,976.79,977.15,976.3,976.78,16807.0
2025-02-12 14:45:00,976.78,977.11,976.25,977.02,4996.0
2025-02-12 14:50:00,977.02,977.08,976.7,976.72,10702.0
2025-02-12 14:55:00,976.72,976.92,974.74,975.41,6799.0
2025-02-12 15:00:00,975.41,975.53,975.03,975.3,12912.0
2025-02-12 15:05:00,975.3,975.78,974.9,975.57,15118.0
2025-02-12 15:10:00,975.57,976.17,974.62,976.09,3676.0
2025-02-12 15:15:00,976.09,976.42,975.62,975.94,4561.0
2025-02-12 15:20:00,975.94,976.57,974.19,974.23,1440.0
2025-02-12 15:25:00,974.23,974.28,972.74,973.03,1229.0
2025-02-13 09:15:00,974.17,974.4,973.8,974.04,1964.0
2025-02-13 09:20:00,974.04,974.56,973.24,973.46,3073.0
2025-02-13 09:25:00,973.46,974.58,973.34,974.32,7870.0
2025-02-13 09:30:00,974.32,974.63,973.77,974.59,6843.0
2025-02-13 09:35:00,974.59,974.77,973.59,973.8,11153.0
2025-02-13 09:40:00,973.8,973.83,973.09,973.64,6711.0
2025-02-13 09:45:00,973.64,973.74,972.04,972.29,1035.0
2025-02-13 09:50:00,972.29,972.35,972.09,972.32,11071.0
2025-02-13 09:55:00,972.32,972.38,972.16,972.16,17120.0
2025-02-13 10:00:00,972.16,972.28,971.21,971.71,12110.0
2025-02-13 10:05:00,971.71,973.11,971.67,972.95,7876.0
2025-02-13 10:10:00,972.95,973.04,971.69,972.05,10165.0
2025-02-13 10:15:00,972.05,972.76,971.73,972.6,3663.0
2025-02-13 10:20:00,972.6,974.38,972.36,974.3,5495.0
2025-02-13 10:25:00,974.3,975.6,974.12,975.14,9320.0
2025-02-13 10:30:00,975.14,975.53,974.93,975.12,12254.0
2025-02-13 10:35:00,975.12,975.27,973.28,974.23,10237.0
2025-02-13 10:40:00,974.23,974.8,972.39,973.17,19294.0
2025-02-13 10:45:00,973.17,973.23,972.64,972.85,13110.0
2025-02-13 10:50:00,972.85,973.01,972.04,972.32,1436.0
2025-02-13 10:55:00,972.32,972.4,971.7,971.76,10966.0
2025-02-13 11:00:00,971.76,972.2,970.78,971.5,12073.0
2025-02-13 11:05:00,971.5,972.01,971.16,971.42,1826.0
2025-02-13 11:10:00,971.42,971.87,971.2,971.8,8315.0
2025-02-13 11:15:00,971.8,972.06,970.63,970.84,17558.0
2025-02-13 11:20:00,970.84,970.9,970.22,970.31,7780.0
2025-02-13 11:25:00,970.31,970.51,970.09,970.18,9673.0
2025-02-13 11:30:00,970.18,970.69,969.73,970.03,5202.0
2025-02-13 11:35:00,970.03,971.54,969.7,971.46,2462.0
2025-02-13 11:40:00,971.46,971.7,971.0,971.64,7045.0
2025-02-13 11:45:00,971.64,971.86,969.51,970.39,15683.0
2025-02-13 11:50:00,970.39,971.0,969.52,970.71,19680.0
2025-02-13 11:55:00,970.71,971.21,970.08,971.13,13542.0
2025-02-13 12:00:00,971.13,971.24,970.54,971.04,16786.0
2025-02-13 12:05:00,971.04,971.64,970.06,970.09,13339.0
2025-02-13 12:10:00,970.09,971.56,969.64,971.46,13515.0
2025-02-13 12:15:00,971.46,971.48,970.59,970.63,9111.0
2025-02-13 12:20:00,970.63,971.19,970.03,971.14,2162.0
2025-02-13 12:25:00,971.14,971.31,970.56,971.3,8799.0
2025-02-13 12:30:00,971.3,971.87,970.86,971.76,17432.0
2025-02-13 12:35:00,971.76,973.61,971.75,973.09,11190.0
2025-02-13 12:40:00,973.09,973.99,972.62,973.53,15477.0
2025-02-13 12:45:00,973.53,973.66,972.87,973.09,1961.0
2025-02-13 12:50:00,973.09,974.22,972.39,973.96,4823.0
2025-02-13 12:55:00,973.96,974.14,973.1,973.46,6680.0
2025-02-13 13:00:00,973.46,973.77,972.84,973.59,7827.0
2025-02-13 13:05:00,973.59,974.66,972.47,972.59,19769.0
2025-02-13 13:10:00,972.59,972.82,971.45,971.78,9776.0
2025-02-13 13:15:00,971.78,972.26,971.23,971.82,13581.0
2025-02-13 13:20:00,971.82,972.23,971.73,972.11,13244.0
2025-02-13 13:25:00,972.11,972.49,970.66,970.78,8959.0
2025-02-13 13:30:00,970.78,971.29,970.46,971.17,19360.0
2025-02-13 13:35:00,971.17,971.45,970.04,970.53,5224.0
2025-02-13 13:40:00,970.53,971.69,970.24,971.53,1656.0
2025-02-13 13:45:00,971.53,971.69,970.33,971.26,15158.0
2025-02-13 13:50:00,971.26,971.34,969.53,970.38,13422.0
2025-02-13 13:55:00,970.38,970.59,969.68,970.44,5945.0
2025-02-13 14:00:00,970.44,970.51,968.92,969.73,17491.0
2025-02-13 14:05:00,969.73,971.0,969.69,970.72,4085.0
2025-02-13 14:10:00,970.72,971.04,970.4,970.72,5768.0
2025-02-13 14:15:00,970.72,971.11,970.48,970.6,3935.0
2025-02-13 14:20:00,970.6,971.35,970.26,971.06,4538.0
2025-02-13 14:25:00,971.06,971.31,970.08,970.28,14856.0
2025-02-13 14:30:00,970.28,970.46,969.18,969.28,14366.0
2025-02-13 14:35:00,969.28,969.67,969.27,969.59,13213.0
2025-02-13 14:40:00,969.59,970.2,968.52,968.74,17354.0
2025-02-13 14:45:00,968.74,968.9,967.69,967.89,2326.0
2025-02-13 14:50:00,967.89,968.61,967.78,968.54,12788.0
2025-02-13 14:55:00,968.54,969.18,968.16,968.94,3185.0
2025-02-13 15:00:00,968.94,969.28,967.8,967.97,19157.0
2025-02-13 15:05:00,967.97,968.0,967.31,967.49,13043.0
2025-02-13 15:10:00,967.49,967.6,966.74,966.79,15438.0
2025-02-13 15:15:00,966.79,968.37,966.26,968.17,11851.0
2025-02-13 15:20:00,968.17,969.04,968.1,968.87,8289.0
2025-02-13 15:25:00,968.87,969.3,968.19,968.54,14033.0
2025-02-14 09:15:00,966.3,966.56,965.51,965.59,7254.0
2025-02-14 09:20:00,965.59,966.8,965.12,966.1,15797.0
2025-02-14 09:25:00,966.1,966.2,965.52,965.86,1349.0
2025-02-14 09:30:00,965.86,967.38,965.81,966.59,12340.0
2025-02-14 09:35:00,966.59,966.76,966.44,966.45,13985.0
2025-02-14 09:40:00,966.45,967.51,966.08,967.24,16377.0
2025-02-14 09:45:00,967.24,967.73,966.96,967.57,5223.0
2025-02-14 09:50:00,967.57,967.89,967.16,967.79,12238.0
2025-02-14 09:55:00,967.79,968.17,967.33,967.5,15585.0
2025-02-14 10:00:00,967.5,968.46,966.74,967.68,16149.0
2025-02-14 10:05:00,967.68,969.18,967.29,968.61,4337.0
2025-02-14 10:10:00,968.61,968.92,967.84,968.56,19553.0
2025-02-14 10:15:00,968.56,968.99,968.4,968.98,6205.0
2025-02-14 10:20:00,968.98,969.09,968.28,969.01,8428.0
2025-02-14 10:25:00,969.01,969.4,969.0,969.11,4649.0
2025-02-14 10:30:00,969.11,971.01,968.47,970.44,3848.0
2025-02-14 10:35:00,970.44,971.82,969.8,971.38,5853.0
2025-02-14 10:40:00,971.38,971.46,970.68,971.44,3572.0
2025-02-14 10:45:00,971.44,971.72,971.32,971.61,14922.0
2025-02-14 10:50:00,971.61,972.18,970.68,971.06,12352.0
2025-02-14 10:55:00,971.06,971.08,970.46,970.93,8410.0
2025-02-14 11:00:00,970.93,971.29,970.88,971.17,11394.0
2025-02-14 11:05:00,971.17,972.28,970.69,971.83,12479.0
2025-02-14 11:10:00,971.83,972.55,971.6,972.41,4500.0
2025-02-14 11:15:00,972.41,972.54,971.27,971.55,6642.0
2025-02-14 11:20:00,971.55,972.55,971.27,972.31,17759.0
2025-02-14 11:25:00,972.31,972.67,971.37,972.24,1229.0
2025-02-14 11:30:00,972.24,972.98,971.18,971.47,19178.0
2025-02-14 11:35:00,971.47,973.28,971.15,972.51,19321.0
2025-02-14 11:40:00,972.51,973.65,972.48,973.65,5811.0
2025-02-14 11:45:00,973.65,973.89,973.57,973.86,7093.0
2025-02-14 11:50:00,973.86,974.57,973.8,974.41,4930.0
2025-02-14 11:55:00,974.41,975.22,974.34,975.01,11652.0
2025-02-14 12:00:00,975.01,976.45,975.0,976.1,5064.0
2025-02-14 12:05:00,976.1,976.67,975.88,976.66,16022.0
2025-02-14 12:10:00,976.66,976.84,975.57,975.63,8361.0
2025-02-14 12:15:00,975.63,977.8,975.52,977.2,19381.0
2025-02-14 12:20:00,977.2,978.16,977.04,978.03,17211.0
2025-02-14 12:25:00,978.03,978.05,977.31,977.63,8624.0
2025-02-14 12:30:00,977.63,978.6,976.61,976.83,12323.0
2025-02-14 12:35:00,976.83,977.3,976.8,977.22,1463.0
2025-02-14 12:40:00,977.22,977.44,976.55,977.0,2283.0
2025-02-14 12:45:00,977.0,977.51,976.57,977.26,10614.0
2025-02-14 12:50:00,977.26,978.13,976.56,977.84,9986.0
2025-02-14 12:55:00,977.84,977.96,976.88,977.4,8567.0
2025-02-14 13:00:00,977.4,977.48,976.39,976.53,2716.0
2025-02-14 13:05:00,976.53,976.87,976.16,976.83,16957.0
2025-02-14 13:10:00,976.83,977.05,975.56,976.41,8718.0
2025-02-14 13:15:00,976.41,976.65,976.22,976.53,9930.0
2025-02-14 13:20:00,976.53,977.32,975.28,975.48,8666.0
2025-02-14 13:25:00,975.48,975.95,975.14,975.28,10449.0
2025-02-14 13:30:00,975.28,975.96,975.24,975.84,13318.0
2025-02-14 13:35:00,975.84,976.65,975.71,976.31,15515.0
2025-02-14 13:40:00,976.31,976.65,975.65,975.7,11439.0
2025-02-14 13:45:00,975.7,975.8,973.41,974.79,4153.0
2025-02-14 13:50:00,974.79,975.17,974.76,974.8,17620.0
2025-02-14 13:55:00,974.8,975.82,974.79,975.24,6407.0
2025-02-14 14:00:00,975.24,975.85,974.83,975.55,1309.0
2025-02-14 14:05:00,975.55,975.74,974.64,975.15,1741.0
2025-02-14 14:10:00,975.15,976.24,975.08,975.38,15705.0
2025-02-14 14:15:00,975.38,976.59,975.07,976.56,8352.0
2025-02-14 14:20:00,976.56,977.43,976.13,976.72,1430.0
2025-02-14 14:25:00,976.72,976.8,975.14,975.44,16417.0
2025-02-14 14:30:00,975.44,975.7,975.22,975.6,6781.0
2025-02-14 14:35:00,975.6,977.32,975.14,977.2,19581.0
2025-02-14 14:40:00,977.2,977.57,976.12,976.19,17713.0
2025-02-14 14:45:00,976.19,976.74,975.64,976.21,1915.0
2025-02-14 14:50:00,976.21,976.62,975.97,976.04,14117.0
2025-02-14 14:55:00,976.04,976.25,975.45,976.11,12461.0
2025-02-14 15:00:00,976.11,976.62,975.82,976.26,4267.0
2025-02-14 15:05:00,976.26,977.21,975.86,977.16,7518.0
2025-02-14 15:10:00,977.16,977.41,976.9,977.22,10324.0
2025-02-14 15:15:00,977.22,978.62,977.13,978.22,3776.0
2025-02-14 15:20:00,978.22,978.65,978.04,978.13,14716.0
2025-02-14 15:25:00,978.13,978.3,977.6,977.85,6268.0
2025-02-17 09:15:00,977.51,978.22,976.91,977.35,18809.0
2025-02-17 09:20:00,977.35,977.35,975.05,975.13,1225.0
2025-02-17 09:25:00,975.13,975.89,974.6,974.87,7930.0
2025-02-17 09:30:00,974.87,975.14,973.12,973.82,15018.0
2025-02-17 09:35:00,973.82,974.33,973.55,973.99,10455.0
2025-02-17 09:40:00,973.99,974.29,973.34,974.11,16045.0
2025-02-17 09:45:00,974.11,974.67,974.06,974.65,10015.0
2025-02-17 09:50:00,974.65,976.21,974.2,975.74,2223.0
2025-02-17 09:55:00,975.74,975.87,975.16,975.72,9239.0
2025-02-17 10:00:00,975.72,977.77,975.27,977.5,8685.0
2025-02-17 10:05:00,977.5,978.24,976.86,977.68,17066.0
2025-02-17 10:10:00,977.68,977.7,976.61,976.66,3799.0
2025-02-17 10:15:00,976.66,977.08,976.06,976.22,3950.0
2025-02-17 10:20:00,976.22,976.49,975.34,975.93,3688.0
2025-02-17 10:25:00,975.93,976.94,975.72,976.39,11785.0
2025-02-17 10:30:00,976.39,976.5,974.87,975.65,19915.0
2025-02-17 10:35:00,975.65,975.82,975.01,975.42,12753.0
2025-02-17 10:40:00,975.42,975.47,975.07,975.29,16509.0
2025-02-17 10:45:00,975.29,975.49,974.63,974.94,17173.0
2025-02-17 10:50:00,974.94,975.58,974.44,975.58,12411.0
2025-02-17 10:55:00,975.58,976.25,975.15,976.08,12574.0
2025-02-17 11:00:00,976.08,977.36,976.02,976.99,5618.0
2025-02-17 11:05:00,976.99,977.07,975.78,976.73,19240.0
2025-02-17 11:10:00,976.73,978.26,976.58,977.67,15968.0
2025-02-17 11:15:00,977.67,978.33,976.03,976.6,17571.0
2025-02-17 11:20:00,976.6,977.28,975.04,975.52,19690.0
2025-02-17 11:25:00,975.52,975.76,974.39,974.57,7626.0
2025-02-17 11:30:00,974.57,975.03,974.11,974.58,3731.0
2025-02-17 11:35:00,974.58,975.63,974.38,975.52,17338.0
2025-02-17 11:40:00,975.52,975.57,974.29,975.05,9986.0
2025-02-17 11:45:00,975.05,975.07,974.12,974.68,19211.0
2025-02-17 11:50:00,974.68,974.85,974.06,974.51,14195.0
2025-02-17 11:55:00,974.51,975.02,974.14,974.95,5886.0
2025-02-17 12:00:00,974.95,976.01,974.41,974.58,7741.0
2025-02-17 12:05:00,974.58,974.71,973.71,974.17,12593.0
2025-02-17 12:10:00,974.17,974.33,972.52,973.12,8492.0
2025-02-17 12:15:00,973.12,973.76,972.49,972.67,6354.0
2025-02-17 12:20:00,972.67,974.25,972.52,973.59,4986.0
2025-02-17 12:25:00,973.59,974.19,973.14,973.66,13341.0
2025-02-17 12:30:00,973.66,973.8,972.29,973.08,1668.0
2025-02-17 12:35:00,973.08,974.66,973.08,974.05,2779.0
2025-02-17 12:40:00,974.05,974.64,973.05,973.59,1808.0
2025-02-17 12:45:00,973.59,975.09,973.24,974.7,14949.0
2025-02-17 12:50:00,974.7,975.93,974.5,975.79,1557.0
2025-02-17 12:55:00,975.79,975.9,975.59,975.84,8976.0
2025-02-17 13:00:00,975.84,976.38,974.1,974.67,3305.0
2025-02-17 13:05:00,974.67,976.93,974.1,976.45,12158.0
2025-02-17 13:10:00,976.45,977.21,975.72,976.76,1653.0
2025-02-17 13:15:00,976.76,976.94,976.29,976.5,1491.0
2025-02-17 13:20:00,976.5,977.39,976.46,977.25,8809.0
2025-02-17 13:25:00,977.25,978.1,976.85,977.8,14213.0
2025-02-17 13:30:00,977.8,979.15,977.7,978.83,3082.0
2025-02-17 13:35:00,978.83,978.9,977.78,978.31,10423.0
2025-02-17 13:40:00,978.31,978.69,978.13,978.56,16396.0
2025-02-17 13:45:00,978.56,979.0,977.32,977.63,12879.0
2025-02-17 13:50:00,977.63,978.8,977.43,978.15,15255.0
2025-02-17 13:55:00,978.15,978.44,978.1,978.13,6997.0
2025-02-17 14:00:00,978.13,978.46,977.74,978.35,18898.0
2025-02-17 14:05:00,978.35,978.49,977.62,978.24,3770.0
2025-02-17 14:10:00,978.24,978.43,977.85,978.04,12500.0
2025-02-17 14:15:00,978.04,978.25,976.66,977.36,9273.0
2025-02-17 14:20:00,977.36,978.72,977.3,977.98,1603.0
2025-02-17 14:25:00,977.98,979.31,977.77,979.15,18935.0
2025-02-17 14:30:00,979.15,979.36,978.02,978.71,14342.0
2025-02-17 14:35:00,978.71,979.83,978.48,979.14,5328.0
2025-02-17 14:40:00,979.14,979.66,979.07,979.48,1994.0
2025-02-17 14:45:00,979.48,979.52,979.2,979.49,13840.0
2025-02-17 14:50:00,979.49,979.98,977.81,978.29,11356.0
2025-02-17 14:55:00,978.29,978.36,977.0,977.28,1947.0
2025-02-17 15:00:00,977.28,977.86,976.44,976.67,19735.0
2025-02-17 15:05:00,976.67,976.96,974.5,975.0,14643.0
2025-02-17 15:10:00,975.0,976.26,974.65,976.09,9790.0
2025-02-17 15:15:00,976.09,976.49,975.59,976.38,5530.0
2025-02-17 15:20:00,976.38,976.42,976.32,976.36,6149.0
2025-02-17 15:25:00,976.36,976.66,974.31,974.65,9578.0
2025-02-18 09:15:00,978.6,979.91,977.93,979.66,1419.0
2025-02-18 09:20:00,979.66,980.24,978.12,978.74,4318.0
2025-02-18 09:25:00,978.74,978.82,976.29,976.77,3775.0
2025-02-18 09:30:00,976.77,976.92,976.64,976.71,7375.0
2025-02-18 09:35:00,976.71,977.61,976.29,977.59,3468.0
2025-02-18 09:40:00,977.59,979.08,976.89,978.83,4269.0
2025-02-18 09:45:00,978.83,979.06,977.94,978.15,17200.0
2025-02-18 09:50:00,978.15,979.68,977.62,979.52,9825.0
2025-02-18 09:55:00,979.52,979.59,977.67,977.78,7802.0
2025-02-18 10:00:00,977.78,978.61,977.07,977.49,8958.0
2025-02-18 10:05:00,977.49,977.66,976.99,977.16,19441.0
2025-02-18 10:10:00,977.16,978.52,977.14,978.06,10333.0
2025-02-18 10:15:00,978.06,979.5,977.5,979.08,9910.0
2025-02-18 10:20:00,979.08,980.03,978.9,979.83,18631.0
2025-02-18 10:25:00,979.83,980.11,978.47,978.77,1708.0
2025-02-18 10:30:00,978.77,979.6,978.71,979.45,10088.0
2025-02-18 10:35:00,979.45,980.12,979.12,979.85,15216.0
2025-02-18 10:40:00,979.85,979.86,978.37,978.54,10777.0
2025-02-18 10:45:00,978.54,979.48,976.72,976.92,17496.0
2025-02-18 10:50:00,976.92,978.29,976.39,977.73,17846.0
2025-02-18 10:55:00,977.73,978.19,977.52,977.59,7389.0
2025-02-18 11:00:00,977.59,977.89,976.54,976.59,16537.0
2025-02-18 11:05:00,976.59,977.27,976.21,976.42,5635.0
2025-02-18 11:10:00,976.42,977.27,976.1,976.71,5554.0
2025-02-18 11:15:00,976.71,977.24,976.46,976.64,19571.0
2025-02-18 11:20:00,976.64,977.03,975.31,975.43,1245.0
2025-02-18 11:25:00,975.43,977.12,975.07,976.9,7709.0
2025-02-18 11:30:00,976.9,977.91,976.56,977.69,12960.0
2025-02-18 11:35:00,977.69,978.17,976.91,977.43,8856.0
2025-02-18 11:40:00,977.43,977.88,975.95,977.2,17052.0
2025-02-18 11:45:00,977.2,977.68,977.17,977.48,5780.0
2025-02-18 11:50:00,977.48,977.51,976.27,976.59,11504.0
2025-02-18 11:55:00,976.59,976.92,976.44,976.85,3378.0
2025-02-18 12:00:00,976.85,977.18,975.04,975.81,5012.0
2025-02-18 12:05:00,975.81,977.15,975.5,975.75,4297.0
2025-02-18 12:10:00,975.75,975.91,974.66,974.84,15085.0
2025-02-18 12:15:00,974.84,975.13,973.57,973.97,4851.0
2025-02-18 12:20:00,973.97,975.76,973.81,975.25,13721.0
2025-02-18 12:25:00,975.25,975.42,975.03,975.3,7566.0
2025-02-18 12:30:00,975.3,975.83,975.28,975.46,11735.0
2025-02-18 12:35:00,975.46,975.64,973.66,973.89,17603.0
2025-02-18 12:40:00,973.89,974.07,973.05,973.43,17403.0
2025-02-18 12:45:00,973.43,973.97,973.39,973.78,1213.0
2025-02-18 12:50:00,973.78,974.71,973.47,973.94,15900.0
2025-02-18 12:55:00,973.94,974.22,972.08,972.26,19157.0
2025-02-18 13:00:00,972.26,972.47,972.01,972.42,13691.0
2025-02-18 13:05:00,972.42,972.95,972.02,972.71,4557.0
2025-02-18 13:10:00,972.71,974.05,972.64,973.71,13630.0
2025-02-18 13:15:00,973.71,974.2,973.04,973.19,13086.0
2025-02-18 13:20:00,973.19,973.36,971.41,971.45,13581.0
2025-02-18 13:25:00,971.45,971.86,970.28,970.68,9147.0
2025-02-18 13:30:00,970.68,970.93,969.11,969.82,10978.0
2025-02-18 13:35:00,969.82,970.75,969.62,970.4,13385.0
2025-02-18 13:40:00,970.4,970.75,967.92,968.29,9814.0
2025-02-18 13:45:00,968.29,968.88,967.25,967.94,15697.0
2025-02-18 13:50:00,967.94,969.69,967.8,969.05,14482.0
2025-02-18 13:55:00,969.05,969.4,968.63,969.05,6759.0
2025-02-18 14:00:00,969.05,970.07,968.82,969.75,12599.0
2025-02-18 14:05:00,969.75,970.78,968.31,968.48,15373.0
2025-02-18 14:10:00,968.48,968.67,966.87,967.23,10309.0
2025-02-18 14:15:00,967.23,968.76,967.2,968.35,14585.0
2025-02-18 14:20:00,968.35,968.65,968.25,968.43,3406.0
2025-02-18 14:25:00,968.43,968.67,968.39,968.51,8338.0
2025-02-18 14:30:00,968.51,968.92,967.57,967.64,14336.0
2025-02-18 14:35:00,967.64,967.92,967.22,967.72,18007.0
2025-02-18 14:40:00,967.72,967.91,966.67,966.83,13273.0
2025-02-18 14:45:00,966.83,968.01,966.65,967.75,13609.0
2025-02-18 14:50:00,967.75,970.15,967.67,969.86,7502.0
2025-02-18 14:55:00,969.86,970.34,969.82,970.24,14317.0
2025-02-18 15:00:00,970.24,970.35,969.1,969.75,7770.0
2025-02-18 15:05:00,969.75,970.47,967.54,967.78,1989.0
2025-02-18 15:10:00,967.78,967.94,965.98,966.48,5687.0
2025-02-18 15:15:00,966.48,967.82,966.2,967.68,12613.0
2025-02-18 15:20:00,967.68,967.91,966.46,966.89,19276.0
2025-02-18 15:25:00,966.89,967.11,966.12,966.6,10420.0
2025-02-19 09:15:00,963.53,964.15,962.92,963.73,17343.0
2025-02-19 09:20:00,963.73,963.8,962.83,962.99,15584.0
2025-02-19 09:25:00,962.99,963.36,962.6,962.75,10458.0
2025-02-19 09:30:00,962.75,964.79,962.69,964.14,10661.0
2025-02-19 09:35:00,964.14,964.21,963.38,963.78,9144.0
2025-02-19 09:40:00,963.78,964.27,963.39,963.56,1555.0
2025-02-19 09:45:00,963.56,964.08,962.71,962.83,10512.0
2025-02-19 09:50:00,962.83,963.92,962.35,963.72,5506.0
2025-02-19 09:55:00,963.72,964.4,961.06,961.2,4803.0
2025-02-19 10:00:00,961.2,961.75,960.67,960.86,2062.0
2025-02-19 10:05:00,960.86,960.93,960.69,960.83,9696.0
2025-02-19 10:10:00,960.83,960.85,960.1,960.32,1909.0
2025-02-19 10:15:00,960.32,961.38,959.18,960.98,17144.0
2025-02-19 10:20:00,960.98,962.2,960.73,961.91,17900.0
2025-02-19 10:25:00,961.91,961.91,960.03,960.82,16218.0
2025-02-19 10:30:00,960.82,962.7,960.21,962.43,6718.0
2025-02-19 10:35:00,962.43,962.51,961.05,961.34,4097.0
2025-02-19 10:40:00,961.34,962.98,960.82,962.33,10588.0
2025-02-19 10:45:00,962.33,963.07,962.07,962.45,13794.0
2025-02-19 10:50:00,962.45,962.88,961.57,962.06,1391.0
2025-02-19 10:55:00,962.06,962.19,961.46,961.74,17279.0
2025-02-19 11:00:00,961.74,961.74,961.64,961.72,9332.0
2025-02-19 11:05:00,961.72,962.28,961.62,961.88,16575.0
2025-02-19 11:10:00,961.88,962.23,961.1,961.17,2481.0
2025-02-19 11:15:00,961.17,961.39,960.65,960.99,9087.0
2025-02-19 11:20:00,960.99,961.03,960.24,960.4,9708.0
2025-02-19 11:25:00,960.4,960.76,959.2,959.46,1913.0
2025-02-19 11:30:00,959.46,959.61,958.77,958.84,14441.0
2025-02-19 11:35:00,958.84,958.86,957.2,957.96,18692.0
2025-02-19 11:40:00,957.96,958.2,957.54,957.63,11271.0
2025-02-19 11:45:00,957.63,957.98,957.3,957.96,8521.0
2025-02-19 11:50:00,957.96,958.11,957.76,958.06,13084.0
2025-02-19 11:55:00,958.06,959.63,957.95,959.57,7858.0
2025-02-19 12:00:00,959.57,959.73,957.83,957.88,7835.0
2025-02-19 12:05:00,957.88,958.74,957.53,958.24,15430.0
2025-02-19 12:10:00,958.24,958.27,957.96,958.24,12227.0
2025-02-19 12:15:00,958.24,959.17,958.14,958.87,6015.0
2025-02-19 12:20:00,958.87,959.81,958.6,959.42,8741.0
2025-02-19 12:25:00,959.42,959.51,959.14,959.29,16860.0
2025-02-19 12:30:00,959.29,959.7,959.26,959.42,11045.0
2025-02-19 12:35:00,959.42,959.49,958.73,958.85,2444.0
2025-02-19 12:40:00,958.85,959.53,957.82,959.32,17283.0
2025-02-19 12:45:00,959.32,959.54,957.29,957.88,15073.0
2025-02-19 12:50:00,957.88,958.72,957.51,958.48,6070.0
2025-02-19 12:55:00,958.48,959.4,958.13,958.46,19350.0
2025-02-19 13:00:00,958.46,958.76,958.04,958.09,19085.0
2025-02-19 13:05:00,958.09,958.8,956.92,957.91,19919.0
2025-02-19 13:10:00,957.91,958.45,957.42,957.79,8178.0
2025-02-19 13:15:00,957.79,958.98,957.51,958.78,18552.0
2025-02-19 13:20:00,958.78,962.1,958.77,961.26,16321.0
2025-02-19 13:25:00,961.26,962.85,960.94,962.2,17544.0
2025-02-19 13:30:00,962.2,962.47,961.43,961.77,11394.0
2025-02-19 13:35:00,961.77,962.39,961.56,962.25,6298.0
2025-02-19 13:40:00,962.25,963.49,962.0,962.77,5308.0
2025-02-19 13:45:00,962.77,962.83,961.55,962.06,19366.0
2025-02-19 13:50:00,962.06,962.27,960.39,961.09,10546.0
2025-02-19 13:55:00,961.09,961.4,960.95,961.04,18630.0
2025-02-19 14:00:00,961.04,961.72,960.44,961.66,11539.0
2025-02-19 14:05:00,961.66,961.84,959.84,960.42,11153.0
2025-02-19 14:10:00,960.42,960.75,959.28,959.87,2391.0
2025-02-19 14:15:00,959.87,961.05,959.47,960.31,8639.0
2025-02-19 14:20:00,960.31,960.37,960.15,960.34,11567.0
2025-02-19 14:25:00,960.34,961.77,960.11,961.43,3076.0
2025-02-19 14:30:00,961.43,961.59,959.76,960.34,4078.0
2025-02-19 14:35:00,960.34,962.27,959.56,962.15,12222.0
2025-02-19 14:40:00,962.15,962.58,960.58,960.97,5714.0
2025-02-19 14:45:00,960.97,961.03,959.33,959.41,14310.0
2025-02-19 14:50:00,959.41,959.49,959.28,959.36,9747.0
2025-02-19 14:55:00,959.36,959.62,958.22,958.49,8675.0
2025-02-19 15:00:00,958.49,958.67,958.29,958.46,3230.0
2025-02-19 15:05:00,958.46,958.52,958.09,958.41,8714.0
2025-02-19 15:10:00,958.41,958.7,958.13,958.26,11302.0
2025-02-19 15:15:00,958.26,958.26,957.53,957.61,11892.0
2025-02-19 15:20:00,957.61,958.05,957.33,957.94,6133.0
2025-02-19 15:25:00,957.94,958.18,957.25,957.7,1527.0
2025-02-20 09:15:00,962.38,963.32,961.87,962.7,8473.0
2025-02-20 09:20:00,962.7,962.94,962.44,962.9,11721.0
2025-02-20 09:25:00,962.9,963.24,962.6,963.0,6556.0
2025-02-20 09:30:00,963.0,965.24,962.39,964.34,8844.0
2025-02-20 09:35:00,964.34,964.49,962.74,963.23,7700.0
2025-02-20 09:40:00,963.23,964.94,962.48,964.65,3051.0
2025-02-20 09:45:00,964.65,964.89,964.27,964.51,15947.0
2025-02-20 09:50:00,964.51,964.51,963.33,963.42,17934.0
2025-02-20 09:55:00,963.42,963.67,962.31,962.84,10348.0
2025-02-20 10:00:00,962.84,963.06,961.45,961.57,4888.0
2025-02-20 10:05:00,961.57,962.45,961.36,962.07,13218.0
2025-02-20 10:10:00,962.07,962.47,961.19,961.28,11147.0
2025-02-20 10:15:00,961.28,962.04,961.25,961.41,11473.0
2025-02-20 10:20:00,961.41,962.59,961.22,962.28,12301.0
2025-02-20 10:25:00,962.28,962.46,961.72,961.76,14640.0
2025-02-20 10:30:00,961.76,961.99,961.19,961.55,1774.0
2025-02-20 10:35:00,961.55,961.99,959.51,960.55,2888.0
2025-02-20 10:40:00,960.55,961.59,960.18,960.25,2818.0
2025-02-20 10:45:00,960.25,962.41,959.79,962.23,3938.0
2025-02-20 10:50:00,962.23,962.99,961.51,962.83,19462.0
2025-02-20 10:55:00,962.83,963.06,962.35,962.63,14870.0
2025-02-20 11:00:00,962.63,962.89,961.51,962.16,13625.0
2025-02-20 11:05:00,962.16,962.21,962.06,962.12,14278.0
2025-02-20 11:10:00,962.12,962.38,962.12,962.22,1637.0
2025-02-20 11:15:00,962.22,963.23,961.7,961.9,5053.0
2025-02-20 11:20:00,961.9,962.36,961.9,962.31,16089.0
2025-02-20 11:25:00,962.31,962.38,961.28,961.58,9792.0
2025-02-20 11:30:00,961.58,962.07,960.64,960.84,10662.0
2025-02-20 11:35:00,960.84,961.13,960.41,961.12,15254.0
2025-02-20 11:40:00,961.12,961.61,960.02,960.23,2428.0
2025-02-20 11:45:00,960.23,960.89,960.22,960.79,16174.0
2025-02-20 11:50:00,960.79,961.59,960.64,960.78,13934.0
2025-02-20 11:55:00,960.78,961.24,959.15,959.37,8668.0
2025-02-20 12:00:00,959.37,959.7,959.18,959.46,10487.0
2025-02-20 12:05:00,959.46,959.55,957.86,958.16,2410.0
2025-02-20 12:10:00,958.16,959.05,957.73,958.69,4893.0
2025-02-20 12:15:00,958.69,959.45,958.01,958.5,5681.0
2025-02-20 12:20:00,958.5,960.02,958.14,959.92,17676.0
2025-02-20 12:25:00,959.92,960.93,959.4,960.75,3141.0
2025-02-20 12:30:00,960.75,961.11,959.72,959.93,6536.0
2025-02-20 12:35:00,959.93,960.19,957.76,958.38,3503.0
2025-02-20 12:40:00,958.38,958.63,957.18,957.8,6406.0
2025-02-20 12:45:00,957.8,958.39,956.59,956.87,1201.0
2025-02-20 12:50:00,956.87,958.41,956.6,958.27,6182.0
2025-02-20 12:55:00,958.27,958.78,957.4,958.26,14751.0
2025-02-20 13:00:00,958.26,959.37,957.36,958.97,15581.0
2025-02-20 13:05:00,958.97,959.39,958.58,958.76,8208.0
2025-02-20 13:10:00,958.76,959.04,958.29,958.62,14416.0
2025-02-20 13:15:00,958.62,959.19,958.46,958.59,12755.0
2025-02-20 13:20:00,958.59,959.66,958.12,959.44,18159.0
2025-02-20 13:25:00,959.44,959.72,959.43,959.68,16288.0
2025-02-20 13:30:00,959.68,960.09,958.82,958.87,5357.0
2025-02-20 13:35:00,958.87,960.14,958.76,960.11,12183.0
2025-02-20 13:40:00,960.11,960.14,959.69,959.89,15940.0
2025-02-20 13:45:00,959.89,960.09,959.33,959.54,6807.0
2025-02-20 13:50:00,959.54,959.79,957.27,957.37,11887.0
2025-02-20 13:55:00,957.37,958.13,957.07,957.86,8604.0
2025-02-20 14:00:00,957.86,958.12,957.49,957.93,6864.0
2025-02-20 14:05:00,957.93,958.02,957.68,958.01,4787.0
2025-02-20 14:10:00,958.01,958.17,957.28,957.7,1673.0
2025-02-20 14:15:00,957.7,957.73,956.83,957.26,15247.0
2025-02-20 14:20:00,957.26,957.87,956.33,956.98,16560.0
2025-02-20 14:25:00,956.98,957.5,956.98,957.33,13382.0
2025-02-20 14:30:00,957.33,958.0,956.22,957.82,5580.0
2025-02-20 14:35:00,957.82,958.48,957.16,957.65,1357.0
2025-02-20 14:40:00,957.65,958.39,957.43,958.37,13003.0
2025-02-20 14:45:00,958.37,958.62,958.15,958.31,4798.0
2025-02-20 14:50:00,958.31,958.63,957.65,957.93,11428.0
2025-02-20 14:55:00,957.93,958.12,957.4,958.08,19434.0
2025-02-20 15:00:00,958.08,958.44,956.51,957.04,1084.0
2025-02-20 15:05:00,957.04,957.49,956.97,957.21,11966.0
2025-02-20 15:10:00,957.21,957.64,956.0,956.03,19892.0
2025-02-20 15:15:00,956.03,956.41,955.24,955.25,7351.0
2025-02-20 15:20:00,955.25,955.85,953.27,953.71,16472.0
2025-02-20 15:25:00,953.71,953.77,953.29,953.57,16734.0
2025-02-21 09:15:00,955.89,956.37,955.17,955.48,10242.0
2025-02-21 09:20:00,955.48,955.49,953.45,954.14,6350.0
2025-02-21 09:25:00,954.14,954.65,953.62,954.02,1934.0
2025-02-21 09:30:00,954.02,955.1,953.23,954.96,8124.0
2025-02-21 09:35:00,954.96,955.67,953.65,953.99,1847.0
2025-02-21 09:40:00,953.99,955.91,953.42,955.78,15181.0
2025-02-21 09:45:00,955.78,956.34,954.35,955.14,2687.0
2025-02-21 09:50:00,955.14,955.35,955.05,955.2,14155.0
2025-02-21 09:55:00,955.2,955.54,954.03,954.27,12016.0
2025-02-21 10:00:00,954.27,954.39,954.19,954.3,19770.0
2025-02-21 10:05:00,954.3,954.93,954.02,954.2,7616.0
2025-02-21 10:10:00,954.2,954.46,952.47,953.06,7551.0
2025-02-21 10:15:00,953.06,955.8,952.85,955.22,5619.0
2025-02-21 10:20:00,955.22,955.87,954.3,954.84,11208.0
2025-02-21 10:25:00,954.84,954.89,954.07,954.47,5166.0
2025-02-21 10:30:00,954.47,955.42,954.18,955.21,3154.0
2025-02-21 10:35:00,955.21,956.76,955.2,956.59,19023.0
2025-02-21 10:40:00,956.59,957.69,956.49,957.46,13904.0
2025-02-21 10:45:00,957.46,957.46,956.3,956.54,3257.0
2025-02-21 10:50:00,956.54,956.8,956.51,956.7,12743.0
2025-02-21 10:55:00,956.7,957.11,955.03,955.26,6791.0
2025-02-21 11:00:00,955.26,956.12,954.51,955.95,4421.0
2025-02-21 11:05:00,955.95,956.46,954.65,954.7,9958.0
2025-02-21 11:10:00,954.7,955.02,954.07,954.09,15964.0
2025-02-21 11:15:00,954.09,954.12,953.5,954.09,1008.0
2025-02-21 11:20:00,954.09,954.47,953.88,954.42,7748.0
2025-02-21 11:25:00,954.42,955.59,953.72,954.23,18498.0
2025-02-21 11:30:00,954.23,955.9,954.13,955.39,8492.0
2025-02-21 11:35:00,955.39,955.99,954.97,955.94,2882.0
2025-02-21 11:40:00,955.94,956.98,955.8,956.43,9143.0
2025-02-21 11:45:00,956.43,956.58,955.45,955.49,13966.0
2025-02-21 11:50:00,955.49,956.92,954.94,956.79,19930.0
2025-02-21 11:55:00,956.79,957.12,956.15,956.18,12948.0
2025-02-21 12:00:00,956.18,957.68,955.71,957.51,1960.0
2025-02-21 12:05:00,957.51,959.13,957.03,959.06,16372.0
2025-02-21 12:10:00,959.06,959.62,958.96,959.45,15821.0
2025-02-21 12:15:00,959.45,960.78,959.3,960.24,13376.0
2025-02-21 12:20:00,960.24,960.49,957.61,957.88,18034.0
2025-02-21 12:25:00,957.88,958.02,957.63,957.73,15618.0
2025-02-21 12:30:00,957.73,958.6,957.56,958.57,5412.0
2025-02-21 12:35:00,958.57,959.5,958.41,959.28,9003.0
2025-02-21 12:40:00,959.28,959.37,957.97,958.35,10641.0
2025-02-21 12:45:00,958.35,958.44,957.49,958.12,10285.0
2025-02-21 12:50:00,958.12,958.78,956.08,956.18,13137.0
2025-02-21 12:55:00,956.18,956.7,955.99,956.5,14331.0
2025-02-21 13:00:00,956.5,956.76,954.35,955.06,2975.0
2025-02-21 13:05:00,955.06,956.21,954.34,955.92,11800.0
2025-02-21 13:10:00,955.92,957.33,955.16,956.82,1737.0
2025-02-21 13:15:00,956.82,956.9,956.1,956.46,10719.0
2025-02-21 13:20:00,956.46,957.25,956.24,956.86,9021.0
2025-02-21 13:25:00,956.86,956.87,956.36,956.69,4905.0
2025-02-21 13:30:00,956.69,957.01,956.4,956.88,19825.0
2025-02-21 13:35:00,956.88,957.0,955.87,956.0,5904.0
2025-02-21 13:40:00,956.0,956.69,955.51,956.48,2070.0
2025-02-21 13:45:00,956.48,956.69,955.22,955.22,7811.0
2025-02-21 13:50:00,955.22,955.41,953.78,953.83,15390.0
2025-02-21 13:55:00,953.83,953.96,953.15,953.73,1176.0
2025-02-21 14:00:00,953.73,954.36,953.33,953.57,10364.0
2025-02-21 14:05:00,953.57,953.95,953.47,953.78,8929.0
2025-02-21 14:10:00,953.78,954.07,953.11,953.28,17449.0
2025-02-21 14:15:00,953.28,954.8,953.19,954.72,1052.0
2025-02-21 14:20:00,954.72,954.9,954.65,954.85,1329.0
2025-02-21 14:25:00,954.85,955.75,954.83,955.02,11735.0
2025-02-21 14:30:00,955.02,955.21,954.72,955.17,4408.0
2025-02-21 14:35:00,955.17,956.14,955.1,955.94,14376.0
2025-02-21 14:40:00,955.94,956.63,955.38,956.38,6284.0
2025-02-21 14:45:00,956.38,956.76,956.16,956.72,11680.0
2025-02-21 14:50:00,956.72,958.04,956.41,957.28,1717.0
2025-02-21 14:55:00,957.28,957.77,955.38,955.89,14176.0
2025-02-21 15:00:00,955.89,956.04,954.13,954.52,10846.0
2025-02-21 15:05:00,954.52,954.98,954.36,954.46,1000.0
2025-02-21 15:10:00,954.46,954.76,954.28,954.31,6050.0
2025-02-21 15:15:00,954.31,954.84,953.5,954.76,2129.0
2025-02-21 15:20:00,954.76,955.03,954.61,954.77,1852.0
2025-02-21 15:25:00,954.77,955.4,954.32,955.21,14270.0
2025-02-24 09:15:00,957.49,958.57,957.47,957.72,11649.0
2025-02-24 09:20:00,957.72,958.44,957.68,958.28,15824.0
2025-02-24 09:25:00,958.28,959.68,958.18,959.33,17119.0
2025-02-24 09:30:00,959.33,959.92,958.97,959.66,11014.0
2025-02-24 09:35:00,959.66,959.95,957.93,958.25,8770.0
2025-02-24 09:40:00,958.25,958.63,957.77,957.84,4315.0
2025-02-24 09:45:00,957.84,958.44,957.68,958.38,18367.0
2025-02-24 09:50:00,958.38,959.28,957.86,957.9,8525.0
2025-02-24 09:55:00,957.9,959.43,957.67,959.14,15528.0
2025-02-24 10:00:00,959.14,959.19,959.02,959.09,12892.0
2025-02-24 10:05:00,959.09,959.29,958.09,959.16,18698.0
2025-02-24 10:10:00,959.16,960.69,959.09,960.02,19491.0
2025-02-24 10:15:00,960.02,960.45,959.71,959.88,14429.0
2025-02-24 10:20:00,959.88,960.98,959.61,960.02,13574.0
2025-02-24 10:25:00,960.02,961.37,959.62,960.71,3608.0
2025-02-24 10:30:00,960.71,961.29,959.28,959.58,1307.0
2025-02-24 10:35:00,959.58,959.73,959.06,959.36,11374.0
2025-02-24 10:40:00,959.36,960.04,959.27,959.99,14395.0
2025-02-24 10:45:00,959.99,960.64,959.6,960.04,15176.0
2025-02-24 10:50:00,960.04,961.26,959.55,961.17,5766.0
2025-02-24 10:55:00,961.17,961.86,959.85,959.96,10560.0
2025-02-24 11:00:00,959.96,960.01,958.62,958.66,17381.0
2025-02-24 11:05:00,958.66,959.47,958.32,959.25,2818.0
2025-02-24 11:10:00,959.25,960.59,958.91,959.92,8293.0
2025-02-24 11:15:00,959.92,960.45,959.49,959.77,18945.0
2025-02-24 11:20:00,959.77,960.1,959.75,960.08,4792.0
2025-02-24 11:25:00,960.08,961.32,959.41,960.65,7016.0
2025-02-24 11:30:00,960.65,961.0,959.71,960.02,9890.0
2025-02-24 11:35:00,960.02,960.51,959.11,959.48,14079.0
2025-02-24 11:40:00,959.48,959.68,959.3,959.63,5848.0
2025-02-24 11:45:00,959.63,960.4,959.55,960.32,16053.0
2025-02-24 11:50:00,960.32,960.51,959.41,959.43,5480.0
2025-02-24 11:55:00,959.43,959.72,959.14,959.27,7996.0
2025-02-24 12:00:00,959.27,959.3,959.06,959.09,11891.0
2025-02-24 12:05:00,959.09,959.82,959.06,959.41,1229.0
2025-02-24 12:10:00,959.41,959.54,959.23,959.4,15579.0
2025-02-24 12:15:00,959.4,960.57,958.69,958.98,13707.0
2025-02-24 12:20:00,958.98,960.16,958.57,959.94,16864.0
2025-02-24 12:25:00,959.94,960.29,958.72,959.53,6222.0
2025-02-24 12:30:00,959.53,959.92,959.22,959.3,8555.0
2025-02-24 12:35:00,959.3,959.38,957.9,958.08,18072.0
2025-02-24 12:40:00,958.08,958.74,957.37,957.53,2269.0
2025-02-24 12:45:00,957.53,958.04,956.98,957.93,10332.0
2025-02-24 12:50:00,957.93,958.91,957.74,958.18,10195.0
2025-02-24 12:55:00,958.18,958.7,958.14,958.64,9502.0
2025-02-24 13:00:00,958.64,959.58,958.23,959.06,9241.0
2025-02-24 13:05:00,959.06,960.81,958.93,960.66,15198.0
2025-02-24 13:10:00,960.66,960.89,959.63,960.09,4742.0
2025-02-24 13:15:00,960.09,960.97,958.66,958.84,17931.0
2025-02-24 13:20:00,958.84,959.26,957.7,958.04,18026.0
2025-02-24 13:25:00,958.04,958.1,957.04,957.5,4408.0
2025-02-24 13:30:00,957.5,957.78,956.72,956.75,19508.0
2025-02-24 13:35:00,956.75,957.16,956.75,956.82,5978.0
2025-02-24 13:40:00,956.82,958.06,956.68,957.78,1983.0
2025-02-24 13:45:00,957.78,959.28,956.75,958.96,8563.0
2025-02-24 13:50:00,958.96,959.54,958.81,959.35,16119.0
2025-02-24 13:55:00,959.35,961.86,959.18,961.0,17047.0
2025-02-24 14:00:00,961.0,961.16,960.43,960.72,13268.0
2025-02-24 14:05:00,960.72,961.11,959.27,959.47,16412.0
2025-02-24 14:10:00,959.47,960.42,959.13,960.28,5967.0
2025-02-24 14:15:00,960.28,960.59,958.64,958.87,17700.0
2025-02-24 14:20:00,958.87,959.17,958.27,958.29,13067.0
2025-02-24 14:25:00,958.29,959.31,957.94,958.69,3538.0
2025-02-24 14:30:00,958.69,959.2,958.17,958.61,3444.0
2025-02-24 14:35:00,958.61,958.83,958.06,958.46,6078.0
2025-02-24 14:40:00,958.46,958.72,957.34,957.56,2318.0
2025-02-24 14:45:00,957.56,958.03,956.62,957.55,6372.0
2025-02-24 14:50:00,957.55,958.85,956.87,958.32,19876.0
2025-02-24 14:55:00,958.32,958.53,958.01,958.33,5561.0
2025-02-24 15:00:00,958.33,958.36,957.6,957.7,13091.0
2025-02-24 15:05:00,957.7,958.0,956.11,956.74,19572.0
2025-02-24 15:10:00,956.74,957.18,956.07,956.12,5811.0
2025-02-24 15:15:00,956.12,957.13,956.06,956.42,14227.0
2025-02-24 15:20:00,956.42,956.85,955.95,956.68,9550.0
2025-02-24 15:25:00,956.68,957.07,955.45,956.07,6420.0
2025-02-25 09:15:00,953.99,954.49,953.31,953.72,19051.0
2025-02-25 09:20:00,953.72,955.27,953.62,955.13,9372.0
2025-02-25 09:25:00,955.13,956.19,954.58,955.9,19745.0
2025-02-25 09:30:00,955.9,956.41,955.75,956.34,13590.0
2025-02-25 09:35:00,956.34,956.95,956.2,956.64,19971.0
2025-02-25 09:40:00,956.64,956.84,956.01,956.51,1373.0
2025-02-25 09:45:00,956.51,958.14,956.45,958.04,14677.0
2025-02-25 09:50:00,958.04,958.98,957.65,958.66,2438.0
2025-02-25 09:55:00,958.66,958.71,957.97,958.08,12625.0
2025-02-25 10:00:00,958.08,958.3,956.8,957.01,7193.0
2025-02-25 10:05:00,957.01,957.71,956.96,957.44,15763.0
2025-02-25 10:10:00,957.44,957.6,957.12,957.4,3362.0
2025-02-25 10:15:00,957.4,957.43,955.85,956.31,18034.0
2025-02-25 10:20:00,956.31,957.16,956.26,956.63,10134.0
2025-02-25 10:25:00,956.63,956.96,955.8,956.43,10866.0
2025-02-25 10:30:00,956.43,957.02,955.77,956.83,11851.0
2025-02-25 10:35:00,956.83,957.78,956.71,957.17,1670.0
2025-02-25 10:40:00,957.17,957.71,955.81,956.71,6897.0
2025-02-25 10:45:00,956.71,957.26,956.02,957.19,14478.0
2025-02-25 10:50:00,957.19,957.46,956.58,956.81,19255.0
2025-02-25 10:55:00,956.81,957.18,956.24,956.48,19707.0
2025-02-25 11:00:00,956.48,956.66,955.65,956.07,11178.0
2025-02-25 11:05:00,956.07,957.61,955.68,956.94,5903.0
2025-02-25 11:10:00,956.94,956.99,956.3,956.72,10073.0
2025-02-25 11:15:00,956.72,958.08,956.33,957.77,9805.0
2025-02-25 11:20:00,957.77,959.84,957.48,959.14,8547.0
2025-02-25 11:25:00,959.14,959.8,958.53,958.57,7864.0
2025-02-25 11:30:00,958.57,958.78,956.1,956.34,17498.0
2025-02-25 11:35:00,956.34,957.38,955.88,957.14,8418.0
2025-02-25 11:40:00,957.14,957.22,956.47,956.87,1555.0
2025-02-25 11:45:00,956.87,957.74,956.21,956.21,14706.0
2025-02-25 11:50:00,956.21,956.25,955.37,955.76,13636.0
2025-02-25 11:55:00,955.76,956.15,955.19,955.44,8189.0
2025-02-25 12:00:00,955.44,957.06,954.75,956.44,12969.0
2025-02-25 12:05:00,956.44,957.28,956.18,956.56,18880.0
2025-02-25 12:10:00,956.56,957.85,956.25,957.54,18563.0
2025-02-25 12:15:00,957.54,958.25,957.3,957.92,16003.0
2025-02-25 12:20:00,957.92,957.98,957.32,957.68,12083.0
2025-02-25 12:25:00,957.68,958.15,957.21,957.38,1525.0
2025-02-25 12:30:00,957.38,958.46,957.15,957.81,10731.0
2025-02-25 12:35:00,957.81,958.46,957.16,958.44,16552.0
2025-02-25 12:40:00,958.44,959.25,957.78,959.21,17053.0
2025-02-25 12:45:00,959.21,959.82,958.51,959.01,15684.0
2025-02-25 12:50:00,959.01,959.15,958.7,959.14,19743.0
2025-02-25 12:55:00,959.14,959.74,958.85,959.59,10813.0
2025-02-25 13:00:00,959.59,959.88,959.22,959.29,3084.0
2025-02-25 13:05:00,959.29,959.82,958.15,958.42,10439.0
2025-02-25 13:10:00,958.42,958.66,957.53,957.81,7055.0
2025-02-25 13:15:00,957.81,958.64,957.26,957.62,16875.0
2025-02-25 13:20:00,957.62,958.37,957.61,958.13,15765.0
2025-02-25 13:25:00,958.13,959.2,957.82,959.09,9070.0
2025-02-25 13:30:00,959.09,959.47,957.95,958.05,8376.0
2025-02-25 13:35:00,958.05,958.4,957.51,957.6,4029.0
2025-02-25 13:40:00,957.6,958.12,957.23,957.32,1820.0
2025-02-25 13:45:00,957.32,958.53,957.13,957.93,6945.0
2025-02-25 13:50:00,957.93,958.15,957.17,957.53,5579.0
2025-02-25 13:55:00,957.53,958.28,957.1,957.2,6038.0
2025-02-25 14:00:00,957.2,957.92,955.72,956.12,19970.0
2025-02-25 14:05:00,956.12,956.66,955.61,956.49,13940.0
2025-02-25 14:10:00,956.49,956.74,956.19,956.36,11476.0
2025-02-25 14:15:00,956.36,956.99,955.67,955.86,4398.0
2025-02-25 14:20:00,955.86,955.89,955.27,955.66,16981.0
2025-02-25 14:25:00,955.66,956.59,955.49,956.53,13250.0
2025-02-25 14:30:00,956.53,956.83,954.76,955.76,10781.0
2025-02-25 14:35:00,955.76,956.11,955.0,955.11,9853.0
2025-02-25 14:40:00,955.11,956.15,954.85,956.07,11498.0
2025-02-25 14:45:00,956.07,956.34,955.96,956.13,16953.0
2025-02-25 14:50:00,956.13,956.91,956.09,956.64,14682.0
2025-02-25 14:55:00,956.64,957.16,956.54,956.95,10214.0
2025-02-25 15:00:00,956.95,957.14,956.81,956.92,13684.0
2025-02-25 15:05:00,956.92,957.1,956.46,956.66,18666.0
2025-02-25 15:10:00,956.66,957.44,956.21,957.29,7198.0
2025-02-25 15:15:00,957.29,958.21,957.17,958.18,18108.0
2025-02-25 15:20:00,958.18,959.32,958.01,959.02,12529.0
2025-02-25 15:25:00,959.02,959.62,957.98,958.11,4520.0
2025-02-26 09:15:00,955.76,955.78,954.34,954.56,11752.0
2025-02-26 09:20:00,954.56,955.24,953.01,953.02,7644.0
2025-02-26 09:25:00,953.02,953.26,952.72,953.07,3167.0
2025-02-26 09:30:00,953.07,953.79,952.9,953.3,15513.0
2025-02-26 09:35:00,953.3,953.52,951.7,952.4,1013.0
2025-02-26 09:40:00,952.4,953.45,951.98,953.2,11317.0
2025-02-26 09:45:00,953.2,953.61,952.93,953.31,4085.0
2025-02-26 09:50:00,953.31,954.46,953.13,954.34,18271.0
2025-02-26 09:55:00,954.34,954.68,953.85,954.62,4463.0
2025-02-26 10:00:00,954.62,954.79,953.54,953.81,16253.0
2025-02-26 10:05:00,953.81,954.39,953.72,954.16,11907.0
2025-02-26 10:10:00,954.16,955.09,953.41,954.67,1778.0
2025-02-26 10:15:00,954.67,955.1,954.22,954.25,14681.0
2025-02-26 10:20:00,954.25,954.34,952.99,953.15,17706.0
2025-02-26 10:25:00,953.15,953.37,952.79,953.23,5208.0
2025-02-26 10:30:00,953.23,953.27,952.44,952.47,19402.0
2025-02-26 10:35:00,952.47,953.65,952.33,953.32,16169.0
2025-02-26 10:40:00,953.32,953.69,952.25,953.01,15100.0
2025-02-26 10:45:00,953.01,954.86,953.01,954.33,7384.0
2025-02-26 10:50:00,954.33,954.49,952.43,952.71,3278.0
2025-02-26 10:55:00,952.71,952.85,952.5,952.81,9157.0
2025-02-26 11:00:00,952.81,954.0,952.55,953.9,16340.0
2025-02-26 11:05:00,953.9,954.56,952.67,953.22,12146.0
2025-02-26 11:10:00,953.22,953.73,952.92,953.1,13302.0
2025-02-26 11:15:00,953.1,953.22,952.33,952.79,15839.0
2025-02-26 11:20:00,952.79,952.98,952.04,952.27,7437.0
2025-02-26 11:25:00,952.27,952.72,951.79,952.46,1709.0
2025-02-26 11:30:00,952.46,952.93,951.24,951.47,17796.0
2025-02-26 11:35:00,951.47,951.82,951.11,951.39,12654.0
2025-02-26 11:40:00,951.39,952.37,950.81,951.78,11745.0
2025-02-26 11:45:00,951.78,951.89,951.6,951.61,11892.0
2025-02-26 11:50:00,951.61,951.84,950.48,950.85,17205.0
2025-02-26 11:55:00,950.85,951.69,950.65,951.64,15616.0
2025-02-26 12:00:00,951.64,952.61,951.59,952.19,13732.0
2025-02-26 12:05:00,952.19,952.55,951.12,951.4,15858.0
2025-02-26 12:10:00,951.4,951.96,949.72,950.42,6481.0
2025-02-26 12:15:00,950.42,951.04,949.45,949.69,14522.0
2025-02-26 12:20:00,949.69,950.47,949.33,950.11,19525.0
2025-02-26 12:25:00,950.11,950.37,949.72,950.32,5464.0
2025-02-26 12:30:00,950.32,951.37,949.94,950.92,11849.0
2025-02-26 12:35:00,950.92,951.32,950.24,950.67,13943.0
2025-02-26 12:40:00,950.67,950.85,949.76,949.97,10818.0
2025-02-26 12:45:00,949.97,951.22,949.16,950.67,19408.0
2025-02-26 12:50:00,950.67,950.75,949.99,950.24,8666.0
2025-02-26 12:55:00,950.24,951.57,950.04,950.39,5139.0
2025-02-26 13:00:00,950.39,950.39,949.18,949.21,3590.0
2025-02-26 13:05:00,949.21,949.49,948.71,948.78,17136.0
2025-02-26 13:10:00,948.78,949.93,948.58,949.54,14038.0
2025-02-26 13:15:00,949.54,950.22,948.61,949.0,11981.0
2025-02-26 13:20:00,949.0,949.94,948.87,949.62,9185.0
2025-02-26 13:25:00,949.62,950.15,947.63,947.85,8788.0
2025-02-26 13:30:00,947.85,947.94,947.36,947.42,18757.0
2025-02-26 13:35:00,947.42,947.9,947.1,947.29,13926.0
2025-02-26 13:40:00,947.29,948.94,947.12,948.62,19336.0
2025-02-26 13:45:00,948.62,948.68,947.38,947.73,16228.0
2025-02-26 13:50:00,947.73,948.35,947.59,948.24,15585.0
2025-02-26 13:55:00,948.24,949.56,947.94,949.04,11519.0
2025-02-26 14:00:00,949.04,949.16,948.05,948.49,5607.0
2025-02-26 14:05:00,948.49,948.73,948.05,948.21,13417.0
2025-02-26 14:10:00,948.21,948.34,947.84,948.32,14603.0
2025-02-26 14:15:00,948.32,948.95,946.89,947.19,10917.0
2025-02-26 14:20:00,947.19,948.07,946.68,946.85,1388.0
2025-02-26 14:25:00,946.85,948.13,946.78,947.82,19240.0
2025-02-26 14:30:00,947.82,948.35,947.77,948.21,16701.0
2025-02-26 14:35:00,948.21,948.31,947.67,948.09,7691.0
2025-02-26 14:40:00,948.09,948.49,947.66,948.18,10378.0
2025-02-26 14:45:00,948.18,949.15,947.38,948.62,3343.0
2025-02-26 14:50:00,948.62,949.41,947.44,949.21,18798.0
2025-02-26 14:55:00,949.21,949.94,948.73,948.78,5381.0
2025-02-26 15:00:00,948.78,950.14,947.9,949.95,8177.0
2025-02-26 15:05:00,949.95,951.06,949.27,950.95,9142.0
2025-02-26 15:10:00,950.95,951.56,950.58,951.46,6000.0
2025-02-26 15:15:00,951.46,951.95,950.77,950.82,13059.0
2025-02-26 15:20:00,950.82,951.19,949.49,950.05,19906.0
2025-02-26 15:25:00,950.05,950.98,949.3,949.8,17249.0
2025-02-27 09:15:00,945.99,946.47,945.98,946.37,11082.0
2025-02-27 09:20:00,946.37,946.86,946.15,946.21,14760.0
2025-02-27 09:25:00,946.21,946.48,945.15,945.3,2177.0
2025-02-27 09:30:00,945.3,945.72,945.02,945.68,7825.0
2025-02-27 09:35:00,945.68,947.01,945.38,946.76,3596.0
2025-02-27 09:40:00,946.76,947.19,944.97,945.53,17289.0
2025-02-27 09:45:00,945.53,946.43,945.5,946.3,11663.0
2025-02-27 09:50:00,946.3,946.38,943.72,944.38,13244.0
2025-02-27 09:55:00,944.38,944.43,943.96,944.08,13990.0
2025-02-27 10:00:00,944.08,945.73,943.89,945.47,5261.0
2025-02-27 10:05:00,945.47,945.92,945.04,945.22,1943.0
2025-02-27 10:10:00,945.22,946.07,944.47,945.29,8557.0
2025-02-27 10:15:00,945.29,946.29,944.56,945.87,4525.0
2025-02-27 10:20:00,945.87,946.14,943.71,944.57,7117.0
2025-02-27 10:25:00,944.57,945.71,944.48,944.62,7062.0
2025-02-27 10:30:00,944.62,944.93,944.49,944.67,15858.0
2025-02-27 10:35:00,944.67,946.79,944.14,946.08,7075.0
2025-02-27 10:40:00,946.08,946.28,944.77,945.15,3875.0
2025-02-27 10:45:00,945.15,945.64,944.84,944.86,19209.0
2025-02-27 10:50:00,944.86,944.94,944.13,944.16,1932.0
2025-02-27 10:55:00,944.16,944.47,942.64,943.38,4871.0
2025-02-27 11:00:00,943.38,944.93,943.35,944.23,7598.0
2025-02-27 11:05:00,944.23,944.38,943.91,944.25,2187.0
2025-02-27 11:10:00,944.25,944.44,943.74,943.83,18089.0
2025-02-27 11:15:00,943.83,944.42,942.99,943.44,7707.0
2025-02-27 11:20:00,943.44,943.6,942.58,943.01,15862.0
2025-02-27 11:25:00,943.01,943.46,942.41,942.65,3554.0
2025-02-27 11:30:00,942.65,942.83,941.1,941.7,10910.0
2025-02-27 11:35:00,941.7,942.29,941.49,941.51,3405.0
2025-02-27 11:40:00,941.51,941.77,941.22,941.24,5401.0
2025-02-27 11:45:00,941.24,941.58,940.63,940.66,8741.0
2025-02-27 11:50:00,940.66,940.88,940.64,940.78,17391.0
2025-02-27 11:55:00,940.78,941.05,939.79,940.96,6821.0
2025-02-27 12:00:00,940.96,941.16,940.47,940.54,15340.0
2025-02-27 12:05:00,940.54,941.19,939.92,940.43,2742.0
2025-02-27 12:10:00,940.43,942.32,939.82,942.06,5779.0
2025-02-27 12:15:00,942.06,944.18,941.46,943.66,12481.0
2025-02-27 12:20:00,943.66,943.8,942.54,942.86,9896.0
2025-02-27 12:25:00,942.86,942.9,942.08,942.17,10532.0
2025-02-27 12:30:00,942.17,942.23,941.0,941.38,13887.0
2025-02-27 12:35:00,941.38,943.01,941.13,942.17,2464.0
2025-02-27 12:40:00,942.17,942.18,941.14,941.87,14213.0
2025-02-27 12:45:00,941.87,942.47,941.61,942.05,17392.0
2025-02-27 12:50:00,942.05,943.79,941.17,943.56,15556.0
2025-02-27 12:55:00,943.56,943.66,943.16,943.55,6409.0
2025-02-27 13:00:00,943.55,944.09,942.99,944.08,7667.0
2025-02-27 13:05:00,944.08,944.77,943.46,944.48,19266.0
2025-02-27 13:10:00,944.48,944.55,943.64,944.03,16009.0
2025-02-27 13:15:00,944.03,945.17,943.58,944.83,18699.0
2025-02-27 13:20:00,944.83,945.14,944.17,944.19,18356.0
2025-02-27 13:25:00,944.19,945.2,943.41,945.2,9247.0
2025-02-27 13:30:00,945.2,945.47,944.75,944.76,3459.0
2025-02-27 13:35:00,944.76,945.07,944.16,944.4,5342.0
2025-02-27 13:40:00,944.4,944.81,943.53,943.58,6589.0
2025-02-27 13:45:00,943.58,943.6,942.81,942.88,16862.0
2025-02-27 13:50:00,942.88,942.94,942.19,942.56,6248.0
2025-02-27 13:55:00,942.56,943.31,940.35,940.73,7864.0
2025-02-27 14:00:00,940.73,940.87,939.86,940.55,17174.0
2025-02-27 14:05:00,940.55,940.69,939.46,940.17,4107.0
2025-02-27 14:10:00,940.17,941.42,940.17,940.76,13608.0
2025-02-27 14:15:00,940.76,941.29,940.66,941.08,11480.0
2025-02-27 14:20:00,941.08,941.51,940.18,940.55,19704.0
2025-02-27 14:25:00,940.55,941.0,939.96,940.2,10298.0
2025-02-27 14:30:00,940.2,940.25,939.37,940.03,10903.0
2025-02-27 14:35:00,940.03,941.6,939.45,941.15,17150.0
2025-02-27 14:40:00,941.15,941.48,940.35,940.53,19842.0
2025-02-27 14:45:00,940.53,940.89,939.78,939.98,14856.0
2025-02-27 14:50:00,939.98,940.26,938.94,939.14,14263.0
2025-02-27 14:55:00,939.14,939.24,937.41,938.02,17646.0
2025-02-27 15:00:00,938.02,938.38,937.26,938.25,19614.0
2025-02-27 15:05:00,938.25,938.78,938.17,938.41,14959.0
2025-02-27 15:10:00,938.41,940.04,938.15,939.37,6555.0
2025-02-27 15:15:00,939.37,940.39,939.34,940.15,13201.0
2025-02-27 15:20:00,940.15,942.09,939.92,941.96,5487.0
2025-02-27 15:25:00,941.96,942.11,941.8,941.9,10503.0
2025-02-28 09:15:00,938.91,939.34,938.68,939.14,16129.0
2025-02-28 09:20:00,939.14,940.4,938.71,939.86,14818.0
2025-02-28 09:25:00,939.86,940.23,939.41,940.04,2009.0
2025-02-28 09:30:00,940.04,940.13,939.47,939.64,3005.0
2025-02-28 09:35:00,939.64,939.97,939.31,939.52,6032.0
2025-02-28 09:40:00,939.52,939.69,939.5,939.52,5595.0
2025-02-28 09:45:00,939.52,939.8,939.3,939.68,10867.0
2025-02-28 09:50:00,939.68,940.79,939.53,940.52,10477.0
2025-02-28 09:55:00,940.52,940.74,940.48,940.72,7796.0
2025-02-28 10:00:00,940.72,940.87,939.51,939.67,4119.0
2025-02-28 10:05:00,939.67,939.99,939.08,939.25,13338.0
2025-02-28 10:10:00,939.25,939.46,938.87,939.37,16006.0
2025-02-28 10:15:00,939.37,940.39,938.94,940.22,13165.0
2025-02-28 10:20:00,940.22,941.48,940.19,941.19,16340.0
2025-02-28 10:25:00,941.19,943.15,941.08,942.53,18365.0
2025-02-28 10:30:00,942.53,943.21,941.99,942.63,17000.0
2025-02-28 10:35:00,942.63,943.36,942.34,943.2,13379.0
2025-02-28 10:40:00,943.2,943.7,941.82,942.11,1941.0
2025-02-28 10:45:00,942.11,942.56,941.74,942.43,7356.0
2025-02-28 10:50:00,942.43,943.06,941.51,941.62,9129.0
2025-02-28 10:55:00,941.62,942.14,941.33,941.57,14537.0
2025-02-28 11:00:00,941.57,943.97,940.75,943.86,17091.0
2025-02-28 11:05:00,943.86,944.89,943.75,944.09,13166.0
2025-02-28 11:10:00,944.09,944.24,943.04,943.44,7901.0
2025-02-28 11:15:00,943.44,943.88,942.86,943.74,15966.0
2025-02-28 11:20:00,943.74,943.8,942.69,943.35,14220.0
2025-02-28 11:25:00,943.35,943.52,941.96,942.63,16162.0
2025-02-28 11:30:00,942.63,944.86,942.28,944.22,12195.0
2025-02-28 11:35:00,944.22,945.22,943.94,945.02,13287.0
2025-02-28 11:40:00,945.02,945.57,944.9,945.28,7596.0
2025-02-28 11:45:00,945.28,945.8,944.52,944.99,8596.0
2025-02-28 11:50:00,944.99,945.03,944.27,944.75,6251.0
2025-02-28 11:55:00,944.75,946.45,944.01,945.92,5880.0
2025-02-28 12:00:00,945.92,946.33,945.1,946.15,13402.0
2025-02-28 12:05:00,946.15,946.49,943.7,943.82,8289.0
2025-02-28 12:10:00,943.82,946.06,943.65,945.65,3538.0
2025-02-28 12:15:00,945.65,945.98,945.57,945.79,1666.0
2025-02-28 12:20:00,945.79,946.2,945.61,946.05,17342.0
2025-02-28 12:25:00,946.05,947.48,945.48,946.87,9271.0
2025-02-28 12:30:00,946.87,947.27,946.55,947.22,11952.0
2025-02-28 12:35:00,947.22,948.25,947.18,947.79,18192.0
2025-02-28 12:40:00,947.79,947.95,946.61,947.47,3118.0
2025-02-28 12:45:00,947.47,948.31,946.42,946.54,18810.0
2025-02-28 12:50:00,946.54,947.1,946.4,946.75,14367.0
2025-02-28 12:55:00,946.75,947.88,946.63,947.83,13163.0
2025-02-28 13:00:00,947.83,949.05,947.13,947.34,9191.0
2025-02-28 13:05:00,947.34,947.69,946.41,946.79,14418.0
2025-02-28 13:10:00,946.79,948.16,946.1,947.72,4877.0
2025-02-28 13:15:00,947.72,948.3,947.32,947.37,6740.0
2025-02-28 13:20:00,947.37,947.46,946.95,947.06,19260.0
2025-02-28 13:25:00,947.06,947.57,946.26,946.78,6240.0
2025-02-28 13:30:00,946.78,946.87,946.7,946.73,14673.0
2025-02-28 13:35:00,946.73,946.75,945.42,945.54,18675.0
2025-02-28 13:40:00,945.54,945.65,944.95,945.13,12266.0
2025-02-28 13:45:00,945.13,945.72,944.31,945.3,6655.0
2025-02-28 13:50:00,945.3,945.69,945.04,945.47,17128.0
2025-02-28 13:55:00,945.47,946.47,945.0,946.35,16698.0
2025-02-28 14:00:00,946.35,948.05,946.32,947.74,11333.0
2025-02-28 14:05:00,947.74,949.45,947.43,948.89,3183.0
2025-02-28 14:10:00,948.89,949.87,948.74,949.58,9387.0
2025-02-28 14:15:00,949.58,949.6,949.03,949.47,9201.0
2025-02-28 14:20:00,949.47,949.71,948.8,949.0,4599.0
2025-02-28 14:25:00,949.0,949.55,948.57,949.01,8640.0
2025-02-28 14:30:00,949.01,949.54,948.89,949.46,3914.0
2025-02-28 14:35:00,949.46,950.2,949.3,950.08,14158.0
2025-02-28 14:40:00,950.08,950.89,949.4,950.55,9207.0
2025-02-28 14:45:00,950.55,950.68,950.34,950.46,14880.0
2025-02-28 14:50:00,950.46,951.17,950.38,951.06,9663.0
2025-02-28 14:55:00,951.06,952.12,950.59,952.02,14562.0
2025-02-28 15:00:00,952.02,952.73,951.83,952.69,14932.0
2025-02-28 15:05:00,952.69,952.9,952.56,952.67,4044.0
2025-02-28 15:10:00,952.67,952.88,951.94,952.03,9399.0
2025-02-28 15:15:00,952.03,952.32,950.94,951.38,15249.0
2025-02-28 15:20:00,951.38,951.54,950.81,950.86,12270.0
2025-02-28 15:25:00,950.86,952.21,950.54,951.05,5211.0
2025-03-03 09:15:00,943.52,944.08,942.12,942.58,16817.0
2025-03-03 09:20:00,942.58,943.25,942.49,942.93,10325.0
2025-03-03 09:25:00,942.93,943.12,942.41,942.65,15512.0
2025-03-03 09:30:00,942.65,943.04,941.7,942.23,17812.0
2025-03-03 09:35:00,942.23,942.4,941.18,941.4,8778.0
2025-03-03 09:40:00,941.4,942.63,941.05,942.11,16716.0
2025-03-03 09:45:00,942.11,942.81,941.65,942.45,14351.0
2025-03-03 09:50:00,942.45,943.27,942.02,942.83,18514.0
2025-03-03 09:55:00,942.83,943.14,942.35,942.35,15061.0
2025-03-03 10:00:00,942.35,942.86,941.77,942.49,11465.0
2025-03-03 10:05:00,942.49,942.65,940.81,941.48,13809.0
2025-03-03 10:10:00,941.48,941.53,940.96,941.38,7035.0
2025-03-03 10:15:00,941.38,941.9,939.01,939.48,13797.0
2025-03-03 10:20:00,939.48,939.71,937.53,938.3,14468.0
2025-03-03 10:25:00,938.3,938.63,937.65,938.06,12605.0
2025-03-03 10:30:00,938.06,939.93,937.72,939.84,2957.0
2025-03-03 10:35:00,939.84,939.88,938.32,938.49,10850.0
2025-03-03 10:40:00,938.49,938.66,936.92,937.56,14506.0
2025-03-03 10:45:00,937.56,937.9,937.46,937.72,4758.0
2025-03-03 10:50:00,937.72,939.4,937.66,939.05,15960.0
2025-03-03 10:55:00,939.05,939.27,938.86,939.2,17013.0
2025-03-03 11:00:00,939.2,940.12,939.11,939.73,11235.0
2025-03-03 11:05:00,939.73,940.13,939.32,939.47,19321.0
2025-03-03 11:10:00,939.47,939.52,938.99,939.09,17298.0
2025-03-03 11:15:00,939.09,939.28,939.04,939.15,9863.0
2025-03-03 11:20:00,939.15,939.33,937.62,938.66,17802.0
2025-03-03 11:25:00,938.66,939.23,938.32,939.2,18731.0
2025-03-03 11:30:00,939.2,939.83,937.59,938.0,3054.0
2025-03-03 11:35:00,938.0,939.06,937.86,938.66,19961.0
2025-03-03 11:40:00,938.66,939.09,938.37,938.69,1094.0
2025-03-03 11:45:00,938.69,938.73,938.37,938.53,10237.0
2025-03-03 11:50:00,938.53,939.16,936.78,937.3,18821.0
2025-03-03 11:55:00,937.3,937.43,936.15,936.57,14762.0
2025-03-03 12:00:00,936.57,937.67,936.44,937.46,6068.0
2025-03-03 12:05:00,937.46,937.79,936.93,937.31,13232.0
2025-03-03 12:10:00,937.31,937.95,937.12,937.52,5078.0
2025-03-03 12:15:00,937.52,937.89,936.54,936.86,5508.0
2025-03-03 12:20:00,936.86,937.59,936.7,936.84,18320.0
2025-03-03 12:25:00,936.84,937.15,935.74,935.81,1894.0
2025-03-03 12:30:00,935.81,935.93,935.62,935.88,19281.0
2025-03-03 12:35:00,935.88,936.75,935.58,936.16,9613.0
2025-03-03 12:40:00,936.16,936.61,935.78,936.4,2230.0
2025-03-03 12:45:00,936.4,936.72,935.7,935.72,15956.0
2025-03-03 12:50:00,935.72,936.3,935.42,935.47,1916.0
2025-03-03 12:55:00,935.47,936.38,934.87,935.87,7177.0
2025-03-03 13:00:00,935.87,935.97,935.7,935.71,5574.0
2025-03-03 13:05:00,935.71,935.89,935.47,935.5,15904.0
2025-03-03 13:10:00,935.5,937.25,935.31,936.92,8537.0
2025-03-03 13:15:00,936.92,937.18,936.17,936.21,13441.0
2025-03-03 13:20:00,936.21,937.21,935.9,937.02,2371.0
2025-03-03 13:25:00,937.02,937.28,936.01,936.15,14215.0
2025-03-03 13:30:00,936.15,937.33,936.14,936.64,14506.0
2025-03-03 13:35:00,936.64,937.3,935.95,937.17,6429.0
2025-03-03 13:40:00,937.17,937.33,936.5,936.79,17744.0
2025-03-03 13:45:00,936.79,937.22,935.66,935.88,9930.0
2025-03-03 13:50:00,935.88,935.9,934.13,934.41,13677.0
2025-03-03 13:55:00,934.41,934.87,933.83,933.95,4452.0
2025-03-03 14:00:00,933.95,934.53,933.46,934.34,18723.0
2025-03-03 14:05:00,934.34,934.39,933.34,933.53,5685.0
2025-03-03 14:10:00,933.53,933.9,933.46,933.61,12896.0
2025-03-03 14:15:00,933.61,933.9,932.47,932.5,2707.0
2025-03-03 14:20:00,932.5,932.68,932.31,932.33,1849.0
2025-03-03 14:25:00,932.33,933.19,931.15,931.48,3408.0
2025-03-03 14:30:00,931.48,931.84,931.2,931.42,18913.0
2025-03-03 14:35:00,931.42,931.93,930.89,931.04,4999.0
2025-03-03 14:40:00,931.04,931.51,929.68,930.16,17711.0
2025-03-03 14:45:00,930.16,930.49,929.66,929.67,12024.0
2025-03-03 14:50:00,929.67,929.93,928.82,928.97,2684.0
2025-03-03 14:55:00,928.97,929.24,927.7,928.0,9383.0
2025-03-03 15:00:00,928.0,929.54,927.7,928.8,10106.0
2025-03-03 15:05:00,928.8,929.01,928.13,928.53,6071.0
2025-03-03 15:10:00,928.53,929.31,926.5,926.9,12478.0
2025-03-03 15:15:00,926.9,927.22,925.97,926.44,17361.0
2025-03-03 15:20:00,926.44,927.41,926.3,927.12,17790.0
2025-03-03 15:25:00,927.12,927.49,926.37,926.55,10977.0
2025-03-04 09:15:00,928.14,928.99,927.89,928.28,10724.0
2025-03-04 09:20:00,928.28,928.66,927.57,928.36,7941.0
2025-03-04 09:25:00,928.36,929.58,927.64,928.51,16838.0
2025-03-04 09:30:00,928.51,929.47,928.41,929.08,1819.0
2025-03-04 09:35:00,929.08,929.26,928.6,929.05,1345.0
2025-03-04 09:40:00,929.05,929.39,928.9,929.38,11575.0
2025-03-04 09:45:00,929.38,929.83,928.41,928.65,19438.0
2025-03-04 09:50:00,928.65,931.08,928.28,930.55,19903.0
2025-03-04 09:55:00,930.55,930.68,930.32,930.34,12277.0
2025-03-04 10:00:00,930.34,930.95,929.38,930.49,9167.0
2025-03-04 10:05:00,930.49,931.1,930.37,930.91,6185.0
2025-03-04 10:10:00,930.91,931.06,930.57,930.6,19810.0
2025-03-04 10:15:00,930.6,930.84,930.1,930.61,4481.0
2025-03-04 10:20:00,930.61,930.89,930.04,930.61,3398.0
2025-03-04 10:25:00,930.61,930.7,929.7,929.93,10658.0
2025-03-04 10:30:00,929.93,930.27,929.84,930.25,8456.0
2025-03-04 10:35:00,930.25,930.33,928.8,929.03,10420.0
2025-03-04 10:40:00,929.03,930.4,928.99,930.33,18137.0
2025-03-04 10:45:00,930.33,930.95,929.84,930.92,6126.0
2025-03-04 10:50:00,930.92,931.78,930.0,931.4,17657.0
2025-03-04 10:55:00,931.4,931.67,929.82,930.1,5023.0
2025-03-04 11:00:00,930.1,930.25,929.11,929.51,7148.0
2025-03-04 11:05:00,929.51,931.31,928.87,930.55,1084.0
2025-03-04 11:10:00,930.55,934.15,930.45,933.64,13893.0
2025-03-04 11:15:00,933.64,934.69,933.06,934.53,17310.0
2025-03-04 11:20:00,934.53,935.35,934.24,935.31,17837.0
2025-03-04 11:25:00,935.31,935.82,935.26,935.7,4181.0
2025-03-04 11:30:00,935.7,936.1,934.94,935.07,15570.0
2025-03-04 11:35:00,935.07,935.93,934.39,935.81,3685.0
2025-03-04 11:40:00,935.81,935.9,934.88,934.99,12941.0
2025-03-04 11:45:00,934.99,935.29,933.51,934.08,14345.0
2025-03-04 11:50:00,934.08,934.76,932.53,933.13,3898.0
2025-03-04 11:55:00,933.13,934.39,933.06,933.86,3099.0
2025-03-04 12:00:00,933.86,933.91,933.4,933.82,2387.0
2025-03-04 12:05:00,933.82,933.91,933.82,933.89,14458.0
2025-03-04 12:10:00,933.89,933.91,933.83,933.88,12677.0
2025-03-04 12:15:00,933.88,933.94,932.97,933.04,3267.0
2025-03-04 12:20:00,933.04,933.36,932.2,932.54,10505.0
2025-03-04 12:25:00,932.54,932.89,931.74,932.08,16120.0
2025-03-04 12:30:00,932.08,932.16,931.0,931.03,5522.0
2025-03-04 12:35:00,931.03,931.05,930.49,930.66,12507.0
2025-03-04 12:40:00,930.66,931.13,929.41,929.85,6562.0
2025-03-04 12:45:00,929.85,930.3,929.79,930.28,5959.0
2025-03-04 12:50:00,930.28,931.48,929.87,930.77,8449.0
2025-03-04 12:55:00,930.77,930.99,929.45,929.81,7692.0
2025-03-04 13:00:00,929.81,930.02,929.29,929.59,10414.0
2025-03-04 13:05:00,929.59,931.08,929.39,930.97,4902.0
2025-03-04 13:10:00,930.97,931.67,929.87,930.24,8414.0
2025-03-04 13:15:00,930.24,930.77,930.0,930.56,12825.0
2025-03-04 13:20:00,930.56,931.18,930.04,930.64,8358.0
2025-03-04 13:25:00,930.64,931.69,930.59,931.45,13471.0
2025-03-04 13:30:00,931.45,932.09,931.22,931.67,3198.0
2025-03-04 13:35:00,931.67,932.36,931.06,931.35,3615.0
2025-03-04 13:40:00,931.35,931.67,931.32,931.4,17446.0
2025-03-04 13:45:00,931.4,931.76,931.32,931.46,9774.0
2025-03-04 13:50:00,931.46,931.71,931.0,931.39,12573.0
2025-03-04 13:55:00,931.39,931.39,930.18,930.41,15056.0
2025-03-04 14:00:00,930.41,931.42,930.2,931.34,3775.0
2025-03-04 14:05:00,931.34,932.22,931.02,932.13,19472.0
2025-03-04 14:10:00,932.13,932.35,930.93,931.35,9053.0
2025-03-04 14:15:00,931.35,931.96,930.93,931.13,17904.0
2025-03-04 14:20:00,931.13,931.54,930.91,930.96,8917.0
2025-03-04 14:25:00,930.96,931.22,930.08,930.1,8705.0
2025-03-04 14:30:00,930.1,930.29,928.24,928.71,12411.0
2025-03-04 14:35:00,928.71,929.3,927.72,928.21,4627.0
2025-03-04 14:40:00,928.21,928.52,927.34,927.95,12568.0
2025-03-04 14:45:00,927.95,928.19,926.64,926.88,19682.0
2025-03-04 14:50:00,926.88,927.22,926.8,927.01,13259.0
2025-03-04 14:55:00,927.01,928.01,926.84,927.87,2331.0
2025-03-04 15:00:00,927.87,928.53,927.75,928.5,14260.0
2025-03-04 15:05:00,928.5,929.04,927.76,928.4,1634.0
2025-03-04 15:10:00,928.4,929.27,926.5,927.04,2963.0
2025-03-04 15:15:00,927.04,927.6,926.85,927.57,6407.0
2025-03-04 15:20:00,927.57,927.86,927.25,927.68,6793.0
2025-03-04 15:25:00,927.68,928.19,927.46,927.99,1067.0
2025-03-05 09:15:00,930.34,930.9,929.99,930.69,1329.0
2025-03-05 09:20:00,930.69,930.81,928.49,929.05,12731.0
2025-03-05 09:25:00,929.05,930.24,928.58,929.57,17720.0
2025-03-05 09:30:00,929.57,929.66,929.46,929.5,12007.0
2025-03-05 09:35:00,929.5,929.59,929.1,929.25,16202.0
2025-03-05 09:40:00,929.25,929.84,929.07,929.17,11171.0
2025-03-05 09:45:00,929.17,929.2,927.86,927.97,8975.0
2025-03-05 09:50:00,927.97,928.88,927.49,928.12,18965.0
2025-03-05 09:55:00,928.12,928.25,926.69,927.11,3904.0
2025-03-05 10:00:00,927.11,927.2,926.78,926.89,9504.0
2025-03-05 10:05:00,926.89,927.04,926.84,927.01,3961.0
2025-03-05 10:10:00,927.01,927.96,926.59,927.81,13439.0
2025-03-05 10:15:00,927.81,927.84,926.9,927.2,18514.0
2025-03-05 10:20:00,927.2,928.57,927.04,928.27,19957.0
2025-03-05 10:25:00,928.27,928.98,928.12,928.98,5440.0
2025-03-05 10:30:00,928.98,929.0,928.55,928.66,14824.0
2025-03-05 10:35:00,928.66,928.99,927.79,927.84,17608.0
2025-03-05 10:40:00,927.84,927.94,926.45,926.76,16840.0
2025-03-05 10:45:00,926.76,927.06,926.42,926.97,10562.0
2025-03-05 10:50:00,926.97,927.03,925.9,926.42,4315.0
2025-03-05 10:55:00,926.42,928.21,926.3,927.31,9772.0
2025-03-05 11:00:00,927.31,927.36,926.78,926.81,15744.0
2025-03-05 11:05:00,926.81,926.91,925.68,926.14,12770.0
2025-03-05 11:10:00,926.14,926.47,925.62,926.31,8377.0
2025-03-05 11:15:00,926.31,926.67,925.73,925.8,5085.0
2025-03-05 11:20:00,925.8,926.06,925.52,925.81,13385.0
2025-03-05 11:25:00,925.81,926.79,925.27,926.54,9139.0
2025-03-05 11:30:00,926.54,926.84,926.18,926.63,9969.0
2025-03-05 11:35:00,926.63,926.92,926.39,926.72,18831.0
2025-03-05 11:40:00,926.72,927.23,926.29,926.87,1173.0
2025-03-05 11:45:00,926.87,927.52,925.6,925.61,5526.0
2025-03-05 11:50:00,925.61,926.08,925.5,925.9,18476.0
2025-03-05 11:55:00,925.9,926.35,925.83,926.02,18510.0
2025-03-05 12:00:00,926.02,926.76,925.04,926.68,6747.0
2025-03-05 12:05:00,926.68,927.71,926.26,927.13,19889.0
2025-03-05 12:10:00,927.13,927.41,926.94,926.98,5020.0
2025-03-05 12:15:00,926.98,927.94,926.85,927.75,1986.0
2025-03-05 12:20:00,927.75,928.45,926.87,927.53,6835.0
2025-03-05 12:25:00,927.53,927.75,927.51,927.72,11096.0
2025-03-05 12:30:00,927.72,927.74,927.07,927.48,1114.0
2025-03-05 12:35:00,927.48,927.83,927.4,927.83,4264.0
2025-03-05 12:40:00,927.83,928.4,927.54,927.55,16027.0
2025-03-05 12:45:00,927.55,928.77,927.27,928.77,12812.0
2025-03-05 12:50:00,928.77,930.51,928.37,930.27,12500.0
2025-03-05 12:55:00,930.27,931.14,930.1,930.92,19801.0
2025-03-05 13:00:00,930.92,932.37,930.6,932.07,5339.0
2025-03-05 13:05:00,932.07,932.27,930.79,930.92,18040.0
2025-03-05 13:10:00,930.92,931.08,928.82,929.87,7748.0
2025-03-05 13:15:00,929.87,929.94,929.17,929.63,18572.0
2025-03-05 13:20:00,929.63,929.87,929.43,929.66,15880.0
2025-03-05 13:25:00,929.66,930.21,929.17,929.51,5053.0
2025-03-05 13:30:00,929.51,929.57,928.01,928.29,4978.0
2025-03-05 13:35:00,928.29,929.32,928.11,929.14,11304.0
2025-03-05 13:40:00,929.14,931.81,928.89,930.75,10552.0
2025-03-05 13:45:00,930.75,931.76,929.97,931.7,5461.0
2025-03-05 13:50:00,931.7,932.73,931.11,932.51,5947.0
2025-03-05 13:55:00,932.51,933.19,932.44,932.68,18089.0
2025-03-05 14:00:00,932.68,933.17,931.59,932.05,15320.0
2025-03-05 14:05:00,932.05,932.24,931.29,932.11,4631.0
2025-03-05 14:10:00,932.11,933.97,932.01,933.68,14779.0
2025-03-05 14:15:00,933.68,933.8,933.2,933.41,3925.0
2025-03-05 14:20:00,933.41,933.66,932.86,933.07,9455.0
2025-03-05 14:25:00,933.07,934.14,932.96,933.9,1231.0
2025-03-05 14:30:00,933.9,934.79,933.76,934.78,13335.0
2025-03-05 14:35:00,934.78,934.84,933.75,934.14,4457.0
2025-03-05 14:40:00,934.14,934.23,933.93,933.95,5485.0
2025-03-05 14:45:00,933.95,934.07,933.51,933.57,4605.0
2025-03-05 14:50:00,933.57,933.78,933.39,933.63,4484.0
2025-03-05 14:55:00,933.63,934.86,933.26,934.45,2472.0
2025-03-05 15:00:00,934.45,934.47,933.79,933.85,11534.0
2025-03-05 15:05:00,933.85,934.97,933.37,934.66,17487.0
2025-03-05 15:10:00,934.66,934.79,934.62,934.74,6728.0
2025-03-05 15:15:00,934.74,936.76,933.76,936.48,15819.0
2025-03-05 15:20:00,936.48,937.39,935.87,936.72,11328.0
2025-03-05 15:25:00,936.72,937.39,935.53,936.65,5835.0
2025-03-06 09:15:00,935.09,935.38,934.42,934.74,3968.0
2025-03-06 09:20:00,934.74,935.07,934.65,935.03,6962.0
2025-03-06 09:25:00,935.03,936.4,934.57,936.07,4811.0
2025-03-06 09:30:00,936.07,936.69,935.33,935.49,17112.0
2025-03-06 09:35:00,935.49,935.56,935.13,935.55,11260.0
2025-03-06 09:40:00,935.55,936.63,935.32,936.27,13991.0
2025-03-06 09:45:00,936.27,936.67,935.4,935.69,18469.0
2025-03-06 09:50:00,935.69,935.79,935.43,935.68,4713.0
2025-03-06 09:55:00,935.68,935.88,935.32,935.65,19324.0
2025-03-06 10:00:00,935.65,936.11,934.36,934.67,3403.0
2025-03-06 10:05:00,934.67,935.29,934.54,934.8,15331.0
2025-03-06 10:10:00,934.8,935.16,934.47,934.82,14351.0
2025-03-06 10:15:00,934.82,935.96,934.79,935.23,16682.0
2025-03-06 10:20:00,935.23,935.79,934.14,934.35,4010.0
2025-03-06 10:25:00,934.35,934.58,934.22,934.35,19238.0
2025-03-06 10:30:00,934.35,935.49,933.65,935.39,16092.0
2025-03-06 10:35:00,935.39,937.51,935.25,936.94,3102.0
2025-03-06 10:40:00,936.94,938.13,936.74,937.9,11584.0
2025-03-06 10:45:00,937.9,938.02,937.01,937.02,16528.0
2025-03-06 10:50:00,937.02,937.74,937.01,937.36,10060.0
2025-03-06 10:55:00,937.36,937.54,936.93,937.0,8237.0
2025-03-06 11:00:00,937.0,937.69,936.68,937.21,6235.0
2025-03-06 11:05:00,937.21,937.7,936.51,936.63,10802.0
2025-03-06 11:10:00,936.63,936.79,935.24,935.35,19693.0
2025-03-06 11:15:00,935.35,935.66,934.75,935.09,12542.0
2025-03-06 11:20:00,935.09,935.93,934.71,935.63,14721.0
2025-03-06 11:25:00,935.63,936.69,935.59,935.85,15812.0
2025-03-06 11:30:00,935.85,936.23,935.76,936.15,15783.0
2025-03-06 11:35:00,936.15,936.52,935.65,936.31,8608.0
2025-03-06 11:40:00,936.31,936.78,935.62,936.61,15605.0
2025-03-06 11:45:00,936.61,937.04,936.14,937.01,7232.0
2025-03-06 11:50:00,937.01,937.58,936.47,936.8,12096.0
2025-03-06 11:55:00,936.8,936.87,936.72,936.87,6746.0
2025-03-06 12:00:00,936.87,938.19,936.65,938.17,18854.0
2025-03-06 12:05:00,938.17,938.96,937.83,938.28,14872.0
2025-03-06 12:10:00,938.28,938.99,937.79,938.31,12092.0
2025-03-06 12:15:00,938.31,938.5,937.62,938.39,9578.0
2025-03-06 12:20:00,938.39,938.87,938.14,938.23,10880.0
2025-03-06 12:25:00,938.23,938.32,937.77,937.9,15818.0
2025-03-06 12:30:00,937.9,938.12,937.88,938.06,6200.0
2025-03-06 12:35:00,938.06,938.37,937.03,937.68,16740.0
2025-03-06 12:40:00,937.68,938.03,936.77,937.57,6352.0
2025-03-06 12:45:00,937.57,938.25,936.83,936.97,3690.0
2025-03-06 12:50:00,936.97,937.29,936.7,937.06,15000.0
2025-03-06 12:55:00,937.06,937.86,936.17,937.49,14458.0
2025-03-06 13:00:00,937.49,937.54,937.2,937.33,7360.0
2025-03-06 13:05:00,937.33,937.63,935.14,935.83,13326.0
2025-03-06 13:10:00,935.83,936.45,935.58,936.27,14845.0
2025-03-06 13:15:00,936.27,936.53,935.98,936.36,15968.0
2025-03-06 13:20:00,936.36,936.38,935.17,935.62,19101.0
2025-03-06 13:25:00,935.62,936.4,935.61,936.2,17232.0
2025-03-06 13:30:00,936.2,936.59,935.11,935.15,9346.0
2025-03-06 13:35:00,935.15,935.96,934.51,935.93,5374.0
2025-03-06 13:40:00,935.93,936.33,935.62,935.89,2849.0
2025-03-06 13:45:00,935.89,935.94,933.85,934.19,11902.0
2025-03-06 13:50:00,934.19,934.55,934.17,934.33,13664.0
2025-03-06 13:55:00,934.33,934.37,933.89,934.02,14126.0
2025-03-06 14:00:00,934.02,934.79,933.56,933.61,1180.0
2025-03-06 14:05:00,933.61,933.66,932.24,933.06,14325.0
2025-03-06 14:10:00,933.06,933.21,932.8,932.96,15953.0
2025-03-06 14:15:00,932.96,933.31,932.0,932.6,14713.0
2025-03-06 14:20:00,932.6,932.88,931.16,931.21,10987.0
2025-03-06 14:25:00,931.21,932.32,930.58,932.16,1288.0
2025-03-06 14:30:00,932.16,932.53,931.52,931.98,10304.0
2025-03-06 14:35:00,931.98,932.39,931.37,931.43,13250.0
2025-03-06 14:40:00,931.43,931.78,930.45,930.59,11819.0
2025-03-06 14:45:00,930.59,931.36,930.54,931.17,11917.0
2025-03-06 14:50:00,931.17,931.35,929.75,930.2,10811.0
2025-03-06 14:55:00,930.2,930.6,930.06,930.3,11488.0
2025-03-06 15:00:00,930.3,930.36,929.41,929.87,7151.0
2025-03-06 15:05:00,929.87,929.9,929.23,929.48,12494.0
2025-03-06 15:10:00,929.48,929.68,928.35,928.66,6348.0
2025-03-06 15:15:00,928.66,928.88,928.19,928.2,10338.0
2025-03-06 15:20:00,928.2,928.71,928.18,928.2,8890.0
2025-03-06 15:25:00,928.2,928.38,928.13,928.38,14569.0
2025-03-07 09:15:00,928.81,929.41,928.26,929.1,18003.0
2025-03-07 09:20:00,929.1,929.92,929.0,929.47,10166.0
2025-03-07 09:25:00,929.47,929.68,929.16,929.21,2981.0
2025-03-07 09:30:00,929.21,929.6,928.57,929.35,9659.0
2025-03-07 09:35:00,929.35,929.61,929.15,929.52,14062.0
2025-03-07 09:40:00,929.52,929.73,927.4,927.72,6783.0
2025-03-07 09:45:00,927.72,928.41,927.19,928.2,7054.0
2025-03-07 09:50:00,928.2,928.88,928.12,928.31,9783.0
2025-03-07 09:55:00,928.31,929.25,928.01,928.73,17465.0
2025-03-07 10:00:00,928.73,928.91,927.69,927.77,12478.0
2025-03-07 10:05:00,927.77,928.42,927.34,927.54,18461.0
2025-03-07 10:10:00,927.54,927.79,926.66,926.73,2171.0
2025-03-07 10:15:00,926.73,927.78,926.46,927.28,17131.0
2025-03-07 10:20:00,927.28,927.76,925.65,926.24,1831.0
2025-03-07 10:25:00,926.24,926.52,924.96,925.55,7124.0
2025-03-07 10:30:00,925.55,926.01,925.14,925.95,9104.0
2025-03-07 10:35:00,925.95,926.03,925.19,925.48,5495.0
2025-03-07 10:40:00,925.48,925.95,924.69,924.8,19796.0
2025-03-07 10:45:00,924.8,925.79,924.75,925.47,17963.0
2025-03-07 10:50:00,925.47,926.47,925.38,926.17,11853.0
2025-03-07 10:55:00,926.17,926.77,926.07,926.7,9605.0
2025-03-07 11:00:00,926.7,928.07,926.53,927.33,15473.0
2025-03-07 11:05:00,927.33,927.68,926.77,927.16,14447.0
2025-03-07 11:10:00,927.16,927.52,926.49,927.01,10131.0
2025-03-07 11:15:00,927.01,927.43,926.41,926.53,16716.0
2025-03-07 11:20:00,926.53,926.89,925.89,926.65,4665.0
2025-03-07 11:25:00,926.65,926.67,926.23,926.26,6276.0
2025-03-07 11:30:00,926.26,926.59,925.54,925.94,1335.0
2025-03-07 11:35:00,925.94,926.52,925.78,926.39,3262.0
2025-03-07 11:40:00,926.39,927.56,926.18,927.26,4776.0
2025-03-07 11:45:00,927.26,927.67,927.2,927.56,12871.0
2025-03-07 11:50:00,927.56,929.89,927.37,928.89,17254.0
2025-03-07 11:55:00,928.89,929.1,928.36,928.37,12213.0
2025-03-07 12:00:00,928.37,928.4,926.85,927.0,9462.0
2025-03-07 12:05:00,927.0,927.78,926.68,927.53,6133.0
2025-03-07 12:10:00,927.53,928.03,926.95,926.96,2927.0
2025-03-07 12:15:00,926.96,927.23,925.67,926.76,12109.0
2025-03-07 12:20:00,926.76,927.01,924.83,925.45,3675.0
2025-03-07 12:25:00,925.45,925.62,924.67,924.78,16016.0
2025-03-07 12:30:00,924.78,925.23,923.37,923.67,8768.0
2025-03-07 12:35:00,923.67,923.68,922.93,923.35,7650.0
2025-03-07 12:40:00,923.35,923.64,922.93,923.06,1506.0
2025-03-07 12:45:00,923.06,923.23,922.85,923.13,5604.0
2025-03-07 12:50:00,923.13,924.11,922.85,924.04,1253.0
2025-03-07 12:55:00,924.04,924.89,923.79,924.54,14775.0
2025-03-07 13:00:00,924.54,924.6,923.15,923.34,10307.0
2025-03-07 13:05:00,923.34,924.1,922.59,923.79,15931.0
2025-03-07 13:10:00,923.79,924.06,923.49,923.87,11739.0
2025-03-07 13:15:00,923.87,924.04,923.39,923.8,19131.0
2025-03-07 13:20:00,923.8,924.2,923.65,923.79,15891.0
2025-03-07 13:25:00,923.79,924.22,923.75,923.94,3804.0
2025-03-07 13:30:00,923.94,924.05,923.27,923.43,3215.0
2025-03-07 13:35:00,923.43,923.87,923.05,923.29,17896.0
2025-03-07 13:40:00,923.29,924.25,923.13,924.17,6113.0
2025-03-07 13:45:00,924.17,924.51,923.33,923.65,15536.0
2025-03-07 13:50:00,923.65,924.11,922.48,922.88,12942.0
2025-03-07 13:55:00,922.88,923.28,922.81,922.84,14336.0
2025-03-07 14:00:00,922.84,922.86,921.56,922.0,6068.0
2025-03-07 14:05:00,922.0,922.79,920.63,920.73,6948.0
2025-03-07 14:10:00,920.73,920.98,919.95,920.48,11542.0
2025-03-07 14:15:00,920.48,921.73,920.45,921.55,1421.0
2025-03-07 14:20:00,921.55,921.64,921.43,921.52,6921.0
2025-03-07 14:25:00,921.52,921.87,921.42,921.65,10643.0
2025-03-07 14:30:00,921.65,921.71,919.99,920.08,4884.0
2025-03-07 14:35:00,920.08,920.57,919.93,920.4,6429.0
2025-03-07 14:40:00,920.4,920.61,920.31,920.47,19687.0
2025-03-07 14:45:00,920.47,921.09,919.54,919.98,6506.0
2025-03-07 14:50:00,919.98,920.13,919.89,920.12,18145.0
2025-03-07 14:55:00,920.12,920.57,919.97,920.24,18615.0
2025-03-07 15:00:00,920.24,920.26,918.88,919.46,13803.0
2025-03-07 15:05:00,919.46,920.11,919.36,919.71,3906.0
2025-03-07 15:10:00,919.71,920.8,919.5,920.59,4908.0
2025-03-07 15:15:00,920.59,920.61,920.1,920.42,18750.0
2025-03-07 15:20:00,920.42,920.65,919.71,919.78,1028.0
2025-03-07 15:25:00,919.78,919.96,919.23,919.65,10572.0
2025-03-10 09:15:00,924.13,924.5,922.81,923.61,14302.0
2025-03-10 09:20:00,923.61,924.23,923.51,923.76,10698.0
2025-03-10 09:25:00,923.76,923.97,922.79,923.49,9643.0
2025-03-10 09:30:00,923.49,923.98,923.06,923.93,5718.0
2025-03-10 09:35:00,923.93,924.21,923.28,923.35,4254.0
2025-03-10 09:40:00,923.35,924.9,922.61,924.78,15011.0
2025-03-10 09:45:00,924.78,925.47,922.98,923.53,7797.0
2025-03-10 09:50:00,923.53,924.93,923.34,924.79,15757.0
2025-03-10 09:55:00,924.79,925.24,924.53,924.86,9423.0
2025-03-10 10:00:00,924.86,925.53,924.64,925.27,8547.0
2025-03-10 10:05:00,925.27,926.29,925.27,926.26,5372.0
2025-03-10 10:10:00,926.26,926.98,926.01,926.89,13510.0
2025-03-10 10:15:00,926.89,927.2,925.94,926.35,6408.0
2025-03-10 10:20:00,926.35,927.4,926.02,926.8,18272.0
2025-03-10 10:25:00,926.8,928.95,926.77,928.18,8758.0
2025-03-10 10:30:00,928.18,928.24,926.6,927.52,16481.0
2025-03-10 10:35:00,927.52,930.06,927.39,929.1,9929.0
2025-03-10 10:40:00,929.1,929.64,928.5,929.38,8883.0
2025-03-10 10:45:00,929.38,929.85,928.54,929.06,9610.0
2025-03-10 10:50:00,929.06,929.33,927.85,928.4,9388.0
2025-03-10 10:55:00,928.4,928.48,928.2,928.23,10100.0
2025-03-10 11:00:00,928.23,929.09,926.72,926.78,17850.0
2025-03-10 11:05:00,926.78,926.89,926.27,926.47,14358.0
2025-03-10 11:10:00,926.47,926.79,926.11,926.28,1653.0
2025-03-10 11:15:00,926.28,926.61,925.19,925.48,2106.0
2025-03-10 11:20:00,925.48,926.46,925.31,926.04,1433.0
2025-03-10 11:25:00,926.04,926.41,925.84,925.88,14127.0
2025-03-10 11:30:00,925.88,926.06,925.24,925.4,4910.0
2025-03-10 11:35:00,925.4,926.1,925.04,925.16,8320.0
2025-03-10 11:40:00,925.16,925.84,925.01,925.43,16724.0
2025-03-10 11:45:00,925.43,926.12,924.89,925.48,3504.0
2025-03-10 11:50:00,925.48,925.74,924.39,924.96,3911.0
2025-03-10 11:55:00,924.96,925.08,923.84,925.05,2509.0
2025-03-10 12:00:00,925.05,925.75,924.47,925.02,6420.0
2025-03-10 12:05:00,925.02,925.74,923.68,924.17,2702.0
2025-03-10 12:10:00,924.17,924.19,923.71,923.96,12952.0
2025-03-10 12:15:00,923.96,924.4,923.96,924.39,14998.0
2025-03-10 12:20:00,924.39,925.03,924.09,924.81,4500.0
2025-03-10 12:25:00,924.81,924.92,924.16,924.64,10962.0
2025-03-10 12:30:00,924.64,925.69,924.42,925.14,6759.0
2025-03-10 12:35:00,925.14,925.7,923.93,924.42,2525.0
2025-03-10 12:40:00,924.42,925.06,923.41,923.72,9871.0
2025-03-10 12:45:00,923.72,924.12,923.17,923.53,14248.0
2025-03-10 12:50:00,923.53,925.22,923.42,924.64,5334.0
2025-03-10 12:55:00,924.64,925.48,924.36,924.76,15973.0
2025-03-10 13:00:00,924.76,925.03,924.34,924.56,19855.0
2025-03-10 13:05:00,924.56,926.34,924.53,925.7,2069.0
2025-03-10 13:10:00,925.7,925.83,925.34,925.49,4105.0
2025-03-10 13:15:00,925.49,927.72,925.34,927.14,6498.0
2025-03-10 13:20:00,927.14,927.62,926.67,926.76,17148.0
2025-03-10 13:25:00,926.76,927.28,925.77,926.01,3700.0
2025-03-10 13:30:00,926.01,926.35,925.69,925.89,9931.0
2025-03-10 13:35:00,925.89,926.01,925.29,925.71,11210.0
2025-03-10 13:40:00,925.71,926.04,924.53,925.11,3453.0
2025-03-10 13:45:00,925.11,927.08,925.06,927.03,1798.0
2025-03-10 13:50:00,927.03,927.31,926.73,927.27,3251.0
2025-03-10 13:55:00,927.27,927.75,926.76,927.62,2067.0
2025-03-10 14:00:00,927.62,928.29,927.17,927.27,10505.0
2025-03-10 14:05:00,927.27,927.49,926.55,926.84,18794.0
2025-03-10 14:10:00,926.84,927.87,926.16,927.61,7716.0
2025-03-10 14:15:00,927.61,927.68,926.26,926.36,5877.0
2025-03-10 14:20:00,926.36,926.48,924.91,925.52,5457.0
2025-03-10 14:25:00,925.52,925.86,925.13,925.33,19645.0
2025-03-10 14:30:00,925.33,926.56,924.64,926.33,19219.0
2025-03-10 14:35:00,926.33,926.86,925.81,926.06,13321.0
2025-03-10 14:40:00,926.06,926.79,925.78,926.36,9804.0
2025-03-10 14:45:00,926.36,926.65,926.11,926.38,4036.0
2025-03-10 14:50:00,926.38,927.36,926.13,927.35,18647.0
2025-03-10 14:55:00,927.35,927.44,926.15,926.17,1025.0
2025-03-10 15:00:00,926.17,926.99,925.97,926.72,4115.0
2025-03-10 15:05:00,926.72,926.85,926.57,926.57,13894.0
2025-03-10 15:10:00,926.57,927.26,926.36,927.26,4485.0
2025-03-10 15:15:00,927.26,927.45,926.56,926.65,3056.0
2025-03-10 15:20:00,926.65,926.79,926.21,926.67,12324.0
2025-03-10 15:25:00,926.67,926.84,926.41,926.59,1498.0
2025-03-11 09:15:00,925.75,927.31,925.59,926.89,6127.0
2025-03-11 09:20:00,926.89,926.96,925.93,926.17,4024.0
2025-03-11 09:25:00,926.17,926.26,925.82,926.21,11004.0
2025-03-11 09:30:00,926.21,926.81,926.11,926.55,9037.0
2025-03-11 09:35:00,926.55,926.8,925.02,925.91,9583.0
2025-03-11 09:40:00,925.91,926.09,924.8,925.44,3440.0
2025-03-11 09:45:00,925.44,925.55,924.61,924.91,7517.0
2025-03-11 09:50:00,924.91,926.53,924.82,925.96,1576.0
2025-03-11 09:55:00,925.96,927.46,925.12,927.38,19493.0
2025-03-11 10:00:00,927.38,927.75,926.71,927.47,3733.0
2025-03-11 10:05:00,927.47,927.78,926.79,927.27,10182.0
2025-03-11 10:10:00,927.27,927.47,926.53,926.82,5104.0
2025-03-11 10:15:00,926.82,926.98,926.57,926.82,4381.0
2025-03-11 10:20:00,926.82,927.42,926.11,926.42,8414.0
2025-03-11 10:25:00,926.42,926.45,926.05,926.34,19415.0
2025-03-11 10:30:00,926.34,927.09,925.79,926.65,10085.0
2025-03-11 10:35:00,926.65,926.66,926.26,926.35,19256.0
2025-03-11 10:40:00,926.35,927.21,926.17,926.21,16713.0
2025-03-11 10:45:00,926.21,926.78,925.78,926.07,9278.0
2025-03-11 10:50:00,926.07,926.51,925.22,925.84,18122.0
2025-03-11 10:55:00,925.84,925.97,925.49,925.51,7615.0
2025-03-11 11:00:00,925.51,926.2,925.1,926.07,10527.0
2025-03-11 11:05:00,926.07,926.41,924.65,924.76,13928.0
2025-03-11 11:10:00,924.76,926.33,924.55,925.93,12199.0
2025-03-11 11:15:00,925.93,926.1,925.69,926.03,16749.0
2025-03-11 11:20:00,926.03,926.61,925.94,926.48,4095.0
2025-03-11 11:25:00,926.48,927.59,926.4,927.02,10472.0
2025-03-11 11:30:00,927.02,927.09,926.41,926.49,13629.0
2025-03-11 11:35:00,926.49,926.51,925.68,925.82,7285.0
2025-03-11 11:40:00,925.82,926.33,924.73,925.05,17471.0
2025-03-11 11:45:00,925.05,925.18,924.62,924.87,6726.0
2025-03-11 11:50:00,924.87,925.45,924.79,925.39,6721.0
2025-03-11 11:55:00,925.39,925.52,924.78,924.95,7205.0
2025-03-11 12:00:00,924.95,925.58,924.66,925.4,13853.0
2025-03-11 12:05:00,925.4,925.53,923.56,923.65,3242.0
2025-03-11 12:10:00,923.65,924.21,922.68,923.37,3714.0
2025-03-11 12:15:00,923.37,924.28,923.34,924.23,15793.0
2025-03-11 12:20:00,924.23,924.65,923.68,924.1,4938.0
2025-03-11 12:25:00,924.1,924.33,923.15,923.49,2994.0
2025-03-11 12:30:00,923.49,923.89,922.83,923.01,6009.0
2025-03-11 12:35:00,923.01,923.23,920.67,920.77,8567.0
2025-03-11 12:40:00,920.77,920.85,919.8,920.03,1629.0
2025-03-11 12:45:00,920.03,920.88,919.56,920.81,16863.0
2025-03-11 12:50:00,920.81,921.01,920.16,920.38,3232.0
2025-03-11 12:55:00,920.38,920.67,919.52,920.04,8678.0
2025-03-11 13:00:00,920.04,920.08,917.94,918.32,4840.0
2025-03-11 13:05:00,918.32,918.64,917.02,917.12,6600.0
2025-03-11 13:10:00,917.12,918.2,916.61,918.0,1859.0
2025-03-11 13:15:00,918.0,918.78,917.94,918.45,19016.0
2025-03-11 13:20:00,918.45,918.82,916.66,917.5,18809.0
2025-03-11 13:25:00,917.5,917.75,916.94,917.03,3404.0
2025-03-11 13:30:00,917.03,917.08,916.92,917.01,4748.0
2025-03-11 13:35:00,917.01,917.27,915.44,916.14,17812.0
2025-03-11 13:40:00,916.14,916.46,914.11,914.67,8884.0
2025-03-11 13:45:00,914.67,914.74,913.95,914.55,2179.0
2025-03-11 13:50:00,914.55,915.08,914.26,914.97,3581.0
2025-03-11 13:55:00,914.97,915.89,914.67,915.4,8857.0
2025-03-11 14:00:00,915.4,916.22,914.81,916.05,11600.0
2025-03-11 14:05:00,916.05,916.5,914.69,914.91,13002.0
2025-03-11 14:10:00,914.91,915.11,914.72,914.95,3910.0
2025-03-11 14:15:00,914.95,914.96,914.02,914.75,8030.0
2025-03-11 14:20:00,914.75,915.02,914.31,914.69,5960.0
2025-03-11 14:25:00,914.69,914.72,914.4,914.53,11157.0
2025-03-11 14:30:00,914.53,914.56,913.55,914.05,7107.0
2025-03-11 14:35:00,914.05,914.35,911.65,911.85,4876.0
2025-03-11 14:40:00,911.85,912.9,911.68,912.7,16488.0
2025-03-11 14:45:00,912.7,913.22,912.28,912.94,11811.0
2025-03-11 14:50:00,912.94,913.77,911.65,911.85,10005.0
2025-03-11 14:55:00,911.85,912.24,911.84,912.2,3556.0
2025-03-11 15:00:00,912.2,912.63,911.81,911.87,2345.0
2025-03-11 15:05:00,911.87,912.23,910.79,911.57,16125.0
2025-03-11 15:10:00,911.57,911.98,910.93,911.01,19403.0
2025-03-11 15:15:00,911.01,911.55,911.0,911.4,12092.0
2025-03-11 15:20:00,911.4,911.89,910.62,910.81,1742.0
2025-03-11 15:25:00,910.81,911.13,909.42,910.02,10156.0
2025-03-12 09:15:00,911.96,911.99,911.35,911.75,11869.0
2025-03-12 09:20:00,911.75,911.86,910.38,911.06,14078.0
2025-03-12 09:25:00,911.06,912.4,911.0,911.85,3686.0
2025-03-12 09:30:00,911.85,912.39,910.82,911.05,3103.0
2025-03-12 09:35:00,911.05,912.97,910.33,912.7,11497.0
2025-03-12 09:40:00,912.7,912.82,911.93,912.25,5163.0
2025-03-12 09:45:00,912.25,913.98,912.05,913.5,19583.0
2025-03-12 09:50:00,913.5,913.73,912.29,913.37,4616.0
2025-03-12 09:55:00,913.37,915.2,913.1,914.53,3487.0
2025-03-12 10:00:00,914.53,914.89,913.22,913.99,7295.0
2025-03-12 10:05:00,913.99,914.47,913.71,914.0,7306.0
2025-03-12 10:10:00,914.0,914.66,913.63,914.59,4043.0
2025-03-12 10:15:00,914.59,915.15,914.5,915.07,13634.0
2025-03-12 10:20:00,915.07,916.02,914.79,915.88,7592.0
2025-03-12 10:25:00,915.88,916.19,915.44,915.52,11014.0
2025-03-12 10:30:00,915.52,915.8,915.22,915.59,5622.0
2025-03-12 10:35:00,915.59,916.7,915.29,916.5,2832.0
2025-03-12 10:40:00,916.5,916.79,915.77,915.98,2163.0
2025-03-12 10:45:00,915.98,916.51,915.98,916.4,2003.0
2025-03-12 10:50:00,916.4,916.96,915.81,916.24,17540.0
2025-03-12 10:55:00,916.24,916.97,916.21,916.39,6024.0
2025-03-12 11:00:00,916.39,916.97,916.33,916.46,6806.0
2025-03-12 11:05:00,916.46,916.58,915.19,915.88,12005.0
2025-03-12 11:10:00,915.88,916.36,915.62,915.69,2810.0
2025-03-12 11:15:00,915.69,916.06,915.65,915.79,12412.0
2025-03-12 11:20:00,915.79,915.8,915.24,915.72,10909.0
2025-03-12 11:25:00,915.72,917.06,915.6,916.87,16037.0
2025-03-12 11:30:00,916.87,918.03,916.76,917.61,3342.0
2025-03-12 11:35:00,917.61,917.91,916.9,917.82,1324.0
2025-03-12 11:40:00,917.82,917.99,917.18,917.26,15688.0
2025-03-12 11:45:00,917.26,917.31,916.28,916.66,8031.0
2025-03-12 11:50:00,916.66,918.56,916.62,918.11,2169.0
2025-03-12 11:55:00,918.11,918.44,916.68,917.37,11570.0
2025-03-12 12:00:00,917.37,917.87,917.12,917.45,9828.0
2025-03-12 12:05:00,917.45,917.97,917.21,917.72,19068.0
2025-03-12 12:10:00,917.72,917.89,917.36,917.49,18932.0
2025-03-12 12:15:00,917.49,917.62,916.37,916.75,11240.0
2025-03-12 12:20:00,916.75,917.14,916.15,916.18,4020.0
2025-03-12 12:25:00,916.18,916.45,915.39,915.78,15210.0
2025-03-12 12:30:00,915.78,916.1,914.91,915.26,4826.0
2025-03-12 12:35:00,915.26,916.71,914.68,916.23,16921.0
2025-03-12 12:40:00,916.23,916.42,915.59,916.22,12408.0
2025-03-12 12:45:00,916.22,916.64,915.09,915.84,7734.0
2025-03-12 12:50:00,915.84,916.11,915.4,915.92,19617.0
2025-03-12 12:55:00,915.92,916.61,915.25,916.41,10771.0
2025-03-12 13:00:00,916.41,916.46,915.92,916.15,8330.0
2025-03-12 13:05:00,916.15,916.89,915.9,916.81,4590.0
2025-03-12 13:10:00,916.81,917.23,915.7,915.88,13324.0
2025-03-12 13:15:00,915.88,917.25,915.8,916.74,6128.0
2025-03-12 13:20:00,916.74,916.94,916.59,916.74,3894.0
2025-03-12 13:25:00,916.74,916.84,916.16,916.7,3248.0
2025-03-12 13:30:00,916.7,916.74,915.73,916.19,13186.0
2025-03-12 13:35:00,916.19,916.29,915.29,915.29,18500.0
2025-03-12 13:40:00,915.29,915.52,913.63,914.07,5800.0
2025-03-12 13:45:00,914.07,914.14,913.51,913.52,5129.0
2025-03-12 13:50:00,913.52,914.87,913.23,913.94,12652.0
2025-03-12 13:55:00,913.94,914.37,912.46,913.24,3716.0
2025-03-12 14:00:00,913.24,913.35,911.76,912.11,2684.0
2025-03-12 14:05:00,912.11,912.3,911.18,911.45,13112.0
2025-03-12 14:10:00,911.45,912.49,910.75,911.17,10974.0
2025-03-12 14:15:00,911.17,911.56,910.29,910.92,1543.0
2025-03-12 14:20:00,910.92,911.2,910.3,910.82,5510.0
2025-03-12 14:25:00,910.82,911.77,910.47,911.57,4769.0
2025-03-12 14:30:00,911.57,913.01,911.49,912.49,13952.0
2025-03-12 14:35:00,912.49,914.37,912.05,913.95,13648.0
2025-03-12 14:40:00,913.95,914.11,912.7,912.76,15205.0
2025-03-12 14:45:00,912.76,912.8,912.05,912.14,2886.0
2025-03-12 14:50:00,912.14,912.9,911.33,912.65,17114.0
2025-03-12 14:55:00,912.65,912.68,911.7,912.32,4976.0
2025-03-12 15:00:00,912.32,913.3,912.26,912.95,19855.0
2025-03-12 15:05:00,912.95,913.23,912.88,913.1,17566.0
2025-03-12 15:10:00,913.1,914.55,912.72,914.25,9727.0
2025-03-12 15:15:00,914.25,915.78,914.22,915.01,15927.0
2025-03-12 15:20:00,915.01,916.24,914.73,915.79,13741.0
2025-03-12 15:25:00,915.79,915.93,915.45,915.49,15699.0
2025-03-13 09:15:00,914.78,914.85,913.66,913.82,1350.0
2025-03-13 09:20:00,913.82,914.03,913.33,913.34,7177.0
2025-03-13 09:25:00,913.34,913.73,913.01,913.61,18667.0
2025-03-13 09:30:00,913.61,914.0,912.86,913.58,12298.0
2025-03-13 09:35:00,913.58,914.65,913.49,914.18,4900.0
2025-03-13 09:40:00,914.18,915.23,913.97,914.88,12468.0
2025-03-13 09:45:00,914.88,915.21,914.62,914.7,17643.0
2025-03-13 09:50:00,914.7,915.15,913.21,913.34,8103.0
2025-03-13 09:55:00,913.34,913.46,912.76,912.79,10190.0
2025-03-13 10:00:00,912.79,912.85,912.68,912.72,12657.0
2025-03-13 10:05:00,912.72,912.85,911.76,912.15,16971.0
2025-03-13 10:10:00,912.15,912.16,911.27,911.38,11726.0
2025-03-13 10:15:00,911.38,911.63,911.37,911.43,19207.0
2025-03-13 10:20:00,911.43,913.28,911.38,913.21,15344.0
2025-03-13 10:25:00,913.21,913.33,912.18,912.85,9020.0
2025-03-13 10:30:00,912.85,913.59,912.79,912.85,10262.0
2025-03-13 10:35:00,912.85,913.04,911.7,911.89,14235.0
2025-03-13 10:40:00,911.89,912.94,911.2,912.8,2342.0
2025-03-13 10:45:00,912.8,913.72,912.28,913.44,5307.0
2025-03-13 10:50:00,913.44,914.2,913.27,914.03,5526.0
2025-03-13 10:55:00,914.03,915.15,913.99,915.02,16214.0
2025-03-13 11:00:00,915.02,915.4,914.51,914.71,16627.0
2025-03-13 11:05:00,914.71,914.78,914.36,914.49,16578.0
2025-03-13 11:10:00,914.49,915.8,914.28,915.74,3001.0
2025-03-13 11:15:00,915.74,916.25,915.41,916.2,6609.0
2025-03-13 11:20:00,916.2,916.82,914.35,914.58,6930.0
2025-03-13 11:25:00,914.58,915.17,914.08,914.91,1458.0
2025-03-13 11:30:00,914.91,915.03,914.08,914.49,5898.0
2025-03-13 11:35:00,914.49,915.6,914.4,915.14,9192.0
2025-03-13 11:40:00,915.14,915.71,914.45,915.44,17828.0
2025-03-13 11:45:00,915.44,915.66,913.63,914.17,4230.0
2025-03-13 11:50:00,914.17,914.54,913.95,914.37,17345.0
2025-03-13 11:55:00,914.37,914.71,913.95,914.52,16552.0
2025-03-13 12:00:00,914.52,914.81,914.23,914.79,4007.0
2025-03-13 12:05:00,914.79,915.66,914.49,915.21,5960.0
2025-03-13 12:10:00,915.21,917.12,915.19,916.3,9706.0
2025-03-13 12:15:00,916.3,916.77,916.29,916.61,18930.0
2025-03-13 12:20:00,916.61,917.4,916.32,916.62,15914.0
2025-03-13 12:25:00,916.62,917.78,915.89,917.46,19464.0
2025-03-13 12:30:00,917.46,919.69,917.37,919.11,6938.0
2025-03-13 12:35:00,919.11,919.85,919.07,919.79,18267.0
2025-03-13 12:40:00,919.79,920.42,919.64,919.94,19166.0
2025-03-13 12:45:00,919.94,920.26,919.78,920.26,12392.0
2025-03-13 12:50:00,920.26,921.03,919.8,920.44,3927.0
2025-03-13 12:55:00,920.44,920.63,919.83,920.46,6081.0
2025-03-13 13:00:00,920.46,922.93,920.18,922.05,3445.0
2025-03-13 13:05:00,922.05,922.08,921.1,921.5,16337.0
2025-03-13 13:10:00,921.5,922.98,921.3,922.35,6948.0
2025-03-13 13:15:00,922.35,922.55,921.9,922.26,14330.0
2025-03-13 13:20:00,922.26,922.45,921.13,921.17,6077.0
2025-03-13 13:25:00,921.17,921.29,920.96,921.03,19566.0
2025-03-13 13:30:00,921.03,921.39,920.28,920.63,15698.0
2025-03-13 13:35:00,920.63,921.08,920.28,921.05,8167.0
2025-03-13 13:40:00,921.05,922.09,920.48,921.12,10057.0
2025-03-13 13:45:00,921.12,921.31,920.29,920.37,2116.0
2025-03-13 13:50:00,920.37,921.82,920.33,921.45,3598.0
2025-03-13 13:55:00,921.45,922.54,920.54,922.25,19969.0
2025-03-13 14:00:00,922.25,923.68,921.66,923.43,16502.0
2025-03-13 14:05:00,923.43,923.76,923.28,923.6,16927.0
2025-03-13 14:10:00,923.6,923.98,923.17,923.57,13226.0
2025-03-13 14:15:00,923.57,924.15,923.27,924.09,5208.0
2025-03-13 14:20:00,924.09,924.22,923.18,923.67,3000.0
2025-03-13 14:25:00,923.67,924.37,923.48,923.76,14786.0
2025-03-13 14:30:00,923.76,924.01,923.46,923.63,7303.0
2025-03-13 14:35:00,923.63,923.74,922.11,922.55,1013.0
2025-03-13 14:40:00,922.55,922.67,922.33,922.65,1428.0
2025-03-13 14:45:00,922.65,922.78,922.16,922.32,11598.0
2025-03-13 14:50:00,922.32,922.47,922.07,922.14,16963.0
2025-03-13 14:55:00,922.14,922.63,921.81,922.41,7893.0
2025-03-13 15:00:00,922.41,923.44,922.1,923.35,19996.0
2025-03-13 15:05:00,923.35,923.52,922.71,922.73,8245.0
2025-03-13 15:10:00,922.73,923.53,921.85,922.48,14933.0
2025-03-13 15:15:00,922.48,922.81,921.83,921.91,5645.0
2025-03-13 15:20:00,921.91,922.27,921.29,921.3,12538.0
2025-03-13 15:25:00,921.3,922.05,920.76,920.86,6222.0
2025-03-14 09:15:00,919.8,919.87,918.28,918.39,6426.0
2025-03-14 09:20:00,918.39,919.63,918.24,919.58,4744.0
2025-03-14 09:25:00,919.58,920.27,918.5,918.81,9913.0
2025-03-14 09:30:00,918.81,920.0,918.32,919.83,9469.0
2025-03-14 09:35:00,919.83,920.68,919.12,920.23,11293.0
2025-03-14 09:40:00,920.23,920.37,919.28,919.51,18953.0
2025-03-14 09:45:00,919.51,919.74,918.96,919.74,13378.0
2025-03-14 09:50:00,919.74,921.81,918.86,921.31,12123.0
2025-03-14 09:55:00,921.31,922.55,920.91,922.44,7958.0
2025-03-14 10:00:00,922.44,922.48,921.75,922.06,13065.0
2025-03-14 10:05:00,922.06,922.57,921.18,921.54,19152.0
2025-03-14 10:10:00,921.54,922.07,921.18,921.61,1184.0
2025-03-14 10:15:00,921.61,922.05,921.46,921.49,7645.0
2025-03-14 10:20:00,921.49,923.81,921.19,922.37,2075.0
2025-03-14 10:25:00,922.37,923.08,922.29,922.92,4870.0
2025-03-14 10:30:00,922.92,923.0,921.0,921.67,2271.0
2025-03-14 10:35:00,921.67,922.02,921.63,922.01,12253.0
2025-03-14 10:40:00,922.01,922.23,921.1,921.88,16573.0
2025-03-14 10:45:00,921.88,922.0,921.73,921.9,18864.0
2025-03-14 10:50:00,921.9,922.34,921.35,922.09,5500.0
2025-03-14 10:55:00,922.09,923.07,921.49,922.97,14288.0
2025-03-14 11:00:00,922.97,924.25,922.87,923.69,7247.0
2025-03-14 11:05:00,923.69,923.98,922.94,923.14,7000.0
2025-03-14 11:10:00,923.14,923.34,922.53,923.1,12589.0
2025-03-14 11:15:00,923.1,923.28,922.7,922.77,13901.0
2025-03-14 11:20:00,922.77,923.19,920.76,921.53,12095.0
2025-03-14 11:25:00,921.53,921.9,920.96,921.45,2895.0
2025-03-14 11:30:00,921.45,922.85,921.07,922.81,8800.0
2025-03-14 11:35:00,922.81,923.17,921.2,921.54,6428.0
2025-03-14 11:40:00,921.54,921.61,921.23,921.53,1081.0
2025-03-14 11:45:00,921.53,922.23,921.37,921.48,1772.0
2025-03-14 11:50:00,921.48,922.1,921.28,921.7,9542.0
2025-03-14 11:55:00,921.7,921.93,920.72,920.99,2908.0
2025-03-14 12:00:00,920.99,921.84,919.52,919.94,15038.0
2025-03-14 12:05:00,919.94,920.71,918.75,918.92,2068.0
2025-03-14 12:10:00,918.92,920.14,918.79,919.9,5469.0
2025-03-14 12:15:00,919.9,920.16,919.08,919.18,19727.0
2025-03-14 12:20:00,919.18,919.87,918.67,918.81,14458.0
2025-03-14 12:25:00,918.81,920.45,918.77,920.36,11590.0
2025-03-14 12:30:00,920.36,920.65,919.64,919.82,1287.0
2025-03-14 12:35:00,919.82,920.17,919.33,920.07,1829.0
2025-03-14 12:40:00,920.07,921.12,919.85,920.85,18252.0
2025-03-14 12:45:00,920.85,921.72,920.48,921.6,16188.0
2025-03-14 12:50:00,921.6,921.72,920.5,920.62,19050.0
2025-03-14 12:55:00,920.62,920.9,919.88,920.1,16354.0
2025-03-14 13:00:00,920.1,920.42,920.06,920.32,1046.0
2025-03-14 13:05:00,920.32,921.89,919.99,921.74,16305.0
2025-03-14 13:10:00,921.74,922.11,921.16,921.18,9698.0
2025-03-14 13:15:00,921.18,921.79,920.39,920.82,14154.0
2025-03-14 13:20:00,920.82,921.24,920.51,921.12,8862.0
2025-03-14 13:25:00,921.12,921.78,920.52,921.58,14699.0
2025-03-14 13:30:00,921.58,922.35,921.48,922.08,16995.0
2025-03-14 13:35:00,922.08,922.29,921.32,921.46,19515.0
2025-03-14 13:40:00,921.46,922.04,920.9,921.07,11273.0
2025-03-14 13:45:00,921.07,921.59,921.0,921.23,6301.0
2025-03-14 13:50:00,921.23,923.15,920.96,922.16,12615.0
2025-03-14 13:55:00,922.16,923.3,921.79,921.98,10497.0
2025-03-14 14:00:00,921.98,922.63,921.94,921.96,4847.0
2025-03-14 14:05:00,921.96,922.77,920.98,921.21,14766.0
2025-03-14 14:10:00,921.21,922.58,920.71,922.58,2464.0
2025-03-14 14:15:00,922.58,922.88,922.51,922.7,8660.0
2025-03-14 14:20:00,922.7,923.52,922.46,923.49,14154.0
2025-03-14 14:25:00,923.49,923.77,922.97,923.51,18500.0
2025-03-14 14:30:00,923.51,923.68,923.0,923.58,12792.0
2025-03-14 14:35:00,923.58,923.83,922.26,922.47,19605.0
2025-03-14 14:40:00,922.47,922.67,920.77,920.88,16814.0
2025-03-14 14:45:00,920.88,921.88,920.36,921.81,5487.0
2025-03-14 14:50:00,921.81,922.17,921.73,921.86,17048.0
2025-03-14 14:55:00,921.86,922.2,921.46,922.02,7387.0
2025-03-14 15:00:00,922.02,922.12,920.96,921.09,12989.0
2025-03-14 15:05:00,921.09,921.31,919.16,920.43,4815.0
2025-03-14 15:10:00,920.43,921.29,920.11,921.21,11228.0
2025-03-14 15:15:00,921.21,922.91,920.87,922.5,13909.0
2025-03-14 15:20:00,922.5,922.83,921.93,922.04,18366.0
2025-03-14 15:25:00,922.04,922.95,921.67,922.53,18924.0
2025-03-17 09:15:00,922.13,922.14,920.67,921.26,16224.0
2025-03-17 09:20:00,921.26,921.72,920.88,921.62,18305.0
2025-03-17 09:25:00,921.62,922.43,921.26,922.19,17967.0
2025-03-17 09:30:00,922.19,923.2,921.99,922.92,4245.0
2025-03-17 09:35:00,922.92,923.57,922.56,923.41,12806.0
2025-03-17 09:40:00,923.41,923.56,923.31,923.31,16883.0
2025-03-17 09:45:00,923.31,924.8,923.2,924.46,13757.0
2025-03-17 09:50:00,924.46,925.13,924.41,925.12,13487.0
2025-03-17 09:55:00,925.12,926.51,924.97,926.15,15686.0
2025-03-17 10:00:00,926.15,927.36,925.7,927.23,9611.0
2025-03-17 10:05:00,927.23,927.31,926.44,927.13,2275.0
2025-03-17 10:10:00,927.13,927.78,926.6,927.42,13150.0
2025-03-17 10:15:00,927.42,928.3,926.62,928.0,12927.0
2025-03-17 10:20:00,928.0,928.04,926.98,927.14,17178.0
2025-03-17 10:25:00,927.14,927.32,926.31,926.31,18554.0
2025-03-17 10:30:00,926.31,926.31,925.17,925.34,7417.0
2025-03-17 10:35:00,925.34,925.48,924.63,925.26,19166.0
2025-03-17 10:40:00,925.26,925.44,924.37,925.02,1188.0
2025-03-17 10:45:00,925.02,925.13,923.47,923.96,19398.0
2025-03-17 10:50:00,923.96,924.1,923.75,924.07,3608.0
2025-03-17 10:55:00,924.07,924.44,923.45,924.0,13270.0
2025-03-17 11:00:00,924.0,925.12,923.59,924.87,13981.0
2025-03-17 11:05:00,924.87,927.28,924.73,926.36,13032.0
2025-03-17 11:10:00,926.36,926.98,926.06,926.7,19827.0
2025-03-17 11:15:00,926.7,927.12,926.09,926.18,11496.0
2025-03-17 11:20:00,926.18,926.73,925.82,926.66,3497.0
2025-03-17 11:25:00,926.66,926.96,926.02,926.67,12543.0
2025-03-17 11:30:00,926.67,926.8,925.96,926.49,6526.0
2025-03-17 11:35:00,926.49,927.05,925.71,925.85,12630.0
2025-03-17 11:40:00,925.85,926.24,925.39,925.51,8232.0
2025-03-17 11:45:00,925.51,925.71,925.18,925.38,1805.0
2025-03-17 11:50:00,925.38,926.62,924.84,925.97,13112.0
2025-03-17 11:55:00,925.97,926.89,925.75,926.35,2688.0
2025-03-17 12:00:00,926.35,927.9,925.93,927.71,7229.0
2025-03-17 12:05:00,927.71,928.29,927.49,928.21,12768.0
2025-03-17 12:10:00,928.21,928.78,928.19,928.52,17742.0
2025-03-17 12:15:00,928.52,928.7,928.14,928.29,6970.0
2025-03-17 12:20:00,928.29,928.84,927.32,927.52,6670.0
2025-03-17 12:25:00,927.52,927.7,927.07,927.1,6727.0
2025-03-17 12:30:00,927.1,927.4,926.37,926.58,11927.0
2025-03-17 12:35:00,926.58,926.78,924.54,924.69,4675.0
2025-03-17 12:40:00,924.69,924.81,923.45,923.94,11015.0
2025-03-17 12:45:00,923.94,925.22,923.73,925.12,16220.0
2025-03-17 12:50:00,925.12,925.66,925.01,925.4,2533.0
2025-03-17 12:55:00,925.4,926.13,925.04,925.12,19322.0
2025-03-17 13:00:00,925.12,925.55,924.95,925.41,11104.0
2025-03-17 13:05:00,925.41,925.44,923.83,923.97,12927.0
2025-03-17 13:10:00,923.97,924.37,923.72,924.18,12729.0
2025-03-17 13:15:00,924.18,925.51,923.98,925.12,18962.0
2025-03-17 13:20:00,925.12,925.13,924.82,925.03,13628.0
2025-03-17 13:25:00,925.03,925.21,923.53,923.72,17793.0
2025-03-17 13:30:00,923.72,923.76,923.2,923.42,6433.0
2025-03-17 13:35:00,923.42,924.97,923.35,924.36,5140.0
2025-03-17 13:40:00,924.36,924.81,924.16,924.55,13228.0
2025-03-17 13:45:00,924.55,924.59,922.94,923.5,3916.0
2025-03-17 13:50:00,923.5,925.53,923.39,925.26,3112.0
2025-03-17 13:55:00,925.26,925.27,924.32,924.33,5020.0
2025-03-17 14:00:00,924.33,924.34,923.8,924.15,6148.0
2025-03-17 14:05:00,924.15,924.63,923.11,923.38,2827.0
2025-03-17 14:10:00,923.38,923.71,922.39,922.62,14845.0
2025-03-17 14:15:00,922.62,922.63,922.04,922.28,12074.0
2025-03-17 14:20:00,922.28,923.19,922.0,922.75,4806.0
2025-03-17 14:25:00,922.75,923.82,922.61,923.71,6370.0
2025-03-17 14:30:00,923.71,923.84,922.5,923.42,18666.0
2025-03-17 14:35:00,923.42,924.05,922.62,922.67,18345.0
2025-03-17 14:40:00,922.67,923.87,922.63,923.03,3340.0
2025-03-17 14:45:00,923.03,924.17,922.9,923.4,12654.0
2025-03-17 14:50:00,923.4,923.69,923.34,923.58,7138.0
2025-03-17 14:55:00,923.58,924.0,922.91,923.78,7832.0
2025-03-17 15:00:00,923.78,923.91,922.66,923.7,12396.0
2025-03-17 15:05:00,923.7,924.12,923.34,923.77,19708.0
2025-03-17 15:10:00,923.77,923.9,923.54,923.64,12073.0
2025-03-17 15:15:00,923.64,924.78,922.45,924.43,19110.0
2025-03-17 15:20:00,924.43,926.6,924.12,926.08,16586.0
2025-03-17 15:25:00,926.08,926.99,925.37,926.21,15793.0
2025-03-18 09:15:00,925.29,926.69,925.11,926.22,14434.0
2025-03-18 09:20:00,926.22,927.49,926.17,926.95,6268.0
2025-03-18 09:25:00,926.95,927.19,926.8,926.98,18714.0
2025-03-18 09:30:00,926.98,927.62,926.81,927.48,14461.0
2025-03-18 09:35:00,927.48,928.49,926.91,928.09,9593.0
2025-03-18 09:40:00,928.09,928.24,927.68,928.13,9664.0
2025-03-18 09:45:00,928.13,928.96,928.02,928.43,1004.0
2025-03-18 09:50:00,928.43,929.75,928.16,928.87,6689.0
2025-03-18 09:55:00,928.87,930.3,928.76,929.24,15995.0
2025-03-18 10:00:00,929.24,929.43,928.46,928.66,16795.0
2025-03-18 10:05:00,928.66,928.71,928.13,928.15,19994.0
2025-03-18 10:10:00,928.15,928.26,927.64,927.94,2630.0
2025-03-18 10:15:00,927.94,928.47,927.23,927.42,5763.0
2025-03-18 10:20:00,927.42,927.71,925.93,926.32,15560.0
2025-03-18 10:25:00,926.32,927.47,925.9,926.82,7865.0
2025-03-18 10:30:00,926.82,927.33,926.68,927.08,5717.0
2025-03-18 10:35:00,927.08,927.36,925.72,926.09,6346.0
2025-03-18 10:40:00,926.09,926.54,925.63,925.91,18442.0
2025-03-18 10:45:00,925.91,926.1,924.97,925.77,17299.0
2025-03-18 10:50:00,925.77,926.03,925.36,925.91,1105.0
2025-03-18 10:55:00,925.91,926.67,924.84,925.11,16970.0
2025-03-18 11:00:00,925.11,925.18,923.93,924.11,11576.0
2025-03-18 11:05:00,924.11,924.93,923.9,924.49,17045.0
2025-03-18 11:10:00,924.49,924.51,923.19,923.36,12823.0
2025-03-18 11:15:00,923.36,923.45,922.66,923.18,14078.0
2025-03-18 11:20:00,923.18,923.66,922.84,922.94,11968.0
2025-03-18 11:25:00,922.94,923.09,922.65,922.85,14958.0
2025-03-18 11:30:00,922.85,923.49,922.83,923.04,16485.0
2025-03-18 11:35:00,923.04,924.27,922.63,924.22,10656.0
2025-03-18 11:40:00,924.22,924.52,922.48,923.04,3131.0
2025-03-18 11:45:00,923.04,923.88,922.26,923.69,2768.0
2025-03-18 11:50:00,923.69,924.3,921.71,921.83,8895.0
2025-03-18 11:55:00,921.83,922.91,921.53,922.86,9993.0
2025-03-18 12:00:00,922.86,922.98,921.18,921.35,17410.0
2025-03-18 12:05:00,921.35,923.48,920.55,923.15,1629.0
2025-03-18 12:10:00,923.15,923.87,922.63,922.86,17885.0
2025-03-18 12:15:00,922.86,924.11,921.83,923.82,2047.0
2025-03-18 12:20:00,923.82,925.28,922.84,924.62,10468.0
2025-03-18 12:25:00,924.62,925.27,923.61,924.3,9031.0
2025-03-18 12:30:00,924.3,924.66,923.95,924.03,11601.0
2025-03-18 12:35:00,924.03,924.61,922.99,923.41,1807.0
2025-03-18 12:40:00,923.41,924.32,923.14,923.99,15514.0
2025-03-18 12:45:00,923.99,924.59,923.57,923.68,3552.0
2025-03-18 12:50:00,923.68,923.68,922.31,923.07,15812.0
2025-03-18 12:55:00,923.07,923.55,923.04,923.47,11770.0
2025-03-18 13:00:00,923.47,923.93,922.39,922.81,17873.0
2025-03-18 13:05:00,922.81,922.94,922.25,922.57,19596.0
2025-03-18 13:10:00,922.57,922.72,922.05,922.64,17033.0
2025-03-18 13:15:00,922.64,922.73,922.12,922.17,9590.0
2025-03-18 13:20:00,922.17,922.77,921.68,921.81,8874.0
2025-03-18 13:25:00,921.81,922.99,921.59,922.94,13596.0
2025-03-18 13:30:00,922.94,923.43,922.35,922.79,13345.0
2025-03-18 13:35:00,922.79,923.38,922.33,922.52,16015.0
2025-03-18 13:40:00,922.52,923.52,922.18,922.4,10181.0
2025-03-18 13:45:00,922.4,922.87,922.0,922.73,9790.0
2025-03-18 13:50:00,922.73,922.99,921.63,921.97,3241.0
2025-03-18 13:55:00,921.97,922.6,921.92,922.28,4209.0
2025-03-18 14:00:00,922.28,922.66,921.93,922.47,16611.0
2025-03-18 14:05:00,922.47,922.77,921.09,921.15,19794.0
2025-03-18 14:10:00,921.15,922.8,920.61,922.48,12433.0
2025-03-18 14:15:00,922.48,923.82,922.45,923.55,7539.0
2025-03-18 14:20:00,923.55,923.81,922.52,922.96,2102.0
2025-03-18 14:25:00,922.96,922.98,921.99,922.13,1823.0
2025-03-18 14:30:00,922.13,922.35,922.07,922.3,13860.0
2025-03-18 14:35:00,922.3,922.82,921.2,921.25,13193.0
2025-03-18 14:40:00,921.25,922.52,921.08,922.26,6378.0
2025-03-18 14:45:00,922.26,922.28,921.66,921.91,4586.0
2025-03-18 14:50:00,921.91,923.33,921.9,923.11,2316.0
2025-03-18 14:55:00,923.11,923.86,922.48,922.5,13965.0
2025-03-18 15:00:00,922.5,922.73,921.66,922.42,12525.0
2025-03-18 15:05:00,922.42,923.46,921.97,923.35,7332.0
2025-03-18 15:10:00,923.35,923.77,922.81,923.11,14911.0
2025-03-18 15:15:00,923.11,923.39,923.07,923.32,17059.0
2025-03-18 15:20:00,923.32,924.66,922.94,924.12,10828.0
2025-03-18 15:25:00,924.12,924.44,923.3,923.71,5985.0
2025-03-19 09:15:00,921.92,922.19,921.54,922.02,1107.0
2025-03-19 09:20:00,922.02,922.33,921.5,921.52,13263.0
2025-03-19 09:25:00,921.52,921.74,921.19,921.47,8441.0
2025-03-19 09:30:00,921.47,923.13,921.22,922.8,18397.0
2025-03-19 09:35:00,922.8,923.39,922.64,922.73,16203.0
2025-03-19 09:40:00,922.73,923.22,921.59,921.96,16179.0
2025-03-19 09:45:00,921.96,922.81,920.83,920.95,8744.0
2025-03-19 09:50:00,920.95,921.49,920.76,921.04,7118.0
2025-03-19 09:55:00,921.04,921.29,920.38,920.48,16624.0
2025-03-19 10:00:00,920.48,920.98,920.11,920.67,3187.0
2025-03-19 10:05:00,920.67,920.93,919.07,919.47,2905.0
2025-03-19 10:10:00,919.47,920.69,919.13,919.98,2180.0
2025-03-19 10:15:00,919.98,920.34,918.98,919.2,10719.0
2025-03-19 10:20:00,919.2,919.44,919.04,919.23,2433.0
2025-03-19 10:25:00,919.23,919.49,918.45,918.99,12067.0
2025-03-19 10:30:00,918.99,920.44,918.49,920.25,4179.0
2025-03-19 10:35:00,920.25,920.46,919.85,920.38,17926.0
2025-03-19 10:40:00,920.38,921.99,920.3,921.81,9214.0
2025-03-19 10:45:00,921.81,922.74,921.58,922.22,2778.0
2025-03-19 10:50:00,922.22,923.57,922.11,923.28,14179.0
2025-03-19 10:55:00,923.28,923.35,922.8,923.12,7433.0
2025-03-19 11:00:00,923.12,923.43,922.86,923.38,5974.0
2025-03-19 11:05:00,923.38,925.0,923.34,924.28,13527.0
2025-03-19 11:10:00,924.28,925.09,923.91,924.95,19157.0
2025-03-19 11:15:00,924.95,925.47,924.72,925.34,19618.0
2025-03-19 11:20:00,925.34,925.38,924.31,925.1,9274.0
2025-03-19 11:25:00,925.1,925.17,924.28,924.98,17117.0
2025-03-19 11:30:00,924.98,926.64,924.39,925.82,4977.0
2025-03-19 11:35:00,925.82,926.84,925.17,926.82,17083.0
2025-03-19 11:40:00,926.82,927.03,926.2,926.38,18898.0
2025-03-19 11:45:00,926.38,927.07,925.7,925.83,10826.0
2025-03-19 11:50:00,925.83,925.94,925.0,925.16,10937.0
2025-03-19 11:55:00,925.16,926.37,924.95,925.77,11721.0
2025-03-19 12:00:00,925.77,926.05,924.97,925.09,2387.0
2025-03-19 12:05:00,925.09,926.15,924.73,925.69,17313.0
2025-03-19 12:10:00,925.69,926.76,925.39,926.1,15014.0
2025-03-19 12:15:00,926.1,926.23,925.45,925.69,17522.0
2025-03-19 12:20:00,925.69,926.88,925.16,926.85,3191.0
2025-03-19 12:25:00,926.85,927.29,925.11,925.77,16243.0
2025-03-19 12:30:00,925.77,927.23,925.64,927.0,7892.0
2025-03-19 12:35:00,927.0,927.45,926.54,927.23,16552.0
2025-03-19 12:40:00,927.23,927.56,925.04,925.7,19883.0
2025-03-19 12:45:00,925.7,927.2,925.32,926.88,17712.0
2025-03-19 12:50:00,926.88,928.11,926.75,927.6,18395.0
2025-03-19 12:55:00,927.6,927.74,927.18,927.28,3161.0
2025-03-19 13:00:00,927.28,927.44,926.4,926.56,7244.0
2025-03-19 13:05:00,926.56,927.03,925.12,925.4,6560.0
2025-03-19 13:10:00,925.4,927.58,925.31,927.19,10760.0
2025-03-19 13:15:00,927.19,927.85,926.32,926.51,19546.0
2025-03-19 13:20:00,926.51,926.63,925.27,925.57,14030.0
2025-03-19 13:25:00,925.57,925.99,925.51,925.77,11350.0
2025-03-19 13:30:00,925.77,925.83,924.27,924.56,16294.0
2025-03-19 13:35:00,924.56,924.71,923.76,923.83,4352.0
2025-03-19 13:40:00,923.83,924.7,923.79,924.57,13550.0
2025-03-19 13:45:00,924.57,925.15,923.88,924.91,10558.0
2025-03-19 13:50:00,924.91,925.01,924.53,924.62,4861.0
2025-03-19 13:55:00,924.62,925.01,923.84,924.64,13269.0
2025-03-19 14:00:00,924.64,924.78,923.8,924.31,16969.0
2025-03-19 14:05:00,924.31,924.63,924.1,924.26,16736.0
2025-03-19 14:10:00,924.26,924.45,923.65,923.7,17019.0
2025-03-19 14:15:00,923.7,923.91,923.11,923.27,16431.0
2025-03-19 14:20:00,923.27,923.34,922.47,922.82,9909.0
2025-03-19 14:25:00,922.82,923.48,921.57,922.29,1935.0
2025-03-19 14:30:00,922.29,923.78,922.27,923.06,19341.0
2025-03-19 14:35:00,923.06,923.93,922.42,923.63,9616.0
2025-03-19 14:40:00,923.63,923.67,922.82,922.94,13022.0
2025-03-19 14:45:00,922.94,923.44,921.61,922.06,1390.0
2025-03-19 14:50:00,922.06,922.14,921.88,921.94,17884.0
2025-03-19 14:55:00,921.94,923.82,921.61,923.53,17874.0
2025-03-19 15:00:00,923.53,924.13,922.41,922.77,18635.0
2025-03-19 15:05:00,922.77,923.36,922.31,922.65,4304.0
2025-03-19 15:10:00,922.65,922.86,922.09,922.72,17016.0
2025-03-19 15:15:00,922.72,923.04,922.61,922.64,12872.0
2025-03-19 15:20:00,922.64,922.64,921.68,922.3,3775.0
2025-03-19 15:25:00,922.3,923.4,922.16,923.15,11841.0
2025-03-20 09:15:00,923.16,923.75,921.85,921.87,15959.0
2025-03-20 09:20:00,921.87,923.45,921.66,922.86,17462.0
2025-03-20 09:25:00,922.86,922.96,922.58,922.88,10919.0
2025-03-20 09:30:00,922.88,923.05,921.76,922.06,7925.0
2025-03-20 09:35:00,922.06,922.52,919.6,920.25,8754.0
2025-03-20 09:40:00,920.25,921.03,920.03,921.01,14992.0
2025-03-20 09:45:00,921.01,921.47,920.76,921.42,7043.0
2025-03-20 09:50:00,921.42,921.81,920.72,921.58,8900.0
2025-03-20 09:55:00,921.58,923.08,921.27,922.21,15938.0
2025-03-20 10:00:00,922.21,922.88,921.68,922.85,11318.0
2025-03-20 10:05:00,922.85,923.25,922.49,922.99,9886.0
2025-03-20 10:10:00,922.99,923.39,922.68,922.8,14940.0
2025-03-20 10:15:00,922.8,922.96,922.27,922.5,6483.0
2025-03-20 10:20:00,922.5,923.34,922.22,922.81,2150.0
2025-03-20 10:25:00,922.81,924.14,922.63,923.84,15979.0
2025-03-20 10:30:00,923.84,924.02,923.49,923.76,9644.0
2025-03-20 10:35:00,923.76,925.0,923.42,924.86,7184.0
2025-03-20 10:40:00,924.86,925.15,924.84,925.13,2809.0
2025-03-20 10:45:00,925.13,925.85,924.99,925.41,18599.0
2025-03-20 10:50:00,925.41,927.47,925.11,927.2,14775.0
2025-03-20 10:55:00,927.2,928.49,926.88,928.42,6207.0
2025-03-20 11:00:00,928.42,929.77,927.74,929.67,12548.0
2025-03-20 11:05:00,929.67,929.86,928.69,929.08,9822.0
2025-03-20 11:10:00,929.08,930.95,928.85,930.71,7211.0
2025-03-20 11:15:00,930.71,931.27,930.56,930.65,6920.0
2025-03-20 11:20:00,930.65,931.0,930.13,930.48,2449.0
2025-03-20 11:25:00,930.48,930.73,928.73,928.87,19520.0
2025-03-20 11:30:00,928.87,929.31,927.92,929.11,18590.0
2025-03-20 11:35:00,929.11,929.27,928.26,928.31,17540.0
2025-03-20 11:40:00,928.31,929.08,928.14,928.61,6985.0
2025-03-20 11:45:00,928.61,929.03,927.66,927.75,19940.0
2025-03-20 11:50:00,927.75,929.29,927.2,929.08,6232.0
2025-03-20 11:55:00,929.08,930.05,928.55,929.49,16664.0
2025-03-20 12:00:00,929.49,931.68,929.38,931.19,2919.0
2025-03-20 12:05:00,931.19,931.31,930.04,930.43,6898.0
2025-03-20 12:10:00,930.43,932.13,930.05,931.58,11969.0
2025-03-20 12:15:00,931.58,931.86,930.24,930.24,19387.0
2025-03-20 12:20:00,930.24,930.62,929.89,930.4,6047.0
2025-03-20 12:25:00,930.4,930.63,929.5,929.93,9215.0
2025-03-20 12:30:00,929.93,930.12,929.18,929.59,17014.0
2025-03-20 12:35:00,929.59,929.6,929.17,929.21,9973.0
2025-03-20 12:40:00,929.21,929.68,928.18,928.53,13972.0
2025-03-20 12:45:00,928.53,928.93,927.42,927.59,8948.0
2025-03-20 12:50:00,927.59,927.65,926.62,927.27,1074.0
2025-03-20 12:55:00,927.27,928.27,926.75,927.35,6378.0
2025-03-20 13:00:00,927.35,928.65,927.08,928.22,11747.0
2025-03-20 13:05:00,928.22,929.03,927.86,928.43,1369.0
2025-03-20 13:10:00,928.43,929.82,928.35,929.3,5404.0
2025-03-20 13:15:00,929.3,929.45,927.91,928.2,19109.0
2025-03-20 13:20:00,928.2,928.35,927.52,927.88,1291.0
2025-03-20 13:25:00,927.88,928.75,927.51,928.41,5700.0
2025-03-20 13:30:00,928.41,929.0,928.29,928.66,12767.0
2025-03-20 13:35:00,928.66,928.66,927.8,928.03,11698.0
2025-03-20 13:40:00,928.03,928.73,927.85,928.72,4893.0
2025-03-20 13:45:00,928.72,929.31,928.22,928.32,2132.0
2025-03-20 13:50:00,928.32,929.18,927.26,927.75,18093.0
2025-03-20 13:55:00,927.75,928.2,927.25,928.11,11465.0
2025-03-20 14:00:00,928.11,928.14,927.48,928.11,11894.0
2025-03-20 14:05:00,928.11,928.35,927.64,927.72,2096.0
2025-03-20 14:10:00,927.72,927.82,927.18,927.31,4974.0
2025-03-20 14:15:00,927.31,927.44,926.08,926.52,2385.0
2025-03-20 14:20:00,926.52,926.52,925.5,926.23,19603.0
2025-03-20 14:25:00,926.23,927.05,925.65,927.04,15625.0
2025-03-20 14:30:00,927.04,927.52,926.4,927.22,11382.0
2025-03-20 14:35:00,927.22,928.02,927.1,927.93,13936.0
2025-03-20 14:40:00,927.93,928.58,927.75,928.32,4143.0
2025-03-20 14:45:00,928.32,928.32,927.68,927.86,19776.0
2025-03-20 14:50:00,927.86,927.95,925.98,926.64,10827.0
2025-03-20 14:55:00,926.64,926.73,925.35,925.95,10815.0
2025-03-20 15:00:00,925.95,926.32,925.15,925.45,19227.0
2025-03-20 15:05:00,925.45,925.57,924.84,924.9,2822.0
2025-03-20 15:10:00,924.9,925.69,924.62,925.63,9059.0
2025-03-20 15:15:00,925.63,926.42,925.55,926.35,2677.0
2025-03-20 15:20:00,926.35,928.03,926.26,927.99,9081.0
2025-03-20 15:25:00,927.99,928.0,927.07,927.42,6076.0
2025-03-21 09:15:00,926.43,926.97,926.1,926.65,9761.0
2025-03-21 09:20:00,926.65,926.75,925.9,926.07,6129.0
2025-03-21 09:25:00,926.07,926.39,925.92,926.32,9768.0
2025-03-21 09:30:00,926.32,926.48,925.03,925.2,19062.0
2025-03-21 09:35:00,925.2,926.1,924.95,925.85,2454.0
2025-03-21 09:40:00,925.85,926.5,925.46,926.12,4318.0
2025-03-21 09:45:00,926.12,926.42,925.72,926.17,5067.0
2025-03-21 09:50:00,926.17,927.39,925.75,927.0,9683.0
2025-03-21 09:55:00,927.0,927.04,926.24,926.75,14190.0
2025-03-21 10:00:00,926.75,927.09,925.75,926.3,4482.0
2025-03-21 10:05:00,926.3,927.35,925.72,927.31,3058.0
2025-03-21 10:10:00,927.31,929.02,927.26,928.68,2630.0
2025-03-21 10:15:00,928.68,929.16,927.89,928.17,16219.0
2025-03-21 10:20:00,928.17,928.46,927.72,928.08,1562.0
2025-03-21 10:25:00,928.08,929.29,927.67,928.86,12876.0
2025-03-21 10:30:00,928.86,929.25,928.8,928.8,11987.0
2025-03-21 10:35:00,928.8,929.34,928.48,929.24,2916.0
2025-03-21 10:40:00,929.24,929.98,928.76,929.82,11498.0
2025-03-21 10:45:00,929.82,930.47,929.22,929.4,6449.0
2025-03-21 10:50:00,929.4,929.78,929.39,929.72,10784.0
2025-03-21 10:55:00,929.72,930.22,929.67,929.71,3606.0
2025-03-21 11:00:00,929.71,930.09,928.57,928.81,13688.0
2025-03-21 11:05:00,928.81,928.86,927.8,928.07,16154.0
2025-03-21 11:10:00,928.07,928.63,927.45,927.59,1060.0
2025-03-21 11:15:00,927.59,928.37,927.53,928.28,11126.0
2025-03-21 11:20:00,928.28,929.0,928.14,928.99,13302.0
2025-03-21 11:25:00,928.99,930.12,928.76,929.55,1053.0
2025-03-21 11:30:00,929.55,930.45,929.32,929.88,14756.0
2025-03-21 11:35:00,929.88,930.4,929.56,930.18,11315.0
2025-03-21 11:40:00,930.18,930.72,929.85,930.39,6819.0
2025-03-21 11:45:00,930.39,931.51,930.29,930.69,10173.0
2025-03-21 11:50:00,930.69,931.37,930.53,931.05,13960.0
2025-03-21 11:55:00,931.05,931.25,929.91,930.0,13218.0
2025-03-21 12:00:00,930.0,930.34,929.29,929.41,15756.0
2025-03-21 12:05:00,929.41,929.56,928.25,928.65,1662.0
2025-03-21 12:10:00,928.65,929.7,928.26,929.47,15959.0
2025-03-21 12:15:00,929.47,930.87,928.98,930.7,1673.0
2025-03-21 12:20:00,930.7,930.99,929.08,929.09,13350.0
2025-03-21 12:25:00,929.09,930.29,928.9,930.25,7637.0
2025-03-21 12:30:00,930.25,930.66,930.05,930.32,2210.0
2025-03-21 12:35:00,930.32,931.09,929.94,931.07,14082.0
2025-03-21 12:40:00,931.07,931.71,930.42,931.45,11499.0
2025-03-21 12:45:00,931.45,932.97,931.2,932.52,13664.0
2025-03-21 12:50:00,932.52,932.75,931.78,932.68,8143.0
2025-03-21 12:55:00,932.68,932.89,931.06,931.66,6287.0
2025-03-21 13:00:00,931.66,931.69,931.23,931.58,12868.0
2025-03-21 13:05:00,931.58,932.06,931.3,931.97,5105.0
2025-03-21 13:10:00,931.97,932.13,931.79,931.81,16430.0
2025-03-21 13:15:00,931.81,932.41,931.5,932.3,13979.0
2025-03-21 13:20:00,932.3,932.5,932.21,932.25,19995.0
2025-03-21 13:25:00,932.25,932.98,931.59,931.8,1515.0
2025-03-21 13:30:00,931.8,932.09,930.91,930.99,12126.0
2025-03-21 13:35:00,930.99,931.59,929.82,930.7,11578.0
2025-03-21 13:40:00,930.7,931.16,930.28,930.86,17293.0
2025-03-21 13:45:00,930.86,931.45,929.04,929.4,9057.0
2025-03-21 13:50:00,929.4,929.4,928.37,928.82,18792.0
2025-03-21 13:55:00,928.82,929.14,926.81,927.34,5542.0
2025-03-21 14:00:00,927.34,927.6,926.71,926.88,17230.0
2025-03-21 14:05:00,926.88,928.22,926.04,927.77,10885.0
2025-03-21 14:10:00,927.77,928.71,926.65,926.89,18934.0
2025-03-21 14:15:00,926.89,927.87,926.39,927.41,5126.0
2025-03-21 14:20:00,927.41,929.65,926.81,929.52,5943.0
2025-03-21 14:25:00,929.52,931.18,929.02,930.6,11722.0
2025-03-21 14:30:00,930.6,930.97,930.52,930.7,11484.0
2025-03-21 14:35:00,930.7,931.41,930.22,931.34,3830.0
2025-03-21 14:40:00,931.34,931.49,930.31,930.32,13376.0
2025-03-21 14:45:00,930.32,930.7,929.15,929.15,8708.0
2025-03-21 14:50:00,929.15,929.33,928.57,929.17,3874.0
2025-03-21 14:55:00,929.17,930.02,929.09,929.47,10698.0
2025-03-21 15:00:00,929.47,930.34,929.46,930.29,14258.0
2025-03-21 15:05:00,930.29,930.89,929.83,929.86,1602.0
2025-03-21 15:10:00,929.86,930.25,929.71,930.01,18486.0
2025-03-21 15:15:00,930.01,930.64,929.77,930.12,12603.0
2025-03-21 15:20:00,930.12,930.59,929.76,930.03,5947.0
2025-03-21 15:25:00,930.03,930.28,929.58,929.97,15255.0
2025-03-24 09:15:00,926.76,927.66,926.5,927.61,1468.0
2025-03-24 09:20:00,927.61,928.58,927.24,928.55,19855.0
2025-03-24 09:25:00,928.55,928.83,928.17,928.72,10338.0
2025-03-24 09:30:00,928.72,928.75,928.2,928.54,18908.0
2025-03-24 09:35:00,928.54,929.52,928.31,929.0,14027.0
2025-03-24 09:40:00,929.0,929.8,928.12,928.85,7639.0
2025-03-24 09:45:00,928.85,928.99,927.12,927.32,18905.0
2025-03-24 09:50:00,927.32,927.95,927.26,927.74,5940.0
2025-03-24 09:55:00,927.74,928.54,927.66,928.4,4432.0
2025-03-24 10:00:00,928.4,929.93,928.26,929.47,16302.0
2025-03-24 10:05:00,929.47,929.49,928.19,928.93,11513.0
2025-03-24 10:10:00,928.93,929.6,928.42,929.1,9029.0
2025-03-24 10:15:00,929.1,929.71,928.72,929.28,12175.0
2025-03-24 10:20:00,929.28,929.74,929.22,929.34,19387.0
2025-03-24 10:25:00,929.34,929.88,928.82,929.43,6323.0
2025-03-24 10:30:00,929.43,929.46,929.2,929.46,18123.0
2025-03-24 10:35:00,929.46,930.07,929.17,929.62,18305.0
2025-03-24 10:40:00,929.62,930.27,929.19,930.17,15429.0
2025-03-24 10:45:00,930.17,931.28,930.09,931.07,3987.0
2025-03-24 10:50:00,931.07,931.59,930.25,930.51,2708.0
2025-03-24 10:55:00,930.51,931.23,930.17,930.38,3287.0
2025-03-24 11:00:00,930.38,930.68,930.0,930.07,14340.0
2025-03-24 11:05:00,930.07,930.81,929.35,929.65,8599.0
2025-03-24 11:10:00,929.65,929.78,928.14,928.45,19757.0
2025-03-24 11:15:00,928.45,929.37,928.08,928.46,1119.0
2025-03-24 11:20:00,928.46,929.22,928.46,928.82,8092.0
2025-03-24 11:25:00,928.82,929.77,928.51,928.71,6018.0
2025-03-24 11:30:00,928.71,928.85,928.16,928.7,17749.0
2025-03-24 11:35:00,928.7,929.54,928.3,929.01,3302.0
2025-03-24 11:40:00,929.01,930.07,928.89,930.06,8754.0
2025-03-24 11:45:00,930.06,930.39,929.31,929.75,17466.0
2025-03-24 11:50:00,929.75,930.07,928.14,928.88,19455.0
2025-03-24 11:55:00,928.88,929.21,928.44,928.81,18410.0
2025-03-24 12:00:00,928.81,930.31,928.53,930.21,13418.0
2025-03-24 12:05:00,930.21,930.64,929.2,929.35,4095.0
2025-03-24 12:10:00,929.35,930.8,929.13,929.83,2833.0
2025-03-24 12:15:00,929.83,930.88,929.55,930.69,8810.0
2025-03-24 12:20:00,930.69,930.75,928.84,928.93,10101.0
2025-03-24 12:25:00,928.93,929.35,928.36,929.24,10766.0
2025-03-24 12:30:00,929.24,929.89,928.75,929.69,1944.0
2025-03-24 12:35:00,929.69,929.97,928.93,929.49,13831.0
2025-03-24 12:40:00,929.49,929.78,928.79,929.01,8506.0
2025-03-24 12:45:00,929.01,929.63,928.44,928.57,3065.0
2025-03-24 12:50:00,928.57,928.77,927.73,928.32,18392.0
2025-03-24 12:55:00,928.32,929.11,927.98,928.1,7780.0
2025-03-24 13:00:00,928.1,928.53,927.62,927.73,5411.0
2025-03-24 13:05:00,927.73,928.08,927.21,927.48,10355.0
2025-03-24 13:10:00,927.48,928.46,927.41,928.36,19060.0
2025-03-24 13:15:00,928.36,928.41,927.27,927.46,16668.0
2025-03-24 13:20:00,927.46,927.9,926.09,926.16,2898.0
2025-03-24 13:25:00,926.16,927.35,925.85,927.06,14047.0
2025-03-24 13:30:00,927.06,927.29,926.4,926.92,13631.0
2025-03-24 13:35:00,926.92,927.16,926.25,926.63,17833.0
2025-03-24 13:40:00,926.63,926.84,926.02,926.55,19348.0
2025-03-24 13:45:00,926.55,926.85,926.53,926.7,15170.0
2025-03-24 13:50:00,926.7,926.79,925.75,926.31,13428.0
2025-03-24 13:55:00,926.31,926.99,926.06,926.69,7719.0
2025-03-24 14:00:00,926.69,926.97,925.56,925.97,18081.0
2025-03-24 14:05:00,925.97,926.04,925.2,925.75,18918.0
2025-03-24 14:10:00,925.75,925.93,923.75,924.11,19829.0
2025-03-24 14:15:00,924.11,925.57,923.64,924.98,19138.0
2025-03-24 14:20:00,924.98,925.2,924.76,924.85,13195.0
2025-03-24 14:25:00,924.85,925.49,924.23,925.35,19169.0
2025-03-24 14:30:00,925.35,925.94,925.3,925.7,15863.0
2025-03-24 14:35:00,925.7,926.48,925.68,926.11,5563.0
2025-03-24 14:40:00,926.11,926.15,925.62,926.1,1607.0
2025-03-24 14:45:00,926.1,926.45,925.77,926.39,19632.0
2025-03-24 14:50:00,926.39,926.43,925.52,925.67,9118.0
2025-03-24 14:55:00,925.67,925.8,924.59,924.81,17596.0
2025-03-24 15:00:00,924.81,924.83,924.56,924.73,6477.0
2025-03-24 15:05:00,924.73,925.18,923.73,924.23,7851.0
2025-03-24 15:10:00,924.23,925.75,924.0,925.29,16659.0
2025-03-24 15:15:00,925.29,925.76,924.76,925.56,10982.0
2025-03-24 15:20:00,925.56,926.07,924.55,925.03,13873.0
2025-03-24 15:25:00,925.03,925.04,924.67,924.83,7083.0
2025-03-25 09:15:00,926.02,927.33,925.88,926.71,12673.0
2025-03-25 09:20:00,926.71,927.64,926.36,927.36,4458.0
2025-03-25 09:25:00,927.36,929.47,927.31,929.35,16241.0
2025-03-25 09:30:00,929.35,930.78,929.24,930.25,11710.0
2025-03-25 09:35:00,930.25,930.37,929.75,930.19,6621.0
2025-03-25 09:40:00,930.19,930.45,929.4,929.51,13708.0
2025-03-25 09:45:00,929.51,929.65,929.23,929.32,19089.0
2025-03-25 09:50:00,929.32,929.53,928.73,929.07,9749.0
2025-03-25 09:55:00,929.07,929.8,928.8,929.45,1555.0
2025-03-25 10:00:00,929.45,929.86,928.7,928.93,17006.0
2025-03-25 10:05:00,928.93,930.1,928.32,929.81,4572.0
2025-03-25 10:10:00,929.81,929.83,928.68,928.78,4468.0
2025-03-25 10:15:00,928.78,929.32,927.28,927.57,12720.0
2025-03-25 10:20:00,927.57,927.58,927.26,927.47,16179.0
2025-03-25 10:25:00,927.47,927.9,926.14,926.84,16067.0
2025-03-25 10:30:00,926.84,927.28,925.77,925.91,17491.0
2025-03-25 10:35:00,925.91,925.95,925.18,925.44,17788.0
2025-03-25 10:40:00,925.44,925.83,924.86,924.88,3437.0
2025-03-25 10:45:00,924.88,925.05,924.59,924.88,6709.0
2025-03-25 10:50:00,924.88,925.07,923.98,924.42,14682.0
2025-03-25 10:55:00,924.42,924.47,923.56,924.03,8425.0
2025-03-25 11:00:00,924.03,924.15,923.65,924.02,14603.0
2025-03-25 11:05:00,924.02,925.07,923.75,924.77,9641.0
2025-03-25 11:10:00,924.77,926.07,924.62,925.86,9576.0
2025-03-25 11:15:00,925.86,926.28,925.52,925.97,1512.0
2025-03-25 11:20:00,925.97,926.6,925.78,926.14,12558.0
2025-03-25 11:25:00,926.14,926.45,925.71,926.0,17415.0
2025-03-25 11:30:00,926.0,926.62,925.86,926.36,16554.0
2025-03-25 11:35:00,926.36,926.85,926.25,926.65,7421.0
2025-03-25 11:40:00,926.65,928.18,926.19,927.63,13858.0
2025-03-25 11:45:00,927.63,927.81,925.51,926.23,4786.0
2025-03-25 11:50:00,926.23,926.71,925.76,926.06,13037.0
2025-03-25 11:55:00,926.06,926.7,925.69,926.31,8774.0
2025-03-25 12:00:00,926.31,926.8,926.2,926.29,18607.0
2025-03-25 12:05:00,926.29,926.45,925.13,925.59,14500.0
2025-03-25 12:10:00,925.59,926.38,923.83,924.63,2392.0
2025-03-25 12:15:00,924.63,925.48,924.2,925.23,17547.0
2025-03-25 12:20:00,925.23,925.28,924.33,924.67,14758.0
2025-03-25 12:25:00,924.67,925.0,923.27,923.37,5092.0
2025-03-25 12:30:00,923.37,924.26,923.12,924.0,6368.0
2025-03-25 12:35:00,924.0,924.84,923.27,924.34,4279.0
2025-03-25 12:40:00,924.34,924.52,924.21,924.26,6893.0
2025-03-25 12:45:00,924.26,924.64,923.32,923.58,18931.0
2025-03-25 12:50:00,923.58,924.07,923.39,923.5,18142.0
2025-03-25 12:55:00,923.5,924.64,923.46,924.4,11466.0
2025-03-25 13:00:00,924.4,924.76,923.14,923.2,7881.0
2025-03-25 13:05:00,923.2,923.7,921.89,922.05,7949.0
2025-03-25 13:10:00,922.05,922.14,921.59,921.59,19182.0
2025-03-25 13:15:00,921.59,921.67,921.06,921.57,4787.0
2025-03-25 13:20:00,921.57,921.59,921.07,921.2,15392.0
2025-03-25 13:25:00,921.2,921.94,920.98,921.67,19909.0
2025-03-25 13:30:00,921.67,922.8,921.43,922.48,17250.0
2025-03-25 13:35:00,922.48,923.23,922.23,922.68,14664.0
2025-03-25 13:40:00,922.68,923.54,922.67,923.1,18096.0
2025-03-25 13:45:00,923.1,923.85,923.02,923.3,5139.0
2025-03-25 13:50:00,923.3,924.0,922.86,923.3,19691.0
2025-03-25 13:55:00,923.3,923.44,921.71,922.35,2733.0
2025-03-25 14:00:00,922.35,922.97,921.34,921.59,1262.0
2025-03-25 14:05:00,921.59,922.1,920.14,920.6,4786.0
2025-03-25 14:10:00,920.6,920.77,919.81,920.49,12569.0
2025-03-25 14:15:00,920.49,921.4,919.64,920.66,5707.0
2025-03-25 14:20:00,920.66,920.66,919.57,919.59,13036.0
2025-03-25 14:25:00,919.59,919.87,919.42,919.64,3110.0
2025-03-25 14:30:00,919.64,919.9,918.7,919.0,14244.0
2025-03-25 14:35:00,919.0,919.49,917.75,918.21,5363.0
2025-03-25 14:40:00,918.21,918.54,917.64,917.76,10945.0
2025-03-25 14:45:00,917.76,917.79,916.59,916.93,3218.0
2025-03-25 14:50:00,916.93,918.15,916.76,917.38,19434.0
2025-03-25 14:55:00,917.38,917.61,917.06,917.26,8176.0
2025-03-25 15:00:00,917.26,918.16,916.92,917.85,12489.0
2025-03-25 15:05:00,917.85,917.94,917.41,917.53,10237.0
2025-03-25 15:10:00,917.53,917.93,917.04,917.23,12310.0
2025-03-25 15:15:00,917.23,918.93,916.79,918.61,9650.0
2025-03-25 15:20:00,918.61,919.11,916.81,917.41,2389.0
2025-03-25 15:25:00,917.41,918.69,917.26,918.36,16754.0
