datetime,open,high,low,close,volume
2026-05-04 09:15:00,24525.39,24533.62,24493.69,24497.45,153023
2026-05-04 09:20:00,24497.45,24509.66,24493.66,24499.92,105531
2026-05-04 09:25:00,24499.92,24501.07,24442.13,24448.31,166659
2026-05-04 09:30:00,24448.31,24451.46,24426.7,24427.2,80395
2026-05-04 09:35:00,24427.2,24430.46,24414.65,24425.31,171311
2026-05-04 09:40:00,24425.31,24434.0,24422.67,24429.43,186922
2026-05-04 09:45:00,24429.43,24438.19,24417.9,24428.67,71224
2026-05-04 09:50:00,24428.67,24444.14,24426.48,24443.92,168732
2026-05-04 09:55:00,24443.92,24449.1,24439.54,24445.4,90334
2026-05-04 10:00:00,24445.4,24462.7,24439.47,24451.36,78634
2026-05-04 10:05:00,24451.36,24467.45,24450.64,24466.0,151639
2026-05-04 10:10:00,24466.0,24468.53,24461.23,24467.98,85750
2026-05-04 10:15:00,24467.98,24481.67,24465.82,24479.87,121031
2026-05-04 10:20:00,24479.87,24489.19,24473.47,24481.58,73552
2026-05-04 10:25:00,24481.58,24493.62,24477.27,24488.58,95362
2026-05-04 10:30:00,24488.58,24498.44,24487.91,24495.8,79940
2026-05-04 10:35:00,24495.8,24496.29,24489.05,24494.75,63346
2026-05-04 10:40:00,24494.75,24500.06,24478.35,24482.87,41812
2026-05-04 10:45:00,24482.87,24494.09,24479.79,24490.31,126432
2026-05-04 10:50:00,24490.31,24493.37,24484.59,24485.91,74409
2026-05-04 10:55:00,24485.91,24486.29,24472.85,24482.08,75633
2026-05-04 11:00:00,24482.08,24482.99,24476.32,24477.95,46227
2026-05-04 11:05:00,24477.95,24484.73,24471.64,24477.52,44832
2026-05-04 11:10:00,24477.52,24477.58,24467.76,24472.41,57115
2026-05-04 11:15:00,24472.41,24478.54,24467.08,24470.27,62056
2026-05-04 11:20:00,24470.27,24475.2,24469.55,24471.39,70120
2026-05-04 11:25:00,24471.39,24487.81,24468.1,24486.46,102890
2026-05-04 11:30:00,24486.46,24501.77,24484.28,24499.79,62823
2026-05-04 11:35:00,24499.79,24511.62,24495.33,24509.55,123732
2026-05-04 11:40:00,24509.55,24509.58,24494.44,24496.43,41357
2026-05-04 11:45:00,24496.43,24496.52,24484.97,24489.02,43252
2026-05-04 11:50:00,24489.02,24489.17,24477.08,24481.16,51931
2026-05-04 11:55:00,24481.16,24483.01,24470.94,24473.59,82651
2026-05-04 12:00:00,24473.59,24484.53,24470.16,24484.5,62446
2026-05-04 12:05:00,24484.5,24493.19,24484.44,24489.9,33954
2026-05-04 12:10:00,24489.9,24493.05,24462.17,24462.28,48650
2026-05-04 12:15:00,24462.28,24469.33,24459.01,24469.2,97215
2026-05-04 12:20:00,24469.2,24476.7,24466.62,24474.81,47004
2026-05-04 12:25:00,24474.81,24483.5,24469.8,24480.05,96098
2026-05-04 12:30:00,24480.05,24482.94,24468.75,24474.0,66770
2026-05-04 12:35:00,24474.0,24488.06,24472.69,24484.44,64045
2026-05-04 12:40:00,24484.44,24497.04,24476.4,24495.45,79184
2026-05-04 12:45:00,24495.45,24504.43,24494.35,24503.11,59988
2026-05-04 12:50:00,24503.11,24513.03,24497.91,24512.21,71826
2026-05-04 12:55:00,24512.21,24516.88,24508.43,24513.42,67771
2026-05-04 13:00:00,24513.42,24517.67,24508.85,24513.6,59681
2026-05-04 13:05:00,24513.6,24519.77,24509.86,24512.91,68705
2026-05-04 13:10:00,24512.91,24515.96,24497.07,24499.22,107856
2026-05-04 13:15:00,24499.22,24522.27,24497.81,24521.8,46083
2026-05-04 13:20:00,24521.8,24535.94,24520.59,24529.45,82144
2026-05-04 13:25:00,24529.45,24530.78,24527.89,24529.16,72188
2026-05-04 13:30:00,24529.16,24547.48,24528.23,24543.42,37722
2026-05-04 13:35:00,24543.42,24547.55,24535.35,24541.98,58996
2026-05-04 13:40:00,24541.98,24558.94,24541.85,24551.98,70613
2026-05-04 13:45:00,24551.98,24554.57,24537.07,24544.61,63940
2026-05-04 13:50:00,24544.61,24549.94,24537.84,24541.38,100234
2026-05-04 13:55:00,24541.38,24547.42,24536.18,24536.61,87648
2026-05-04 14:00:00,24536.61,24542.54,24531.96,24533.97,90575
2026-05-04 14:05:00,24533.97,24541.22,24523.52,24540.25,52386
2026-05-04 14:10:00,24540.25,24559.82,24536.01,24555.82,68684
2026-05-04 14:15:00,24555.82,24562.95,24551.94,24559.25,67711
2026-05-04 14:20:00,24559.25,24561.93,24544.22,24547.59,79322
2026-05-04 14:25:00,24547.59,24554.42,24536.69,24538.95,68431
2026-05-04 14:30:00,24538.95,24548.82,24537.37,24542.61,79236
2026-05-04 14:35:00,24542.61,24545.75,24535.09,24537.74,62305
2026-05-04 14:40:00,24537.74,24542.86,24524.15,24524.32,129313
2026-05-04 14:45:00,24524.32,24525.43,24495.85,24498.21,70287
2026-05-04 14:50:00,24498.21,24505.94,24490.55,24496.09,179600
2026-05-04 14:55:00,24496.09,24498.92,24488.68,24498.76,67668
2026-05-04 15:00:00,24498.76,24501.46,24471.6,24480.18,62534
2026-05-04 15:05:00,24480.18,24492.84,24467.01,24475.13,73319
2026-05-04 15:10:00,24475.13,24478.11,24456.51,24469.07,83369
2026-05-04 15:15:00,24469.07,24469.43,24449.25,24454.95,117532
2026-05-04 15:20:00,24454.95,24488.52,24454.68,24485.33,104160
2026-05-04 15:25:00,24485.33,24485.8,24470.1,24477.44,130330
2026-05-05 09:15:00,24417.37,24417.86,24383.24,24392.97,153237
2026-05-05 09:20:00,24392.97,24393.99,24360.71,24367.53,148223
2026-05-05 09:25:00,24367.53,24374.48,24348.4,24351.82,159355
2026-05-05 09:30:00,24351.82,24357.86,24338.09,24339.36,151667
2026-05-05 09:35:00,24339.36,24348.68,24337.98,24346.62,73990
2026-05-05 09:40:00,24346.62,24385.28,24342.46,24378.38,110340
2026-05-05 09:45:00,24378.38,24381.01,24335.45,24340.7,95181
2026-05-05 09:50:00,24340.7,24375.01,24335.81,24374.07,79979
2026-05-05 09:55:00,24374.07,24394.59,24373.87,24391.74,124975
2026-05-05 10:00:00,24391.74,24409.02,24388.2,24406.08,52097
2026-05-05 10:05:00,24406.08,24413.65,24399.08,24401.12,65745
2026-05-05 10:10:00,24401.12,24403.09,24384.71,24393.8,112208
2026-05-05 10:15:00,24393.8,24399.23,24372.7,24385.08,93429
2026-05-05 10:20:00,24385.08,24395.99,24378.98,24390.84,77387
2026-05-05 10:25:00,24390.84,24406.41,24387.89,24401.92,75190
2026-05-05 10:30:00,24401.92,24415.44,24400.02,24403.9,62701
2026-05-05 10:35:00,24403.9,24409.37,24392.06,24407.96,71628
2026-05-05 10:40:00,24407.96,24416.66,24402.61,24405.98,84382
2026-05-05 10:45:00,24405.98,24407.82,24398.39,24405.23,116634
2026-05-05 10:50:00,24405.23,24436.76,24404.87,24432.32,53827
2026-05-05 10:55:00,24432.32,24439.12,24418.25,24420.17,57731
2026-05-05 11:00:00,24420.17,24425.37,24416.76,24421.97,65988
2026-05-05 11:05:00,24421.97,24423.4,24415.42,24417.85,95300
2026-05-05 11:10:00,24417.85,24420.56,24400.43,24415.09,95352
2026-05-05 11:15:00,24415.09,24431.77,24413.19,24430.37,62032
2026-05-05 11:20:00,24430.37,24462.64,24428.57,24456.91,69081
2026-05-05 11:25:00,24456.91,24462.66,24446.49,24448.58,65743
2026-05-05 11:30:00,24448.58,24449.3,24425.26,24434.61,147340
2026-05-05 11:35:00,24434.61,24436.02,24411.2,24411.43,36517
2026-05-05 11:40:00,24411.43,24414.35,24404.91,24406.4,60864
2026-05-05 11:45:00,24406.4,24411.95,24390.28,24404.59,94049
2026-05-05 11:50:00,24404.59,24410.21,24400.8,24409.2,63045
2026-05-05 11:55:00,24409.2,24414.18,24400.39,24413.99,88415
2026-05-05 12:00:00,24413.99,24418.77,24410.42,24415.97,126379
2026-05-05 12:05:00,24415.97,24423.64,24407.93,24418.18,60944
2026-05-05 12:10:00,24418.18,24435.15,24417.36,24424.21,58095
2026-05-05 12:15:00,24424.21,24431.29,24406.03,24407.84,83519
2026-05-05 12:20:00,24407.84,24420.96,24405.27,24409.53,47888
2026-05-05 12:25:00,24409.53,24412.43,24396.76,24401.81,76117
2026-05-05 12:30:00,24401.81,24417.2,24400.67,24416.1,44066
2026-05-05 12:35:00,24416.1,24420.68,24407.09,24407.38,48034
2026-05-05 12:40:00,24407.38,24407.64,24390.72,24392.51,89071
2026-05-05 12:45:00,24392.51,24412.94,24387.65,24410.11,54761
2026-05-05 12:50:00,24410.11,24417.4,24403.09,24405.77,62251
2026-05-05 12:55:00,24405.77,24406.29,24379.27,24385.31,62564
2026-05-05 13:00:00,24385.31,24396.17,24383.69,24390.06,48927
2026-05-05 13:05:00,24390.06,24404.98,24383.45,24403.63,59758
2026-05-05 13:10:00,24403.63,24422.14,24402.1,24419.35,112841
2026-05-05 13:15:00,24419.35,24419.66,24401.34,24405.1,82676
2026-05-05 13:20:00,24405.1,24423.41,24403.25,24421.22,78263
2026-05-05 13:25:00,24421.22,24433.4,24419.98,24427.77,82783
2026-05-05 13:30:00,24427.77,24427.83,24416.3,24418.79,53150
2026-05-05 13:35:00,24418.79,24424.18,24411.78,24416.03,168094
2026-05-05 13:40:00,24416.03,24431.71,24411.6,24431.41,47341
2026-05-05 13:45:00,24431.41,24447.23,24430.61,24445.29,97657
2026-05-05 13:50:00,24445.29,24449.82,24428.67,24430.69,79946
2026-05-05 13:55:00,24430.69,24437.16,24425.81,24429.28,47021
2026-05-05 14:00:00,24429.28,24436.34,24421.52,24432.51,67917
2026-05-05 14:05:00,24432.51,24446.62,24430.6,24443.78,87986
2026-05-05 14:10:00,24443.78,24443.86,24434.01,24435.71,67656
2026-05-05 14:15:00,24435.71,24456.76,24428.81,24454.98,59565
2026-05-05 14:20:00,24454.98,24482.95,24451.99,24476.92,101787
2026-05-05 14:25:00,24476.92,24486.2,24476.68,24484.15,117535
2026-05-05 14:30:00,24484.15,24484.88,24460.28,24467.92,95349
2026-05-05 14:35:00,24467.92,24469.54,24438.17,24441.52,81421
2026-05-05 14:40:00,24441.52,24453.51,24440.37,24449.96,80635
2026-05-05 14:45:00,24449.96,24451.34,24439.64,24447.69,67776
2026-05-05 14:50:00,24447.69,24463.41,24441.34,24462.08,130975
2026-05-05 14:55:00,24462.08,24462.26,24451.46,24454.43,51690
2026-05-05 15:00:00,24454.43,24457.21,24428.87,24429.72,111922
2026-05-05 15:05:00,24429.72,24433.66,24370.96,24377.44,73869
2026-05-05 15:10:00,24377.44,24384.1,24370.38,24374.25,209039
2026-05-05 15:15:00,24374.25,24380.02,24367.03,24377.04,118464
2026-05-05 15:20:00,24377.04,24396.66,24370.28,24383.62,117394
2026-05-05 15:25:00,24383.62,24416.81,24365.06,24410.93,120595
2026-05-06 09:15:00,24359.66,24401.85,24353.62,24361.18,87101
2026-05-06 09:20:00,24361.18,24405.19,24352.34,24396.17,228999
2026-05-06 09:25:00,24396.17,24422.47,24374.11,24384.25,65309
2026-05-06 09:30:00,24384.25,24385.95,24360.69,24363.37,204469
2026-05-06 09:35:00,24363.37,24364.63,24323.37,24329.35,100445
2026-05-06 09:40:00,24329.35,24365.0,24321.64,24352.81,129119
2026-05-06 09:45:00,24352.81,24387.9,24351.76,24382.45,89373
2026-05-06 09:50:00,24382.45,24388.86,24363.35,24367.49,95733
2026-05-06 09:55:00,24367.49,24384.79,24366.93,24384.53,86873
2026-05-06 10:00:00,24384.53,24394.02,24378.27,24390.43,72964
2026-05-06 10:05:00,24390.43,24402.16,24381.49,24385.9,44048
2026-05-06 10:10:00,24385.9,24399.76,24377.89,24385.55,96250
2026-05-06 10:15:00,24385.55,24419.82,24383.5,24419.29,103936
2026-05-06 10:20:00,24419.29,24419.52,24396.88,24397.23,185662
2026-05-06 10:25:00,24397.23,24401.06,24384.94,24389.19,60199
2026-05-06 10:30:00,24389.19,24392.84,24367.95,24372.01,79834
2026-05-06 10:35:00,24372.01,24378.92,24348.07,24353.79,36220
2026-05-06 10:40:00,24353.79,24354.01,24341.75,24341.76,74857
2026-05-06 10:45:00,24341.76,24342.55,24312.87,24315.09,104478
2026-05-06 10:50:00,24315.09,24335.77,24310.44,24330.99,71275
2026-05-06 10:55:00,24330.99,24337.16,24316.22,24322.17,55121
2026-05-06 11:00:00,24322.17,24333.25,24318.48,24331.34,86220
2026-05-06 11:05:00,24331.34,24348.5,24326.02,24342.48,44768
2026-05-06 11:10:00,24342.48,24344.75,24327.3,24331.56,65524
2026-05-06 11:15:00,24331.56,24335.53,24319.2,24328.04,112216
2026-05-06 11:20:00,24328.04,24341.21,24326.25,24327.54,101713
2026-05-06 11:25:00,24327.54,24330.87,24314.36,24330.14,107041
2026-05-06 11:30:00,24330.14,24334.98,24304.83,24305.49,111840
2026-05-06 11:35:00,24305.49,24310.14,24292.43,24302.28,85417
2026-05-06 11:40:00,24302.28,24302.88,24287.97,24290.54,58893
2026-05-06 11:45:00,24290.54,24313.35,24290.36,24303.28,70275
2026-05-06 11:50:00,24303.28,24323.75,24301.49,24321.75,87755
2026-05-06 11:55:00,24321.75,24346.92,24321.2,24341.87,43631
2026-05-06 12:00:00,24341.87,24345.97,24321.02,24326.46,133717
2026-05-06 12:05:00,24326.46,24333.0,24324.7,24328.78,72511
2026-05-06 12:10:00,24328.78,24339.38,24318.12,24320.92,71872
2026-05-06 12:15:00,24320.92,24327.4,24313.41,24315.91,29668
2026-05-06 12:20:00,24315.91,24322.54,24305.45,24321.68,121026
2026-05-06 12:25:00,24321.68,24335.92,24309.74,24318.73,94279
2026-05-06 12:30:00,24318.73,24334.29,24318.03,24330.18,80893
2026-05-06 12:35:00,24330.18,24343.52,24329.97,24333.42,57243
2026-05-06 12:40:00,24333.42,24337.91,24292.29,24297.74,78268
2026-05-06 12:45:00,24297.74,24315.41,24295.68,24296.4,65528
2026-05-06 12:50:00,24296.4,24308.18,24285.12,24286.13,45493
2026-05-06 12:55:00,24286.13,24288.21,24276.93,24279.77,39427
2026-05-06 13:00:00,24279.77,24280.72,24256.94,24259.45,128088
2026-05-06 13:05:00,24259.45,24264.93,24240.82,24258.21,77726
2026-05-06 13:10:00,24258.21,24267.67,24227.72,24230.08,139581
2026-05-06 13:15:00,24230.08,24252.0,24219.23,24251.93,69549
2026-05-06 13:20:00,24251.93,24252.49,24216.44,24216.8,145757
2026-05-06 13:25:00,24216.8,24232.29,24213.74,24225.19,48138
2026-05-06 13:30:00,24225.19,24227.73,24212.2,24223.29,54463
2026-05-06 13:35:00,24223.29,24231.69,24203.29,24230.06,95750
2026-05-06 13:40:00,24230.06,24236.26,24225.09,24234.2,65207
2026-05-06 13:45:00,24234.2,24237.47,24205.5,24205.84,88456
2026-05-06 13:50:00,24205.84,24211.69,24178.98,24186.28,67168
2026-05-06 13:55:00,24186.28,24205.25,24175.35,24188.85,132741
2026-05-06 14:00:00,24188.85,24194.0,24176.8,24179.17,90706
2026-05-06 14:05:00,24179.17,24205.78,24178.26,24203.27,39733
2026-05-06 14:10:00,24203.27,24203.49,24189.95,24197.97,69522
2026-05-06 14:15:00,24197.97,24200.04,24186.07,24197.97,87772
2026-05-06 14:20:00,24197.97,24227.44,24195.89,24227.31,59771
2026-05-06 14:25:00,24227.31,24230.07,24202.67,24204.15,76560
2026-05-06 14:30:00,24204.15,24224.82,24188.6,24221.81,76685
2026-05-06 14:35:00,24221.81,24253.4,24220.18,24245.0,111839
2026-05-06 14:40:00,24245.0,24257.19,24240.68,24243.19,83434
2026-05-06 14:45:00,24243.19,24254.85,24231.11,24250.0,79586
2026-05-06 14:50:00,24250.0,24258.59,24227.41,24240.06,48262
2026-05-06 14:55:00,24240.06,24266.19,24239.32,24260.85,164667
2026-05-06 15:00:00,24260.85,24268.16,24244.71,24249.0,139253
2026-05-06 15:05:00,24249.0,24249.03,24208.28,24213.57,91124
2026-05-06 15:10:00,24213.57,24229.61,24196.59,24219.07,127007
2026-05-06 15:15:00,24219.07,24229.82,24206.74,24229.82,115516
2026-05-06 15:20:00,24229.82,24247.42,24217.81,24229.64,162299
2026-05-06 15:25:00,24229.64,24238.04,24189.88,24195.03,116936
2026-05-07 09:15:00,24284.73,24342.59,24281.02,24329.47,139737
2026-05-07 09:20:00,24329.47,24332.04,24286.29,24289.82,93465
2026-05-07 09:25:00,24289.82,24294.4,24259.94,24268.73,139839
2026-05-07 09:30:00,24268.73,24288.69,24266.79,24285.42,148722
2026-05-07 09:35:00,24285.42,24304.52,24244.35,24249.47,92982
2026-05-07 09:40:00,24249.47,24257.55,24243.66,24251.58,208980
2026-05-07 09:45:00,24251.58,24256.96,24236.44,24240.88,80826
2026-05-07 09:50:00,24240.88,24256.32,24235.77,24250.13,84912
2026-05-07 09:55:00,24250.13,24271.11,24247.18,24258.94,103389
2026-05-07 10:00:00,24258.94,24297.93,24252.75,24295.33,88450
2026-05-07 10:05:00,24295.33,24296.93,24272.49,24281.37,81366
2026-05-07 10:10:00,24281.37,24284.1,24264.87,24265.46,75463
2026-05-07 10:15:00,24265.46,24269.57,24249.28,24264.77,112527
2026-05-07 10:20:00,24264.77,24272.98,24243.02,24244.58,73015
2026-05-07 10:25:00,24244.58,24249.86,24225.54,24232.48,69451
2026-05-07 10:30:00,24232.48,24234.64,24207.69,24210.71,55749
2026-05-07 10:35:00,24210.71,24215.18,24191.06,24192.81,59219
2026-05-07 10:40:00,24192.81,24220.4,24188.43,24219.92,119120
2026-05-07 10:45:00,24219.92,24239.63,24218.89,24236.36,100209
2026-05-07 10:50:00,24236.36,24247.73,24227.75,24239.97,95049
2026-05-07 10:55:00,24239.97,24242.29,24218.31,24226.93,39498
2026-05-07 11:00:00,24226.93,24241.32,24219.15,24233.9,56013
2026-05-07 11:05:00,24233.9,24239.86,24220.64,24232.33,40761
2026-05-07 11:10:00,24232.33,24268.88,24231.74,24265.89,45784
2026-05-07 11:15:00,24265.89,24275.7,24254.3,24275.45,97983
2026-05-07 11:20:00,24275.45,24296.26,24273.75,24286.09,56398
2026-05-07 11:25:00,24286.09,24296.56,24282.72,24283.74,76686
2026-05-07 11:30:00,24283.74,24299.59,24282.18,24288.63,105669
2026-05-07 11:35:00,24288.63,24296.02,24273.62,24277.13,57116
2026-05-07 11:40:00,24277.13,24278.36,24247.89,24249.15,32895
2026-05-07 11:45:00,24249.15,24255.25,24235.85,24246.42,140105
2026-05-07 11:50:00,24246.42,24257.83,24237.89,24256.28,56628
2026-05-07 11:55:00,24256.28,24272.53,24255.91,24271.45,160844
2026-05-07 12:00:00,24271.45,24278.02,24262.26,24266.36,60030
2026-05-07 12:05:00,24266.36,24268.3,24251.24,24258.2,63033
2026-05-07 12:10:00,24258.2,24260.2,24248.83,24249.44,58409
2026-05-07 12:15:00,24249.44,24249.66,24227.19,24230.8,105262
2026-05-07 12:20:00,24230.8,24244.33,24226.98,24243.27,73624
2026-05-07 12:25:00,24243.27,24270.16,24242.48,24268.8,79387
2026-05-07 12:30:00,24268.8,24288.2,24268.49,24284.44,67302
2026-05-07 12:35:00,24284.44,24299.39,24275.27,24282.63,78905
2026-05-07 12:40:00,24282.63,24295.47,24279.88,24289.32,90701
2026-05-07 12:45:00,24289.32,24299.24,24280.07,24282.11,88767
2026-05-07 12:50:00,24282.11,24285.59,24265.26,24282.1,61273
2026-05-07 12:55:00,24282.1,24287.71,24278.29,24285.2,76851
2026-05-07 13:00:00,24285.2,24286.92,24278.25,24278.43,60432
2026-05-07 13:05:00,24278.43,24298.32,24273.5,24296.78,158792
2026-05-07 13:10:00,24296.78,24306.47,24296.71,24301.62,154020
2026-05-07 13:15:00,24301.62,24305.72,24292.22,24304.58,102265
2026-05-07 13:20:00,24304.58,24313.32,24291.62,24291.97,65631
2026-05-07 13:25:00,24291.97,24297.21,24272.31,24282.49,71384
2026-05-07 13:30:00,24282.49,24286.7,24273.16,24275.58,77195
2026-05-07 13:35:00,24275.58,24279.46,24264.24,24265.24,70888
2026-05-07 13:40:00,24265.24,24286.8,24260.29,24269.1,58012
2026-05-07 13:45:00,24269.1,24269.21,24238.53,24243.02,49414
2026-05-07 13:50:00,24243.02,24254.78,24241.83,24251.92,77087
2026-05-07 13:55:00,24251.92,24265.05,24244.19,24257.86,90368
2026-05-07 14:00:00,24257.86,24286.42,24256.97,24278.41,81182
2026-05-07 14:05:00,24278.41,24299.29,24273.88,24279.16,57362
2026-05-07 14:10:00,24279.16,24282.08,24269.77,24271.74,65941
2026-05-07 14:15:00,24271.74,24272.0,24247.0,24249.65,69681
2026-05-07 14:20:00,24249.65,24264.82,24237.92,24263.94,55940
2026-05-07 14:25:00,24263.94,24300.19,24263.22,24297.88,82071
2026-05-07 14:30:00,24297.88,24310.29,24283.48,24305.82,94573
2026-05-07 14:35:00,24305.82,24307.72,24272.5,24287.73,89824
2026-05-07 14:40:00,24287.73,24289.31,24265.2,24267.46,74994
2026-05-07 14:45:00,24267.46,24303.34,24261.34,24301.3,89863
2026-05-07 14:50:00,24301.3,24318.62,24291.36,24293.61,155593
2026-05-07 14:55:00,24293.61,24299.0,24276.74,24277.01,53091
2026-05-07 15:00:00,24277.01,24285.11,24254.26,24263.1,63604
2026-05-07 15:05:00,24263.1,24290.58,24254.52,24271.15,77106
2026-05-07 15:10:00,24271.15,24307.68,24265.44,24304.68,72967
2026-05-07 15:15:00,24304.68,24328.51,24281.52,24292.23,106839
2026-05-07 15:20:00,24292.23,24323.98,24288.82,24316.83,116154
2026-05-07 15:25:00,24316.83,24328.44,24296.87,24319.48,194055
2026-05-08 09:15:00,24272.22,24316.11,24270.21,24311.33,109819
2026-05-08 09:20:00,24311.33,24338.3,24289.87,24333.03,171304
2026-05-08 09:25:00,24333.03,24359.53,24310.49,24351.0,171364
2026-05-08 09:30:00,24351.0,24384.36,24349.28,24378.58,206027
2026-05-08 09:35:00,24378.58,24386.06,24352.6,24359.12,79983
2026-05-08 09:40:00,24359.12,24385.51,24356.56,24377.54,156811
2026-05-08 09:45:00,24377.54,24400.1,24376.16,24390.91,77189
2026-05-08 09:50:00,24390.91,24397.71,24354.46,24364.7,112168
2026-05-08 09:55:00,24364.7,24367.08,24335.89,24335.91,90931
2026-05-08 10:00:00,24335.91,24343.7,24309.08,24312.11,82874
2026-05-08 10:05:00,24312.11,24315.18,24271.21,24276.37,71562
2026-05-08 10:10:00,24276.37,24289.26,24272.77,24276.35,60128
2026-05-08 10:15:00,24276.35,24286.04,24240.24,24246.62,116844
2026-05-08 10:20:00,24246.62,24250.11,24225.87,24232.97,41989
2026-05-08 10:25:00,24232.97,24239.46,24230.65,24231.38,92869
2026-05-08 10:30:00,24231.38,24248.38,24216.45,24244.9,48233
2026-05-08 10:35:00,24244.9,24247.72,24231.08,24237.4,39943
2026-05-08 10:40:00,24237.4,24243.94,24219.23,24223.42,53336
2026-05-08 10:45:00,24223.42,24241.62,24215.49,24239.16,110807
2026-05-08 10:50:00,24239.16,24251.98,24229.49,24249.35,130513
2026-05-08 10:55:00,24249.35,24249.7,24238.12,24238.84,53282
2026-05-08 11:00:00,24238.84,24243.29,24215.93,24241.1,62501
2026-05-08 11:05:00,24241.1,24241.42,24223.88,24224.95,51398
2026-05-08 11:10:00,24224.95,24230.87,24223.53,24228.93,69978
2026-05-08 11:15:00,24228.93,24233.21,24214.34,24227.46,64583
2026-05-08 11:20:00,24227.46,24230.07,24215.21,24215.8,49155
2026-05-08 11:25:00,24215.8,24231.89,24212.07,24229.34,68380
2026-05-08 11:30:00,24229.34,24229.92,24213.63,24214.11,60641
2026-05-08 11:35:00,24214.11,24217.85,24174.36,24175.97,64216
2026-05-08 11:40:00,24175.97,24179.02,24158.89,24162.81,73121
2026-05-08 11:45:00,24162.81,24169.73,24160.09,24163.19,79892
2026-05-08 11:50:00,24163.19,24164.15,24146.99,24159.07,107439
2026-05-08 11:55:00,24159.07,24176.2,24157.58,24174.4,44732
2026-05-08 12:00:00,24174.4,24178.25,24159.97,24165.67,65407
2026-05-08 12:05:00,24165.67,24187.45,24153.23,24184.56,54059
2026-05-08 12:10:00,24184.56,24186.57,24158.66,24168.45,79029
2026-05-08 12:15:00,24168.45,24189.55,24163.12,24177.62,115461
2026-05-08 12:20:00,24177.62,24184.17,24176.72,24179.59,87978
2026-05-08 12:25:00,24179.59,24188.57,24176.88,24187.6,97527
2026-05-08 12:30:00,24187.6,24193.4,24177.23,24180.71,93059
2026-05-08 12:35:00,24180.71,24187.51,24164.39,24168.28,95099
2026-05-08 12:40:00,24168.28,24176.21,24167.95,24173.74,90017
2026-05-08 12:45:00,24173.74,24176.5,24167.0,24170.28,56130
2026-05-08 12:50:00,24170.28,24197.02,24161.82,24195.78,76785
2026-05-08 12:55:00,24195.78,24203.64,24191.89,24198.76,60495
2026-05-08 13:00:00,24198.76,24206.26,24189.62,24198.42,81024
2026-05-08 13:05:00,24198.42,24236.94,24197.56,24236.55,78534
2026-05-08 13:10:00,24236.55,24244.78,24219.31,24226.04,75649
2026-05-08 13:15:00,24226.04,24230.91,24212.04,24230.6,142476
2026-05-08 13:20:00,24230.6,24243.64,24221.49,24240.53,60271
2026-05-08 13:25:00,24240.53,24244.02,24222.99,24224.92,72517
2026-05-08 13:30:00,24224.92,24228.93,24209.21,24211.17,103359
2026-05-08 13:35:00,24211.17,24222.66,24207.4,24221.07,87887
2026-05-08 13:40:00,24221.07,24241.29,24219.81,24238.1,102099
2026-05-08 13:45:00,24238.1,24255.77,24237.73,24238.46,50098
2026-05-08 13:50:00,24238.46,24259.5,24231.88,24254.14,66018
2026-05-08 13:55:00,24254.14,24269.86,24247.19,24250.41,36113
2026-05-08 14:00:00,24250.41,24269.61,24242.27,24265.18,89697
2026-05-08 14:05:00,24265.18,24281.78,24263.4,24276.48,41551
2026-05-08 14:10:00,24276.48,24297.71,24271.69,24291.81,65934
2026-05-08 14:15:00,24291.81,24302.42,24287.26,24298.59,54407
2026-05-08 14:20:00,24298.59,24309.85,24291.19,24309.79,84013
2026-05-08 14:25:00,24309.79,24315.89,24302.78,24307.79,66655
2026-05-08 14:30:00,24307.79,24321.09,24306.12,24318.25,79084
2026-05-08 14:35:00,24318.25,24357.62,24316.78,24357.46,116570
2026-05-08 14:40:00,24357.46,24390.09,24355.82,24376.73,78944
2026-05-08 14:45:00,24376.73,24383.02,24346.67,24379.02,89034
2026-05-08 14:50:00,24379.02,24393.63,24373.37,24391.98,106248
2026-05-08 14:55:00,24391.98,24398.9,24380.94,24388.78,180811
2026-05-08 15:00:00,24388.78,24399.39,24374.69,24393.74,106875
2026-05-08 15:05:00,24393.74,24408.18,24386.22,24399.05,86403
2026-05-08 15:10:00,24399.05,24417.53,24398.24,24405.48,76665
2026-05-08 15:15:00,24405.48,24421.16,24405.19,24413.43,139897
2026-05-08 15:20:00,24413.43,24433.39,24400.39,24403.05,270572
2026-05-08 15:25:00,24403.05,24423.33,24386.07,24404.67,155732
2026-05-11 09:15:00,24448.06,24489.61,24417.01,24430.83,227354
2026-05-11 09:20:00,24430.83,24458.37,24422.73,24452.89,192698
2026-05-11 09:25:00,24452.89,24490.78,24436.54,24469.37,126409
2026-05-11 09:30:00,24469.37,24510.44,24463.8,24499.46,90760
2026-05-11 09:35:00,24499.46,24519.01,24483.36,24498.29,161894
2026-05-11 09:40:00,24498.29,24504.56,24454.53,24458.31,107991
2026-05-11 09:45:00,24458.31,24458.63,24411.82,24421.94,156200
2026-05-11 09:50:00,24421.94,24441.79,24411.26,24435.79,67877
2026-05-11 09:55:00,24435.79,24440.01,24412.54,24422.26,134955
2026-05-11 10:00:00,24422.26,24424.37,24400.69,24405.21,179939
2026-05-11 10:05:00,24405.21,24424.48,24395.07,24416.66,94081
2026-05-11 10:10:00,24416.66,24424.08,24411.25,24417.39,106018
2026-05-11 10:15:00,24417.39,24426.6,24396.19,24419.48,52003
2026-05-11 10:20:00,24419.48,24430.74,24408.71,24410.04,66686
2026-05-11 10:25:00,24410.04,24433.13,24405.42,24422.95,67827
2026-05-11 10:30:00,24422.95,24432.9,24417.83,24432.05,37142
2026-05-11 10:35:00,24432.05,24436.82,24410.63,24414.89,75216
2026-05-11 10:40:00,24414.89,24420.43,24411.97,24415.56,148884
2026-05-11 10:45:00,24415.56,24446.57,24403.56,24443.48,79506
2026-05-11 10:50:00,24443.48,24445.76,24435.25,24445.1,58823
2026-05-11 10:55:00,24445.1,24460.81,24433.41,24456.83,89116
2026-05-11 11:00:00,24456.83,24475.55,24454.18,24459.48,111113
2026-05-11 11:05:00,24459.48,24467.09,24447.35,24463.46,73079
2026-05-11 11:10:00,24463.46,24476.44,24455.56,24465.55,29941
2026-05-11 11:15:00,24465.55,24466.09,24442.93,24449.64,78196
2026-05-11 11:20:00,24449.64,24459.99,24434.47,24457.02,52158
2026-05-11 11:25:00,24457.02,24460.23,24428.9,24430.45,55960
2026-05-11 11:30:00,24430.45,24434.57,24409.27,24411.55,106752
2026-05-11 11:35:00,24411.55,24417.53,24387.34,24392.4,79108
2026-05-11 11:40:00,24392.4,24402.56,24390.7,24391.94,67735
2026-05-11 11:45:00,24391.94,24405.49,24389.76,24394.4,73733
2026-05-11 11:50:00,24394.4,24423.87,24392.08,24420.0,33283
2026-05-11 11:55:00,24420.0,24432.92,24415.52,24416.26,80556
2026-05-11 12:00:00,24416.26,24447.16,24413.68,24444.99,77403
2026-05-11 12:05:00,24444.99,24446.44,24438.85,24442.13,56593
2026-05-11 12:10:00,24442.13,24457.44,24428.65,24442.49,93293
2026-05-11 12:15:00,24442.49,24455.19,24427.36,24441.44,67862
2026-05-11 12:20:00,24441.44,24445.15,24432.22,24435.82,49655
2026-05-11 12:25:00,24435.82,24437.05,24419.93,24434.07,72156
2026-05-11 12:30:00,24434.07,24437.55,24417.71,24420.25,103454
2026-05-11 12:35:00,24420.25,24431.4,24418.16,24420.78,101912
2026-05-11 12:40:00,24420.78,24450.3,24420.68,24447.91,122556
2026-05-11 12:45:00,24447.91,24455.87,24442.87,24453.62,111291
2026-05-11 12:50:00,24453.62,24456.75,24426.39,24430.77,60256
2026-05-11 12:55:00,24430.77,24437.73,24425.41,24431.65,43895
2026-05-11 13:00:00,24431.65,24454.48,24429.48,24452.56,77431
2026-05-11 13:05:00,24452.56,24469.76,24449.2,24456.37,103242
2026-05-11 13:10:00,24456.37,24460.52,24436.49,24454.77,83443
2026-05-11 13:15:00,24454.77,24455.77,24409.58,24409.76,67822
2026-05-11 13:20:00,24409.76,24420.78,24397.23,24401.73,61231
2026-05-11 13:25:00,24401.73,24409.14,24384.56,24388.42,41189
2026-05-11 13:30:00,24388.42,24405.46,24385.54,24394.77,50118
2026-05-11 13:35:00,24394.77,24403.69,24387.93,24403.6,76980
2026-05-11 13:40:00,24403.6,24416.26,24389.76,24397.5,72585
2026-05-11 13:45:00,24397.5,24407.16,24377.58,24386.1,76106
2026-05-11 13:50:00,24386.1,24409.08,24385.4,24401.12,92321
2026-05-11 13:55:00,24401.12,24411.68,24398.62,24408.23,72715
2026-05-11 14:00:00,24408.23,24417.8,24395.69,24412.32,59260
2026-05-11 14:05:00,24412.32,24424.37,24412.17,24422.17,158301
2026-05-11 14:10:00,24422.17,24427.47,24394.32,24402.67,68958
2026-05-11 14:15:00,24402.67,24433.58,24398.05,24431.09,92616
2026-05-11 14:20:00,24431.09,24456.23,24428.56,24452.25,90571
2026-05-11 14:25:00,24452.25,24453.96,24429.96,24433.98,82303
2026-05-11 14:30:00,24433.98,24488.25,24431.92,24486.2,31128
2026-05-11 14:35:00,24486.2,24508.4,24483.06,24487.92,110240
2026-05-11 14:40:00,24487.92,24488.31,24456.78,24466.84,122326
2026-05-11 14:45:00,24466.84,24495.82,24460.78,24495.72,55722
2026-05-11 14:50:00,24495.72,24513.02,24495.61,24507.89,83216
2026-05-11 14:55:00,24507.89,24526.86,24496.47,24513.56,125229
2026-05-11 15:00:00,24513.56,24525.45,24504.66,24511.2,115907
2026-05-11 15:05:00,24511.2,24537.41,24503.87,24532.2,76707
2026-05-11 15:10:00,24532.2,24546.16,24529.26,24540.61,114119
2026-05-11 15:15:00,24540.61,24552.23,24533.81,24548.42,73395
2026-05-11 15:20:00,24548.42,24563.73,24528.13,24563.37,204722
2026-05-11 15:25:00,24563.37,24581.54,24555.44,24558.7,198838
2026-05-12 09:15:00,24699.25,24699.45,24658.47,24682.03,235171
2026-05-12 09:20:00,24682.03,24697.95,24650.3,24658.53,167139
2026-05-12 09:25:00,24658.53,24710.98,24653.46,24709.36,209336
2026-05-12 09:30:00,24709.36,24742.76,24693.74,24738.95,82724
2026-05-12 09:35:00,24738.95,24796.0,24733.22,24779.79,181824
2026-05-12 09:40:00,24779.79,24805.02,24776.11,24794.51,131179
2026-05-12 09:45:00,24794.51,24834.15,24791.66,24824.33,105122
2026-05-12 09:50:00,24824.33,24825.7,24787.81,24798.97,102741
2026-05-12 09:55:00,24798.97,24810.8,24789.33,24807.34,66342
2026-05-12 10:00:00,24807.34,24832.44,24803.37,24826.77,67585
2026-05-12 10:05:00,24826.77,24827.45,24805.31,24812.89,64081
2026-05-12 10:10:00,24812.89,24814.91,24787.55,24810.78,76864
2026-05-12 10:15:00,24810.78,24831.32,24806.75,24827.98,50406
2026-05-12 10:20:00,24827.98,24835.48,24820.85,24822.63,63521
2026-05-12 10:25:00,24822.63,24847.72,24820.1,24830.11,80748
2026-05-12 10:30:00,24830.11,24847.38,24828.75,24829.06,113257
2026-05-12 10:35:00,24829.06,24833.17,24791.0,24795.81,124474
2026-05-12 10:40:00,24795.81,24802.99,24779.18,24780.43,91435
2026-05-12 10:45:00,24780.43,24781.89,24743.37,24743.74,57658
2026-05-12 10:50:00,24743.74,24752.31,24732.62,24735.33,65198
2026-05-12 10:55:00,24735.33,24751.5,24735.01,24735.96,70509
2026-05-12 11:00:00,24735.96,24739.57,24732.19,24733.53,70547
2026-05-12 11:05:00,24733.53,24744.28,24730.36,24739.08,51642
2026-05-12 11:10:00,24739.08,24741.81,24718.08,24725.86,134258
2026-05-12 11:15:00,24725.86,24733.49,24715.49,24730.98,50881
2026-05-12 11:20:00,24730.98,24736.65,24715.71,24724.81,54094
2026-05-12 11:25:00,24724.81,24729.5,24717.57,24717.98,86254
2026-05-12 11:30:00,24717.98,24740.8,24717.47,24736.65,79591
2026-05-12 11:35:00,24736.65,24744.87,24724.43,24736.74,84663
2026-05-12 11:40:00,24736.74,24746.4,24733.75,24745.4,51802
2026-05-12 11:45:00,24745.4,24753.88,24743.56,24747.15,105094
2026-05-12 11:50:00,24747.15,24747.42,24735.93,24741.59,36209
2026-05-12 11:55:00,24741.59,24747.07,24717.73,24724.03,130249
2026-05-12 12:00:00,24724.03,24725.3,24692.17,24694.66,68778
2026-05-12 12:05:00,24694.66,24702.28,24686.07,24693.2,83258
2026-05-12 12:10:00,24693.2,24698.1,24678.69,24692.38,70876
2026-05-12 12:15:00,24692.38,24705.06,24679.65,24685.83,58523
2026-05-12 12:20:00,24685.83,24703.5,24673.86,24679.58,65225
2026-05-12 12:25:00,24679.58,24679.74,24660.8,24677.84,62621
2026-05-12 12:30:00,24677.84,24704.88,24672.24,24673.61,45575
2026-05-12 12:35:00,24673.61,24674.78,24663.83,24665.54,82496
2026-05-12 12:40:00,24665.54,24666.94,24653.54,24663.02,88590
2026-05-12 12:45:00,24663.02,24693.66,24662.87,24688.6,63552
2026-05-12 12:50:00,24688.6,24704.55,24683.02,24684.33,96298
2026-05-12 12:55:00,24684.33,24691.11,24677.63,24681.51,55570
2026-05-12 13:00:00,24681.51,24683.16,24637.74,24637.97,101443
2026-05-12 13:05:00,24637.97,24642.21,24631.39,24632.58,52186
2026-05-12 13:10:00,24632.58,24640.96,24627.09,24634.49,65338
2026-05-12 13:15:00,24634.49,24635.58,24591.71,24593.94,57234
2026-05-12 13:20:00,24593.94,24595.12,24567.77,24575.14,75508
2026-05-12 13:25:00,24575.14,24579.49,24561.61,24565.48,83783
2026-05-12 13:30:00,24565.48,24587.73,24556.61,24560.68,92314
2026-05-12 13:35:00,24560.68,24565.68,24544.83,24548.09,78633
2026-05-12 13:40:00,24548.09,24554.28,24527.07,24527.7,68584
2026-05-12 13:45:00,24527.7,24528.18,24513.9,24521.25,60747
2026-05-12 13:50:00,24521.25,24526.42,24498.82,24499.55,126514
2026-05-12 13:55:00,24499.55,24505.12,24476.63,24477.9,98759
2026-05-12 14:00:00,24477.9,24485.31,24476.11,24479.73,91472
2026-05-12 14:05:00,24479.73,24484.18,24454.16,24462.45,71999
2026-05-12 14:10:00,24462.45,24485.88,24461.81,24466.62,97339
2026-05-12 14:15:00,24466.62,24489.8,24460.97,24487.48,90842
2026-05-12 14:20:00,24487.48,24498.29,24482.37,24483.64,72984
2026-05-12 14:25:00,24483.64,24489.69,24457.0,24457.21,85687
2026-05-12 14:30:00,24457.21,24467.94,24431.48,24439.9,46782
2026-05-12 14:35:00,24439.9,24445.7,24427.01,24436.29,117784
2026-05-12 14:40:00,24436.29,24446.46,24421.35,24431.37,98698
2026-05-12 14:45:00,24431.37,24434.45,24416.78,24428.58,70698
2026-05-12 14:50:00,24428.58,24462.0,24415.74,24458.99,125401
2026-05-12 14:55:00,24458.99,24461.65,24434.5,24437.74,159864
2026-05-12 15:00:00,24437.74,24448.44,24420.27,24424.93,74677
2026-05-12 15:05:00,24424.93,24454.01,24416.88,24452.35,93591
2026-05-12 15:10:00,24452.35,24481.62,24429.55,24471.73,104025
2026-05-12 15:15:00,24471.73,24487.27,24444.26,24445.35,119078
2026-05-12 15:20:00,24445.35,24495.36,24441.41,24486.97,67016
2026-05-12 15:25:00,24486.97,24520.86,24483.47,24495.22,158839
2026-05-13 09:15:00,24456.41,24484.5,24420.82,24455.09,207022
2026-05-13 09:20:00,24455.09,24536.12,24448.63,24527.56,211634
2026-05-13 09:25:00,24527.56,24618.64,24519.14,24616.94,152570
2026-05-13 09:30:00,24616.94,24620.84,24584.33,24595.12,201587
2026-05-13 09:35:00,24595.12,24603.32,24555.02,24560.61,128697
2026-05-13 09:40:00,24560.61,24567.73,24519.29,24530.63,87936
2026-05-13 09:45:00,24530.63,24543.59,24503.38,24534.28,153193
2026-05-13 09:50:00,24534.28,24536.44,24483.32,24489.72,89530
2026-05-13 09:55:00,24489.72,24491.4,24436.66,24437.89,59597
2026-05-13 10:00:00,24437.89,24474.42,24435.11,24459.36,79978
2026-05-13 10:05:00,24459.36,24461.84,24441.11,24454.76,95009
2026-05-13 10:10:00,24454.76,24456.19,24418.28,24427.68,68271
2026-05-13 10:15:00,24427.68,24435.46,24411.18,24413.64,46583
2026-05-13 10:20:00,24413.64,24423.73,24406.4,24415.84,66907
2026-05-13 10:25:00,24415.84,24424.16,24399.75,24418.01,39170
2026-05-13 10:30:00,24418.01,24433.32,24415.69,24430.08,45252
2026-05-13 10:35:00,24430.08,24445.94,24426.66,24442.0,40680
2026-05-13 10:40:00,24442.0,24449.45,24427.7,24433.02,83072
2026-05-13 10:45:00,24433.02,24449.0,24430.87,24440.67,72467
2026-05-13 10:50:00,24440.67,24464.87,24433.52,24460.15,75093
2026-05-13 10:55:00,24460.15,24499.62,24457.66,24499.4,71174
2026-05-13 11:00:00,24499.4,24510.89,24489.69,24493.87,41812
2026-05-13 11:05:00,24493.87,24498.64,24476.5,24488.37,62504
2026-05-13 11:10:00,24488.37,24508.23,24485.15,24502.39,71559
2026-05-13 11:15:00,24502.39,24513.31,24497.39,24507.54,115525
2026-05-13 11:20:00,24507.54,24509.6,24491.47,24498.2,68910
2026-05-13 11:25:00,24498.2,24511.5,24487.64,24506.23,62138
2026-05-13 11:30:00,24506.23,24518.28,24493.52,24501.31,67895
2026-05-13 11:35:00,24501.31,24514.21,24494.28,24498.43,180852
2026-05-13 11:40:00,24498.43,24503.66,24477.4,24481.37,67079
2026-05-13 11:45:00,24481.37,24488.95,24466.29,24483.08,84687
2026-05-13 11:50:00,24483.08,24486.64,24464.62,24467.37,123707
2026-05-13 11:55:00,24467.37,24477.97,24457.51,24462.15,44227
2026-05-13 12:00:00,24462.15,24477.15,24433.58,24433.82,79921
2026-05-13 12:05:00,24433.82,24444.04,24415.01,24416.55,73786
2026-05-13 12:10:00,24416.55,24429.52,24415.06,24428.73,64893
2026-05-13 12:15:00,24428.73,24455.67,24418.86,24454.69,94210
2026-05-13 12:20:00,24454.69,24465.87,24429.11,24433.41,62444
2026-05-13 12:25:00,24433.41,24451.7,24426.83,24449.49,106522
2026-05-13 12:30:00,24449.49,24452.98,24431.49,24441.12,83266
2026-05-13 12:35:00,24441.12,24458.13,24431.67,24451.25,48093
2026-05-13 12:40:00,24451.25,24464.13,24446.6,24453.56,104932
2026-05-13 12:45:00,24453.56,24478.49,24450.82,24470.79,78083
2026-05-13 12:50:00,24470.79,24495.09,24466.64,24493.17,69265
2026-05-13 12:55:00,24493.17,24495.35,24481.37,24487.45,73695
2026-05-13 13:00:00,24487.45,24487.83,24470.15,24470.93,41398
2026-05-13 13:05:00,24470.93,24474.55,24453.18,24467.93,87758
2026-05-13 13:10:00,24467.93,24470.2,24452.36,24453.26,73981
2026-05-13 13:15:00,24453.26,24467.92,24451.04,24466.66,51588
2026-05-13 13:20:00,24466.66,24486.08,24463.56,24474.26,68720
2026-05-13 13:25:00,24474.26,24491.88,24467.09,24488.05,91470
2026-05-13 13:30:00,24488.05,24500.03,24484.33,24497.48,83699
2026-05-13 13:35:00,24497.48,24526.4,24487.73,24520.88,55594
2026-05-13 13:40:00,24520.88,24529.05,24512.05,24522.05,36885
2026-05-13 13:45:00,24522.05,24526.75,24502.88,24507.18,44317
2026-05-13 13:50:00,24507.18,24547.93,24502.26,24547.87,91531
2026-05-13 13:55:00,24547.87,24592.35,24541.28,24590.55,47716
2026-05-13 14:00:00,24590.55,24591.9,24568.68,24583.35,131105
2026-05-13 14:05:00,24583.35,24608.94,24581.85,24604.35,99489
2026-05-13 14:10:00,24604.35,24635.07,24600.71,24628.69,96194
2026-05-13 14:15:00,24628.69,24647.23,24615.99,24646.59,147520
2026-05-13 14:20:00,24646.59,24680.88,24644.88,24672.68,131691
2026-05-13 14:25:00,24672.68,24672.72,24658.93,24669.09,146524
2026-05-13 14:30:00,24669.09,24671.05,24647.57,24661.87,72788
2026-05-13 14:35:00,24661.87,24687.32,24660.42,24679.98,115461
2026-05-13 14:40:00,24679.98,24694.98,24650.26,24652.63,88390
2026-05-13 14:45:00,24652.63,24668.84,24646.38,24659.11,189532
2026-05-13 14:50:00,24659.11,24663.42,24635.53,24658.41,126682
2026-05-13 14:55:00,24658.41,24684.09,24650.9,24678.12,86322
2026-05-13 15:00:00,24678.12,24700.76,24649.53,24699.46,70693
2026-05-13 15:05:00,24699.46,24720.56,24693.9,24710.5,88661
2026-05-13 15:10:00,24710.5,24717.25,24689.57,24701.57,162627
2026-05-13 15:15:00,24701.57,24729.19,24694.01,24715.38,127696
2026-05-13 15:20:00,24715.38,24737.13,24644.21,24651.66,157070
2026-05-13 15:25:00,24651.66,24672.02,24650.58,24665.66,64627
2026-05-14 09:15:00,24764.43,24767.88,24729.84,24765.05,63993
2026-05-14 09:20:00,24765.05,24771.69,24667.63,24701.15,227579
2026-05-14 09:25:00,24701.15,24720.36,24671.62,24683.69,102717
2026-05-14 09:30:00,24683.69,24699.26,24645.21,24647.79,185736
2026-05-14 09:35:00,24647.79,24654.27,24613.33,24616.46,236967
2026-05-14 09:40:00,24616.46,24634.31,24602.57,24621.11,132947
2026-05-14 09:45:00,24621.11,24648.55,24612.62,24643.46,107260
2026-05-14 09:50:00,24643.46,24656.47,24633.3,24644.91,100140
2026-05-14 09:55:00,24644.91,24650.3,24623.77,24629.63,122210
2026-05-14 10:00:00,24629.63,24639.01,24616.54,24620.53,76534
2026-05-14 10:05:00,24620.53,24636.66,24618.1,24635.92,114626
2026-05-14 10:10:00,24635.92,24638.23,24627.91,24632.96,114281
2026-05-14 10:15:00,24632.96,24637.86,24615.21,24617.19,76603
2026-05-14 10:20:00,24617.19,24641.31,24614.56,24634.8,88406
2026-05-14 10:25:00,24634.8,24637.42,24626.29,24634.92,74013
2026-05-14 10:30:00,24634.92,24658.65,24627.82,24640.11,58861
2026-05-14 10:35:00,24640.11,24652.47,24633.81,24646.82,46878
2026-05-14 10:40:00,24646.82,24657.68,24638.87,24652.07,74443
2026-05-14 10:45:00,24652.07,24657.58,24642.45,24653.6,84552
2026-05-14 10:50:00,24653.6,24661.13,24650.01,24650.65,55051
2026-05-14 10:55:00,24650.65,24677.09,24647.15,24656.77,43395
2026-05-14 11:00:00,24656.77,24663.77,24643.63,24660.66,90284
2026-05-14 11:05:00,24660.66,24672.65,24654.09,24658.1,79005
2026-05-14 11:10:00,24658.1,24677.12,24657.82,24660.69,57662
2026-05-14 11:15:00,24660.69,24681.81,24660.63,24670.41,88008
2026-05-14 11:20:00,24670.41,24673.86,24650.41,24659.35,46247
2026-05-14 11:25:00,24659.35,24666.89,24656.29,24664.32,77175
2026-05-14 11:30:00,24664.32,24671.14,24640.19,24648.5,72697
2026-05-14 11:35:00,24648.5,24677.57,24646.8,24662.68,82765
2026-05-14 11:40:00,24662.68,24692.14,24658.47,24691.52,147774
2026-05-14 11:45:00,24691.52,24714.01,24685.64,24705.66,86183
2026-05-14 11:50:00,24705.66,24734.21,24704.32,24729.87,63298
2026-05-14 11:55:00,24729.87,24752.88,24721.06,24738.84,104023
2026-05-14 12:00:00,24738.84,24743.44,24717.69,24718.11,166330
2026-05-14 12:05:00,24718.11,24735.74,24715.21,24718.78,66337
2026-05-14 12:10:00,24718.78,24721.47,24696.47,24702.33,47521
2026-05-14 12:15:00,24702.33,24706.32,24694.14,24705.55,72424
2026-05-14 12:20:00,24705.55,24718.03,24693.76,24693.98,62733
2026-05-14 12:25:00,24693.98,24715.89,24685.94,24689.22,119206
2026-05-14 12:30:00,24689.22,24693.97,24666.85,24676.09,65430
2026-05-14 12:35:00,24676.09,24687.11,24661.27,24675.34,136500
2026-05-14 12:40:00,24675.34,24677.1,24637.86,24655.14,80791
2026-05-14 12:45:00,24655.14,24657.82,24633.35,24652.3,99571
2026-05-14 12:50:00,24652.3,24664.28,24652.1,24660.44,131720
2026-05-14 12:55:00,24660.44,24663.95,24626.36,24630.22,79171
2026-05-14 13:00:00,24630.22,24632.13,24606.22,24608.83,55107
2026-05-14 13:05:00,24608.83,24641.77,24600.63,24635.21,89694
2026-05-14 13:10:00,24635.21,24640.89,24624.46,24631.25,67231
2026-05-14 13:15:00,24631.25,24640.46,24608.8,24639.93,74628
2026-05-14 13:20:00,24639.93,24644.79,24618.65,24619.86,56026
2026-05-14 13:25:00,24619.86,24639.73,24617.73,24624.85,91135
2026-05-14 13:30:00,24624.85,24646.58,24615.66,24642.42,58713
2026-05-14 13:35:00,24642.42,24648.2,24616.13,24623.88,117567
2026-05-14 13:40:00,24623.88,24625.8,24606.02,24614.5,36188
2026-05-14 13:45:00,24614.5,24644.76,24613.6,24643.74,95383
2026-05-14 13:50:00,24643.74,24650.44,24638.98,24642.69,74745
2026-05-14 13:55:00,24642.69,24661.35,24635.72,24659.36,122537
2026-05-14 14:00:00,24659.36,24670.26,24652.17,24653.02,63969
2026-05-14 14:05:00,24653.02,24653.33,24629.78,24633.63,65152
2026-05-14 14:10:00,24633.63,24637.11,24606.45,24623.1,107502
2026-05-14 14:15:00,24623.1,24629.03,24611.8,24626.5,87747
2026-05-14 14:20:00,24626.5,24666.78,24616.77,24663.85,55626
2026-05-14 14:25:00,24663.85,24679.49,24645.27,24655.64,118465
2026-05-14 14:30:00,24655.64,24657.48,24618.6,24621.27,93119
2026-05-14 14:35:00,24621.27,24624.27,24602.4,24609.16,133975
2026-05-14 14:40:00,24609.16,24640.85,24599.7,24633.35,93824
2026-05-14 14:45:00,24633.35,24657.53,24631.42,24641.71,84932
2026-05-14 14:50:00,24641.71,24657.94,24631.32,24646.07,70658
2026-05-14 14:55:00,24646.07,24648.68,24596.78,24600.84,88105
2026-05-14 15:00:00,24600.84,24604.68,24550.26,24553.7,141056
2026-05-14 15:05:00,24553.7,24558.49,24526.45,24537.76,64472
2026-05-14 15:10:00,24537.76,24546.99,24519.63,24525.64,134937
2026-05-14 15:15:00,24525.64,24528.14,24457.69,24463.34,78871
2026-05-14 15:20:00,24463.34,24467.25,24449.81,24450.88,187518
2026-05-14 15:25:00,24450.88,24473.79,24443.11,24451.73,192549
2026-05-15 09:15:00,24522.02,24572.19,24513.39,24566.67,171821
2026-05-15 09:20:00,24566.67,24634.23,24566.36,24594.71,179491
2026-05-15 09:25:00,24594.71,24646.12,24592.83,24626.86,125577
2026-05-15 09:30:00,24626.86,24646.73,24600.99,24636.4,156607
2026-05-15 09:35:00,24636.4,24687.13,24631.15,24679.53,159299
2026-05-15 09:40:00,24679.53,24720.15,24672.07,24689.01,241311
2026-05-15 09:45:00,24689.01,24734.3,24686.53,24728.99,116498
2026-05-15 09:50:00,24728.99,24741.2,24705.6,24717.45,43485
2026-05-15 09:55:00,24717.45,24723.65,24702.74,24717.98,75894
2026-05-15 10:00:00,24717.98,24740.97,24699.98,24721.42,106614
2026-05-15 10:05:00,24721.42,24736.43,24713.97,24715.4,83474
2026-05-15 10:10:00,24715.4,24715.51,24688.6,24704.39,108668
2026-05-15 10:15:00,24704.39,24705.13,24662.21,24665.98,62813
2026-05-15 10:20:00,24665.98,24708.49,24661.87,24703.03,124530
2026-05-15 10:25:00,24703.03,24745.69,24695.62,24724.3,80508
2026-05-15 10:30:00,24724.3,24748.87,24715.88,24746.69,145478
2026-05-15 10:35:00,24746.69,24756.0,24739.22,24751.59,64483
2026-05-15 10:40:00,24751.59,24789.59,24750.78,24785.56,104659
2026-05-15 10:45:00,24785.56,24815.1,24776.97,24799.5,75590
2026-05-15 10:50:00,24799.5,24815.94,24794.3,24814.43,101787
2026-05-15 10:55:00,24814.43,24822.42,24771.01,24771.9,103932
2026-05-15 11:00:00,24771.9,24794.35,24770.39,24791.33,129542
2026-05-15 11:05:00,24791.33,24794.54,24766.4,24771.55,87898
2026-05-15 11:10:00,24771.55,24781.48,24766.99,24780.01,65992
2026-05-15 11:15:00,24780.01,24786.35,24750.05,24751.22,73489
2026-05-15 11:20:00,24751.22,24755.13,24743.49,24748.02,58031
2026-05-15 11:25:00,24748.02,24758.04,24723.66,24735.79,84153
2026-05-15 11:30:00,24735.79,24738.94,24695.02,24697.63,100114
2026-05-15 11:35:00,24697.63,24714.92,24668.95,24676.37,71373
2026-05-15 11:40:00,24676.37,24676.78,24641.57,24662.47,68574
2026-05-15 11:45:00,24662.47,24670.01,24637.84,24639.19,110331
2026-05-15 11:50:00,24639.19,24645.09,24623.45,24628.06,75048
2026-05-15 11:55:00,24628.06,24643.42,24625.1,24642.33,52620
2026-05-15 12:00:00,24642.33,24648.38,24629.29,24632.8,57082
2026-05-15 12:05:00,24632.8,24653.59,24627.77,24636.79,66496
2026-05-15 12:10:00,24636.79,24657.82,24635.6,24652.21,75193
2026-05-15 12:15:00,24652.21,24661.88,24644.46,24656.42,56264
2026-05-15 12:20:00,24656.42,24660.55,24635.87,24639.17,81215
2026-05-15 12:25:00,24639.17,24641.28,24609.09,24626.64,75946
2026-05-15 12:30:00,24626.64,24642.92,24617.49,24638.83,52471
2026-05-15 12:35:00,24638.83,24673.17,24636.76,24660.28,61198
2026-05-15 12:40:00,24660.28,24691.04,24654.75,24685.0,90603
2026-05-15 12:45:00,24685.0,24714.22,24684.44,24692.08,122600
2026-05-15 12:50:00,24692.08,24700.3,24683.44,24693.18,82369
2026-05-15 12:55:00,24693.18,24697.81,24671.44,24689.71,60137
2026-05-15 13:00:00,24689.71,24715.58,24686.34,24709.18,59018
2026-05-15 13:05:00,24709.18,24751.91,24707.97,24749.38,76464
2026-05-15 13:10:00,24749.38,24751.46,24725.05,24733.68,63211
2026-05-15 13:15:00,24733.68,24736.56,24696.84,24703.52,92088
2026-05-15 13:20:00,24703.52,24717.72,24695.84,24696.37,80517
2026-05-15 13:25:00,24696.37,24737.18,24695.0,24731.41,88834
2026-05-15 13:30:00,24731.41,24736.67,24716.25,24732.37,83371
2026-05-15 13:35:00,24732.37,24737.75,24696.85,24720.29,53815
2026-05-15 13:40:00,24720.29,24724.93,24695.76,24708.98,91507
2026-05-15 13:45:00,24708.98,24730.76,24705.54,24713.16,43463
2026-05-15 13:50:00,24713.16,24717.86,24658.57,24665.68,78977
2026-05-15 13:55:00,24665.68,24671.64,24646.68,24650.11,101940
2026-05-15 14:00:00,24650.11,24689.85,24648.15,24681.0,74135
2026-05-15 14:05:00,24681.0,24696.02,24679.88,24686.99,44991
2026-05-15 14:10:00,24686.99,24703.64,24657.98,24697.26,111734
2026-05-15 14:15:00,24697.26,24731.04,24694.51,24718.57,52723
2026-05-15 14:20:00,24718.57,24729.4,24697.15,24704.95,70724
2026-05-15 14:25:00,24704.95,24713.59,24695.93,24702.82,39853
2026-05-15 14:30:00,24702.82,24728.85,24698.82,24726.13,88030
2026-05-15 14:35:00,24726.13,24735.27,24708.88,24724.64,65744
2026-05-15 14:40:00,24724.64,24731.29,24708.17,24730.97,119591
2026-05-15 14:45:00,24730.97,24753.07,24720.93,24752.12,139760
2026-05-15 14:50:00,24752.12,24763.81,24743.36,24748.94,111979
2026-05-15 14:55:00,24748.94,24766.75,24712.53,24724.05,103189
2026-05-15 15:00:00,24724.05,24731.01,24705.64,24706.17,52462
2026-05-15 15:05:00,24706.17,24737.07,24692.74,24695.5,56939
2026-05-15 15:10:00,24695.5,24703.27,24662.42,24666.44,95441
2026-05-15 15:15:00,24666.44,24670.25,24621.21,24636.48,121122
2026-05-15 15:20:00,24636.48,24679.15,24628.45,24668.99,137665
2026-05-15 15:25:00,24668.99,24699.81,24660.19,24689.51,148495
2026-05-18 09:15:00,24618.16,24686.57,24598.64,24675.07,175961
2026-05-18 09:20:00,24675.07,24694.62,24652.82,24662.9,306536
2026-05-18 09:25:00,24662.9,24754.03,24662.26,24745.31,289214
2026-05-18 09:30:00,24745.31,24754.99,24714.41,24732.88,116767
2026-05-18 09:35:00,24732.88,24777.41,24719.5,24731.44,85002
2026-05-18 09:40:00,24731.44,24736.29,24668.03,24679.27,84086
2026-05-18 09:45:00,24679.27,24730.65,24662.8,24673.16,99197
2026-05-18 09:50:00,24673.16,24683.19,24584.93,24593.2,96622
2026-05-18 09:55:00,24593.2,24595.76,24563.89,24583.52,147746
2026-05-18 10:00:00,24583.52,24601.82,24581.63,24590.08,83250
2026-05-18 10:05:00,24590.08,24632.63,24583.2,24621.41,72371
2026-05-18 10:10:00,24621.41,24631.3,24590.57,24626.36,86511
2026-05-18 10:15:00,24626.36,24643.83,24597.58,24597.65,87726
2026-05-18 10:20:00,24597.65,24647.0,24596.06,24624.67,110306
2026-05-18 10:25:00,24624.67,24657.98,24614.41,24655.83,64215
2026-05-18 10:30:00,24655.83,24668.2,24612.6,24625.8,72677
2026-05-18 10:35:00,24625.8,24632.97,24608.32,24621.09,40487
2026-05-18 10:40:00,24621.09,24642.6,24611.62,24621.72,145971
2026-05-18 10:45:00,24621.72,24626.12,24584.69,24595.7,146012
2026-05-18 10:50:00,24595.7,24620.55,24591.97,24613.53,59049
2026-05-18 10:55:00,24613.53,24629.28,24608.79,24627.86,65105
2026-05-18 11:00:00,24627.86,24637.16,24579.55,24603.48,83408
2026-05-18 11:05:00,24603.48,24619.15,24593.46,24607.11,56599
2026-05-18 11:10:00,24607.11,24617.33,24592.67,24612.81,49406
2026-05-18 11:15:00,24612.81,24617.09,24578.01,24582.42,69871
2026-05-18 11:20:00,24582.42,24582.93,24557.64,24569.34,63532
2026-05-18 11:25:00,24569.34,24596.24,24545.78,24556.87,48205
2026-05-18 11:30:00,24556.87,24559.81,24543.45,24548.97,156552
2026-05-18 11:35:00,24548.97,24570.93,24529.95,24563.74,52973
2026-05-18 11:40:00,24563.74,24614.47,24560.37,24596.82,137463
2026-05-18 11:45:00,24596.82,24606.4,24560.04,24581.38,74571
2026-05-18 11:50:00,24581.38,24608.36,24574.35,24600.63,29407
2026-05-18 11:55:00,24600.63,24622.44,24598.19,24600.65,52266
2026-05-18 12:00:00,24600.65,24608.39,24595.15,24596.54,48176
2026-05-18 12:05:00,24596.54,24614.83,24589.61,24610.27,82030
2026-05-18 12:10:00,24610.27,24666.35,24601.77,24662.39,89038
2026-05-18 12:15:00,24662.39,24674.36,24659.61,24671.34,98161
2026-05-18 12:20:00,24671.34,24686.6,24635.54,24645.89,80063
2026-05-18 12:25:00,24645.89,24654.6,24625.38,24640.97,87095
2026-05-18 12:30:00,24640.97,24654.45,24619.04,24619.83,48825
2026-05-18 12:35:00,24619.83,24673.25,24617.99,24667.34,111023
2026-05-18 12:40:00,24667.34,24673.68,24637.66,24647.5,49795
2026-05-18 12:45:00,24647.5,24655.32,24610.19,24632.53,65773
2026-05-18 12:50:00,24632.53,24652.95,24632.08,24646.83,98039
2026-05-18 12:55:00,24646.83,24660.09,24621.4,24647.63,82904
2026-05-18 13:00:00,24647.63,24651.32,24612.16,24620.76,66034
2026-05-18 13:05:00,24620.76,24628.74,24596.6,24597.32,48024
2026-05-18 13:10:00,24597.32,24599.8,24569.76,24579.62,65611
2026-05-18 13:15:00,24579.62,24582.28,24556.89,24567.75,99988
2026-05-18 13:20:00,24567.75,24616.87,24562.55,24612.3,85413
2026-05-18 13:25:00,24612.3,24645.39,24610.13,24643.98,73478
2026-05-18 13:30:00,24643.98,24655.97,24606.64,24611.19,78320
2026-05-18 13:35:00,24611.19,24656.87,24606.45,24643.32,75870
2026-05-18 13:40:00,24643.32,24645.34,24617.05,24624.91,58058
2026-05-18 13:45:00,24624.91,24625.89,24595.4,24617.53,53533
2026-05-18 13:50:00,24617.53,24642.52,24611.29,24636.69,76315
2026-05-18 13:55:00,24636.69,24646.53,24634.21,24638.03,78176
2026-05-18 14:00:00,24638.03,24638.12,24588.15,24595.44,42628
2026-05-18 14:05:00,24595.44,24611.49,24540.57,24552.09,82009
2026-05-18 14:10:00,24552.09,24574.86,24540.13,24573.85,141312
2026-05-18 14:15:00,24573.85,24601.72,24572.36,24597.63,55477
2026-05-18 14:20:00,24597.63,24619.22,24588.62,24591.0,81992
2026-05-18 14:25:00,24591.0,24608.51,24577.19,24591.77,144469
2026-05-18 14:30:00,24591.77,24641.52,24580.17,24626.52,110031
2026-05-18 14:35:00,24626.52,24668.49,24623.69,24666.25,90319
2026-05-18 14:40:00,24666.25,24696.4,24661.15,24686.37,75433
2026-05-18 14:45:00,24686.37,24700.11,24660.6,24686.37,129393
2026-05-18 14:50:00,24686.37,24725.36,24685.4,24722.93,79844
2026-05-18 14:55:00,24722.93,24723.1,24684.42,24691.3,109594
2026-05-18 15:00:00,24691.3,24719.81,24643.79,24659.62,174208
2026-05-18 15:05:00,24659.62,24673.59,24611.67,24650.53,148854
2026-05-18 15:10:00,24650.53,24707.53,24638.75,24698.51,72422
2026-05-18 15:15:00,24698.51,24743.05,24696.29,24713.38,104533
2026-05-18 15:20:00,24713.38,24735.0,24627.65,24643.03,245048
2026-05-18 15:25:00,24643.03,24677.35,24618.63,24621.79,247146
2026-05-19 09:15:00,24705.77,24734.64,24629.84,24674.84,168991
2026-05-19 09:20:00,24674.84,24679.79,24624.54,24632.05,111710
2026-05-19 09:25:00,24632.05,24634.9,24581.55,24586.4,124754
2026-05-19 09:30:00,24586.4,24589.46,24505.28,24568.3,133971
2026-05-19 09:35:00,24568.3,24613.97,24566.17,24610.68,140155
2026-05-19 09:40:00,24610.68,24633.34,24567.15,24584.23,151767
2026-05-19 09:45:00,24584.23,24587.63,24515.4,24530.21,78816
2026-05-19 09:50:00,24530.21,24546.92,24519.49,24523.1,67276
2026-05-19 09:55:00,24523.1,24529.1,24479.88,24492.15,99405
2026-05-19 10:00:00,24492.15,24502.81,24472.04,24499.24,31418
2026-05-19 10:05:00,24499.24,24554.93,24495.06,24543.63,73024
2026-05-19 10:10:00,24543.63,24548.55,24505.14,24540.5,210394
2026-05-19 10:15:00,24540.5,24543.56,24499.78,24522.0,87582
2026-05-19 10:20:00,24522.0,24528.66,24497.02,24511.2,82604
2026-05-19 10:25:00,24511.2,24541.45,24502.35,24538.61,66097
2026-05-19 10:30:00,24538.61,24548.21,24534.1,24545.35,100906
2026-05-19 10:35:00,24545.35,24559.74,24524.24,24531.55,106134
2026-05-19 10:40:00,24531.55,24550.97,24530.15,24533.27,81692
2026-05-19 10:45:00,24533.27,24565.85,24531.24,24557.19,80644
2026-05-19 10:50:00,24557.19,24594.58,24557.05,24594.25,81544
2026-05-19 10:55:00,24594.25,24600.45,24575.52,24589.21,125257
2026-05-19 11:00:00,24589.21,24601.49,24553.93,24556.13,59986
2026-05-19 11:05:00,24556.13,24559.18,24544.33,24547.64,94906
2026-05-19 11:10:00,24547.64,24581.44,24537.53,24538.97,81521
2026-05-19 11:15:00,24538.97,24541.18,24519.17,24532.9,58002
2026-05-19 11:20:00,24532.9,24538.79,24504.68,24510.37,117436
2026-05-19 11:25:00,24510.37,24528.67,24491.26,24517.06,70554
2026-05-19 11:30:00,24517.06,24530.5,24503.34,24510.46,72338
2026-05-19 11:35:00,24510.46,24525.89,24493.55,24520.73,47859
2026-05-19 11:40:00,24520.73,24553.74,24520.47,24547.49,105910
2026-05-19 11:45:00,24547.49,24583.89,24546.11,24580.91,61787
2026-05-19 11:50:00,24580.91,24594.17,24546.12,24562.47,68431
2026-05-19 11:55:00,24562.47,24572.62,24562.19,24567.98,108765
2026-05-19 12:00:00,24567.98,24607.96,24564.0,24596.92,101101
2026-05-19 12:05:00,24596.92,24623.49,24590.42,24617.2,41045
2026-05-19 12:10:00,24617.2,24619.21,24599.21,24604.12,74320
2026-05-19 12:15:00,24604.12,24628.64,24603.09,24626.87,78364
2026-05-19 12:20:00,24626.87,24650.9,24609.15,24618.4,85070
2026-05-19 12:25:00,24618.4,24634.34,24594.23,24598.28,55949
2026-05-19 12:30:00,24598.28,24625.51,24595.69,24605.54,127032
2026-05-19 12:35:00,24605.54,24626.91,24595.88,24606.85,116069
2026-05-19 12:40:00,24606.85,24625.85,24570.71,24572.66,71142
2026-05-19 12:45:00,24572.66,24591.37,24568.76,24581.24,135628
2026-05-19 12:50:00,24581.24,24591.84,24567.17,24581.24,47062
2026-05-19 12:55:00,24581.24,24582.94,24560.27,24575.48,73004
2026-05-19 13:00:00,24575.48,24575.86,24534.42,24541.68,80034
2026-05-19 13:05:00,24541.68,24553.38,24536.94,24548.64,62383
2026-05-19 13:10:00,24548.64,24550.94,24492.4,24495.26,62002
2026-05-19 13:15:00,24495.26,24525.42,24475.17,24514.76,50896
2026-05-19 13:20:00,24514.76,24545.45,24507.72,24518.76,75467
2026-05-19 13:25:00,24518.76,24551.98,24513.02,24547.25,68154
2026-05-19 13:30:00,24547.25,24555.17,24544.33,24550.31,88556
2026-05-19 13:35:00,24550.31,24550.35,24518.12,24519.39,78464
2026-05-19 13:40:00,24519.39,24519.47,24453.89,24463.02,54687
2026-05-19 13:45:00,24463.02,24465.6,24434.96,24444.59,43986
2026-05-19 13:50:00,24444.59,24484.13,24442.84,24482.43,73308
2026-05-19 13:55:00,24482.43,24500.92,24466.3,24490.31,89752
2026-05-19 14:00:00,24490.31,24497.68,24470.86,24471.07,66997
2026-05-19 14:05:00,24471.07,24474.87,24455.75,24462.74,79682
2026-05-19 14:10:00,24462.74,24465.89,24427.44,24431.83,114405
2026-05-19 14:15:00,24431.83,24437.04,24373.94,24377.95,46090
2026-05-19 14:20:00,24377.95,24391.9,24328.57,24329.53,71849
2026-05-19 14:25:00,24329.53,24353.34,24324.43,24325.39,62366
2026-05-19 14:30:00,24325.39,24345.37,24304.73,24312.77,93421
2026-05-19 14:35:00,24312.77,24345.84,24310.69,24343.62,71941
2026-05-19 14:40:00,24343.62,24345.87,24277.41,24288.07,178034
2026-05-19 14:45:00,24288.07,24331.35,24287.14,24310.03,108329
2026-05-19 14:50:00,24310.03,24324.57,24293.74,24299.77,109691
2026-05-19 14:55:00,24299.77,24308.43,24266.05,24291.43,116629
2026-05-19 15:00:00,24291.43,24306.1,24246.37,24263.36,123085
2026-05-19 15:05:00,24263.36,24271.55,24245.02,24250.35,48851
2026-05-19 15:10:00,24250.35,24279.07,24226.89,24263.97,89001
2026-05-19 15:15:00,24263.97,24292.93,24258.07,24262.44,170855
2026-05-19 15:20:00,24262.44,24272.98,24233.81,24256.51,164152
2026-05-19 15:25:00,24256.51,24287.79,24221.58,24246.35,102938
2026-05-20 09:15:00,24255.84,24404.75,24246.73,24389.12,137863
2026-05-20 09:20:00,24389.12,24434.7,24379.85,24405.93,215004
2026-05-20 09:25:00,24405.93,24454.92,24377.25,24386.02,228159
2026-05-20 09:30:00,24386.02,24469.9,24377.45,24432.97,228942
2026-05-20 09:35:00,24432.97,24447.74,24372.35,24395.09,142302
2026-05-20 09:40:00,24395.09,24405.32,24329.33,24342.72,124280
2026-05-20 09:45:00,24342.72,24351.09,24320.13,24347.11,53522
2026-05-20 09:50:00,24347.11,24396.59,24324.46,24364.43,118103
2026-05-20 09:55:00,24364.43,24371.22,24305.08,24317.74,89522
2026-05-20 10:00:00,24317.74,24344.99,24309.88,24338.81,127073
2026-05-20 10:05:00,24338.81,24345.54,24305.27,24315.35,69758
2026-05-20 10:10:00,24315.35,24319.17,24259.44,24266.99,55149
2026-05-20 10:15:00,24266.99,24279.55,24249.99,24276.61,84222
2026-05-20 10:20:00,24276.61,24325.87,24263.85,24318.37,84249
2026-05-20 10:25:00,24318.37,24318.73,24297.7,24317.87,55648
2026-05-20 10:30:00,24317.87,24350.02,24312.13,24340.81,69078
2026-05-20 10:35:00,24340.81,24352.04,24323.63,24333.84,108610
2026-05-20 10:40:00,24333.84,24333.91,24308.51,24312.07,57933
2026-05-20 10:45:00,24312.07,24313.12,24294.41,24295.57,54591
2026-05-20 10:50:00,24295.57,24324.52,24279.4,24318.98,97327
2026-05-20 10:55:00,24318.98,24359.31,24313.9,24352.52,70853
2026-05-20 11:00:00,24352.52,24372.8,24347.59,24357.1,45346
2026-05-20 11:05:00,24357.1,24379.37,24357.07,24368.43,65162
2026-05-20 11:10:00,24368.43,24395.12,24354.18,24355.66,86570
2026-05-20 11:15:00,24355.66,24359.04,24331.9,24332.47,129069
2026-05-20 11:20:00,24332.47,24340.16,24297.05,24317.27,120453
2026-05-20 11:25:00,24317.27,24332.48,24288.65,24289.53,73322
2026-05-20 11:30:00,24289.53,24296.05,24270.08,24285.38,68465
2026-05-20 11:35:00,24285.38,24314.67,24282.87,24296.66,67281
2026-05-20 11:40:00,24296.66,24300.31,24263.76,24276.28,38211
2026-05-20 11:45:00,24276.28,24284.82,24265.98,24269.7,82096
2026-05-20 11:50:00,24269.7,24274.9,24223.53,24225.8,61490
2026-05-20 11:55:00,24225.8,24248.69,24219.14,24224.49,66574
2026-05-20 12:00:00,24224.49,24228.24,24206.62,24218.88,66211
2026-05-20 12:05:00,24218.88,24227.07,24175.41,24183.63,124758
2026-05-20 12:10:00,24183.63,24216.68,24180.08,24215.35,53311
2026-05-20 12:15:00,24215.35,24245.77,24190.89,24231.07,46768
2026-05-20 12:20:00,24231.07,24231.58,24201.75,24207.44,100903
2026-05-20 12:25:00,24207.44,24213.2,24207.38,24209.85,86815
2026-05-20 12:30:00,24209.85,24231.8,24185.16,24223.2,65132
2026-05-20 12:35:00,24223.2,24230.58,24179.14,24192.89,76265
2026-05-20 12:40:00,24192.89,24199.15,24150.19,24162.46,86012
2026-05-20 12:45:00,24162.46,24165.42,24096.86,24112.85,73736
2026-05-20 12:50:00,24112.85,24116.62,24092.78,24103.2,97499
2026-05-20 12:55:00,24103.2,24141.73,24101.65,24127.87,52065
2026-05-20 13:00:00,24127.87,24134.2,24109.3,24111.46,76610
2026-05-20 13:05:00,24111.46,24118.06,24089.66,24115.26,52407
2026-05-20 13:10:00,24115.26,24120.87,24069.73,24091.0,44841
2026-05-20 13:15:00,24091.0,24095.51,24067.11,24068.13,63030
2026-05-20 13:20:00,24068.13,24093.14,24067.87,24092.69,157960
2026-05-20 13:25:00,24092.69,24094.16,24005.84,24028.85,83488
2026-05-20 13:30:00,24028.85,24074.82,24027.87,24063.48,79833
2026-05-20 13:35:00,24063.48,24072.01,24033.06,24041.97,66601
2026-05-20 13:40:00,24041.97,24045.86,24028.12,24044.92,51892
2026-05-20 13:45:00,24044.92,24053.09,24016.97,24020.87,59377
2026-05-20 13:50:00,24020.87,24046.17,23999.64,24032.94,69381
2026-05-20 13:55:00,24032.94,24050.81,24006.02,24022.08,47165
2026-05-20 14:00:00,24022.08,24025.99,23997.09,24019.49,67112
2026-05-20 14:05:00,24019.49,24028.68,24017.61,24018.84,79472
2026-05-20 14:10:00,24018.84,24031.39,23999.89,24030.26,36398
2026-05-20 14:15:00,24030.26,24070.34,24027.16,24035.46,51298
2026-05-20 14:20:00,24035.46,24046.89,24007.54,24021.63,72131
2026-05-20 14:25:00,24021.63,24042.1,24004.22,24028.34,101396
2026-05-20 14:30:00,24028.34,24039.53,24022.24,24030.86,65525
2026-05-20 14:35:00,24030.86,24031.16,23981.52,23982.33,59022
2026-05-20 14:40:00,23982.33,24046.63,23981.01,24016.92,85227
2026-05-20 14:45:00,24016.92,24035.01,24000.4,24031.7,77381
2026-05-20 14:50:00,24031.7,24069.95,24025.69,24048.02,106229
2026-05-20 14:55:00,24048.02,24057.77,24010.11,24031.68,80822
2026-05-20 15:00:00,24031.68,24031.96,23993.93,24001.14,70308
2026-05-20 15:05:00,24001.14,24029.8,23995.92,24011.57,133113
2026-05-20 15:10:00,24011.57,24015.09,23957.33,23978.37,189949
2026-05-20 15:15:00,23978.37,23991.14,23939.53,23968.69,136670
2026-05-20 15:20:00,23968.69,23979.13,23923.45,23929.96,170597
2026-05-20 15:25:00,23929.96,23958.91,23869.47,23955.24,112239
2026-05-21 09:15:00,23894.09,23920.4,23849.47,23852.91,171419
2026-05-21 09:20:00,23852.91,23899.04,23832.23,23896.11,166255
2026-05-21 09:25:00,23896.11,23933.46,23893.59,23909.47,113259
2026-05-21 09:30:00,23909.47,23974.2,23901.03,23965.67,119759
2026-05-21 09:35:00,23965.67,23987.15,23918.41,23925.37,82076
2026-05-21 09:40:00,23925.37,23942.25,23900.29,23912.34,96902
2026-05-21 09:45:00,23912.34,23918.45,23877.23,23882.22,112557
2026-05-21 09:50:00,23882.22,23925.18,23870.21,23896.7,122123
2026-05-21 09:55:00,23896.7,23907.74,23888.74,23898.43,73200
2026-05-21 10:00:00,23898.43,23918.94,23876.95,23883.16,99332
2026-05-21 10:05:00,23883.16,23885.46,23829.31,23844.77,71361
2026-05-21 10:10:00,23844.77,23868.23,23818.54,23859.92,76442
2026-05-21 10:15:00,23859.92,23888.91,23858.9,23865.29,110534
2026-05-21 10:20:00,23865.29,23877.01,23838.24,23865.62,76175
2026-05-21 10:25:00,23865.62,23888.3,23851.99,23857.39,65909
2026-05-21 10:30:00,23857.39,23860.48,23843.73,23859.67,87063
2026-05-21 10:35:00,23859.67,23874.89,23853.22,23870.07,132172
2026-05-21 10:40:00,23870.07,23884.36,23851.33,23855.9,71630
2026-05-21 10:45:00,23855.9,23880.66,23845.13,23875.69,83123
2026-05-21 10:50:00,23875.69,23877.86,23819.48,23821.83,82347
2026-05-21 10:55:00,23821.83,23831.28,23785.36,23787.65,78381
2026-05-21 11:00:00,23787.65,23810.46,23773.7,23805.37,153272
2026-05-21 11:05:00,23805.37,23823.31,23784.34,23811.26,96449
2026-05-21 11:10:00,23811.26,23854.9,23808.56,23850.6,72692
2026-05-21 11:15:00,23850.6,23863.14,23838.08,23861.51,153811
2026-05-21 11:20:00,23861.51,23864.35,23811.43,23817.04,51082
2026-05-21 11:25:00,23817.04,23828.5,23812.04,23816.59,85442
2026-05-21 11:30:00,23816.59,23832.82,23808.55,23812.86,50934
2026-05-21 11:35:00,23812.86,23836.24,23806.57,23831.3,65600
2026-05-21 11:40:00,23831.3,23831.63,23815.49,23815.65,38208
2026-05-21 11:45:00,23815.65,23820.83,23767.97,23772.75,61490
2026-05-21 11:50:00,23772.75,23834.26,23769.54,23832.51,90843
2026-05-21 11:55:00,23832.51,23850.02,23825.62,23827.38,46350
2026-05-21 12:00:00,23827.38,23849.26,23819.13,23845.29,65422
2026-05-21 12:05:00,23845.29,23877.79,23841.53,23856.58,110752
2026-05-21 12:10:00,23856.58,23879.79,23843.26,23850.69,109230
2026-05-21 12:15:00,23850.69,23871.02,23828.61,23836.55,66786
2026-05-21 12:20:00,23836.55,23855.38,23835.64,23852.79,69264
2026-05-21 12:25:00,23852.79,23877.71,23851.68,23852.99,107176
2026-05-21 12:30:00,23852.99,23881.09,23851.88,23875.1,77982
2026-05-21 12:35:00,23875.1,23876.35,23836.81,23845.46,117698
2026-05-21 12:40:00,23845.46,23873.18,23836.11,23850.06,78492
2026-05-21 12:45:00,23850.06,23860.12,23836.06,23843.33,46448
2026-05-21 12:50:00,23843.33,23859.2,23820.89,23827.92,59903
2026-05-21 12:55:00,23827.92,23835.03,23805.15,23828.33,88769
2026-05-21 13:00:00,23828.33,23831.19,23803.2,23820.38,52922
2026-05-21 13:05:00,23820.38,23844.14,23809.86,23840.78,92402
2026-05-21 13:10:00,23840.78,23846.54,23799.21,23800.86,41000
2026-05-21 13:15:00,23800.86,23806.57,23767.95,23769.95,66362
2026-05-21 13:20:00,23769.95,23770.74,23746.97,23760.65,102397
2026-05-21 13:25:00,23760.65,23764.5,23741.55,23750.19,90957
2026-05-21 13:30:00,23750.19,23770.07,23739.79,23766.34,64068
2026-05-21 13:35:00,23766.34,23776.58,23739.93,23746.98,86727
2026-05-21 13:40:00,23746.98,23751.19,23725.79,23734.25,36141
2026-05-21 13:45:00,23734.25,23744.68,23725.28,23733.59,76617
2026-05-21 13:50:00,23733.59,23739.91,23715.03,23715.21,70945
2026-05-21 13:55:00,23715.21,23723.15,23660.75,23675.88,58821
2026-05-21 14:00:00,23675.88,23711.37,23674.08,23710.51,85764
2026-05-21 14:05:00,23710.51,23738.89,23699.79,23736.09,52318
2026-05-21 14:10:00,23736.09,23743.41,23696.85,23705.36,43507
2026-05-21 14:15:00,23705.36,23734.53,23697.66,23733.2,82647
2026-05-21 14:20:00,23733.2,23736.31,23708.61,23732.68,81075
2026-05-21 14:25:00,23732.68,23741.5,23706.91,23715.96,154913
2026-05-21 14:30:00,23715.96,23717.05,23688.76,23698.34,39317
2026-05-21 14:35:00,23698.34,23727.94,23694.76,23727.64,105643
2026-05-21 14:40:00,23727.64,23743.52,23711.33,23715.34,150003
2026-05-21 14:45:00,23715.34,23728.96,23703.29,23722.59,98031
2026-05-21 14:50:00,23722.59,23729.41,23678.74,23687.05,95119
2026-05-21 14:55:00,23687.05,23708.69,23664.39,23704.85,97867
2026-05-21 15:00:00,23704.85,23706.62,23679.76,23696.95,57265
2026-05-21 15:05:00,23696.95,23732.46,23696.73,23714.57,75663
2026-05-21 15:10:00,23714.57,23721.63,23688.67,23693.76,82870
2026-05-21 15:15:00,23693.76,23714.43,23674.72,23676.15,186454
2026-05-21 15:20:00,23676.15,23711.67,23669.48,23688.13,178114
2026-05-21 15:25:00,23688.13,23714.0,23687.23,23710.34,149971
2026-05-22 09:15:00,23668.16,23693.67,23509.77,23518.43,230677
2026-05-22 09:20:00,23518.43,23529.21,23469.53,23471.3,206013
2026-05-22 09:25:00,23471.3,23494.75,23415.0,23420.73,254871
2026-05-22 09:30:00,23420.73,23527.26,23418.94,23526.78,177226
2026-05-22 09:35:00,23526.78,23533.78,23500.09,23507.87,109115
2026-05-22 09:40:00,23507.87,23561.54,23496.99,23557.39,134083
2026-05-22 09:45:00,23557.39,23571.49,23555.59,23567.3,120082
2026-05-22 09:50:00,23567.3,23570.24,23540.58,23555.39,82586
2026-05-22 09:55:00,23555.39,23610.35,23551.6,23591.38,131703
2026-05-22 10:00:00,23591.38,23595.36,23573.09,23592.98,105291
2026-05-22 10:05:00,23592.98,23597.51,23550.92,23553.87,64427
2026-05-22 10:10:00,23553.87,23572.66,23549.49,23561.76,83254
2026-05-22 10:15:00,23561.76,23564.98,23536.81,23548.16,130860
2026-05-22 10:20:00,23548.16,23578.15,23539.8,23565.76,93649
2026-05-22 10:25:00,23565.76,23627.99,23563.07,23622.58,70230
2026-05-22 10:30:00,23622.58,23638.53,23615.83,23629.39,84087
2026-05-22 10:35:00,23629.39,23636.3,23604.57,23631.85,59274
2026-05-22 10:40:00,23631.85,23649.39,23619.96,23620.75,91334
2026-05-22 10:45:00,23620.75,23621.86,23604.51,23619.51,64016
2026-05-22 10:50:00,23619.51,23625.0,23580.0,23606.23,98269
2026-05-22 10:55:00,23606.23,23625.79,23604.71,23622.67,79308
2026-05-22 11:00:00,23622.67,23627.22,23607.64,23609.25,99645
2026-05-22 11:05:00,23609.25,23621.13,23599.7,23617.98,55404
2026-05-22 11:10:00,23617.98,23631.0,23594.3,23626.02,85373
2026-05-22 11:15:00,23626.02,23636.38,23618.9,23634.6,74792
2026-05-22 11:20:00,23634.6,23638.2,23626.24,23626.88,63040
2026-05-22 11:25:00,23626.88,23638.34,23608.94,23611.42,74960
2026-05-22 11:30:00,23611.42,23617.94,23599.43,23600.03,95960
2026-05-22 11:35:00,23600.03,23634.94,23596.59,23628.64,124258
2026-05-22 11:40:00,23628.64,23635.06,23623.83,23634.89,32067
2026-05-22 11:45:00,23634.89,23644.56,23612.28,23621.98,140771
2026-05-22 11:50:00,23621.98,23627.85,23613.08,23615.2,49924
2026-05-22 11:55:00,23615.2,23632.45,23600.74,23627.05,124456
2026-05-22 12:00:00,23627.05,23652.56,23626.6,23651.4,67196
2026-05-22 12:05:00,23651.4,23676.6,23643.94,23671.96,65279
2026-05-22 12:10:00,23671.96,23675.11,23658.18,23669.29,96727
2026-05-22 12:15:00,23669.29,23692.09,23664.22,23691.59,114471
2026-05-22 12:20:00,23691.59,23698.86,23671.48,23688.95,91750
2026-05-22 12:25:00,23688.95,23724.25,23675.89,23723.35,119640
2026-05-22 12:30:00,23723.35,23731.26,23695.62,23700.38,75411
2026-05-22 12:35:00,23700.38,23716.45,23698.09,23707.14,70771
2026-05-22 12:40:00,23707.14,23727.97,23699.59,23718.17,70634
2026-05-22 12:45:00,23718.17,23744.26,23702.07,23734.46,93058
2026-05-22 12:50:00,23734.46,23737.91,23700.82,23702.36,42642
2026-05-22 12:55:00,23702.36,23726.21,23691.97,23702.25,100272
2026-05-22 13:00:00,23702.25,23709.66,23659.62,23659.91,57765
2026-05-22 13:05:00,23659.91,23675.96,23640.99,23659.44,92233
2026-05-22 13:10:00,23659.44,23689.46,23654.87,23680.02,43083
2026-05-22 13:15:00,23680.02,23695.93,23664.64,23674.65,63836
2026-05-22 13:20:00,23674.65,23705.47,23673.85,23689.21,72178
2026-05-22 13:25:00,23689.21,23694.5,23639.85,23643.32,62771
2026-05-22 13:30:00,23643.32,23652.19,23630.99,23641.1,84185
2026-05-22 13:35:00,23641.1,23653.33,23627.71,23648.6,86402
2026-05-22 13:40:00,23648.6,23671.12,23631.64,23646.16,55282
2026-05-22 13:45:00,23646.16,23666.4,23640.8,23658.25,120357
2026-05-22 13:50:00,23658.25,23698.15,23657.73,23658.79,78433
2026-05-22 13:55:00,23658.79,23673.45,23622.17,23627.64,77209
2026-05-22 14:00:00,23627.64,23638.41,23615.58,23621.93,90000
2026-05-22 14:05:00,23621.93,23636.62,23598.64,23634.19,57854
2026-05-22 14:10:00,23634.19,23635.8,23597.19,23622.43,118823
2026-05-22 14:15:00,23622.43,23623.46,23559.23,23573.56,135607
2026-05-22 14:20:00,23573.56,23600.86,23562.04,23592.03,153826
2026-05-22 14:25:00,23592.03,23646.28,23588.96,23642.5,139973
2026-05-22 14:30:00,23642.5,23671.43,23639.2,23654.52,135638
2026-05-22 14:35:00,23654.52,23673.36,23633.64,23670.38,121608
2026-05-22 14:40:00,23670.38,23695.5,23640.31,23645.66,104248
2026-05-22 14:45:00,23645.66,23654.56,23635.96,23637.73,78235
2026-05-22 14:50:00,23637.73,23686.64,23634.52,23678.62,136535
2026-05-22 14:55:00,23678.62,23708.18,23647.86,23697.02,76876
2026-05-22 15:00:00,23697.02,23717.27,23683.01,23696.53,61214
2026-05-22 15:05:00,23696.53,23698.03,23664.0,23688.17,61653
2026-05-22 15:10:00,23688.17,23696.94,23624.98,23629.52,222375
2026-05-22 15:15:00,23629.52,23638.31,23595.36,23637.94,184364
2026-05-22 15:20:00,23637.94,23683.79,23627.97,23678.95,105863
2026-05-22 15:25:00,23678.95,23685.89,23654.09,23667.55,133139
2026-05-25 09:15:00,23664.71,23673.34,23590.8,23623.96,142335
2026-05-25 09:20:00,23623.96,23684.96,23609.38,23664.74,209836
2026-05-25 09:25:00,23664.74,23717.56,23636.75,23708.67,126731
2026-05-25 09:30:00,23708.67,23757.04,23699.74,23750.79,151576
2026-05-25 09:35:00,23750.79,23812.23,23750.23,23778.76,85255
2026-05-25 09:40:00,23778.76,23813.57,23758.7,23809.45,136739
2026-05-25 09:45:00,23809.45,23825.26,23797.28,23808.4,159791
2026-05-25 09:50:00,23808.4,23851.6,23806.53,23844.04,123339
2026-05-25 09:55:00,23844.04,23869.53,23833.09,23862.29,66684
2026-05-25 10:00:00,23862.29,23885.67,23849.0,23853.09,180066
2026-05-25 10:05:00,23853.09,23856.5,23837.97,23846.47,88112
2026-05-25 10:10:00,23846.47,23856.26,23827.78,23836.24,154395
2026-05-25 10:15:00,23836.24,23850.1,23797.94,23811.34,52915
2026-05-25 10:20:00,23811.34,23833.67,23810.41,23820.82,138351
2026-05-25 10:25:00,23820.82,23856.79,23814.17,23853.6,66982
2026-05-25 10:30:00,23853.6,23864.69,23809.78,23813.72,83649
2026-05-25 10:35:00,23813.72,23831.32,23813.28,23825.63,77447
2026-05-25 10:40:00,23825.63,23848.62,23816.72,23817.97,150093
2026-05-25 10:45:00,23817.97,23857.17,23805.22,23850.18,77635
2026-05-25 10:50:00,23850.18,23862.67,23833.38,23836.35,78356
2026-05-25 10:55:00,23836.35,23854.89,23815.32,23852.99,58041
2026-05-25 11:00:00,23852.99,23856.29,23838.13,23849.37,72525
2026-05-25 11:05:00,23849.37,23853.68,23836.04,23836.46,53034
2026-05-25 11:10:00,23836.46,23842.91,23820.44,23821.11,78127
2026-05-25 11:15:00,23821.11,23833.68,23803.79,23832.92,83737
2026-05-25 11:20:00,23832.92,23873.76,23827.9,23868.1,91644
2026-05-25 11:25:00,23868.1,23922.89,23859.66,23919.34,80634
2026-05-25 11:30:00,23919.34,23948.07,23909.71,23947.32,63091
2026-05-25 11:35:00,23947.32,23950.33,23933.07,23933.58,60672
2026-05-25 11:40:00,23933.58,23937.25,23921.73,23932.04,49612
2026-05-25 11:45:00,23932.04,23939.96,23919.05,23924.83,58617
2026-05-25 11:50:00,23924.83,23951.99,23919.16,23949.65,48947
2026-05-25 11:55:00,23949.65,23973.16,23932.55,23967.85,49560
2026-05-25 12:00:00,23967.85,23980.25,23963.48,23977.62,32536
2026-05-25 12:05:00,23977.62,23989.44,23963.68,23983.9,68941
2026-05-25 12:10:00,23983.9,23999.75,23977.07,23998.51,66252
2026-05-25 12:15:00,23998.51,24018.12,23988.45,24006.93,92462
2026-05-25 12:20:00,24006.93,24007.08,23983.98,23988.76,60215
2026-05-25 12:25:00,23988.76,24003.32,23977.38,23998.01,40388
2026-05-25 12:30:00,23998.01,24002.04,23982.47,23993.31,77103
2026-05-25 12:35:00,23993.31,24009.8,23985.8,24007.22,83846
2026-05-25 12:40:00,24007.22,24028.21,23995.45,23997.71,102625
2026-05-25 12:45:00,23997.71,24011.42,23983.8,24005.3,94503
2026-05-25 12:50:00,24005.3,24024.42,23999.53,24023.92,43224
2026-05-25 12:55:00,24023.92,24030.58,24013.93,24016.37,99192
2026-05-25 13:00:00,24016.37,24038.97,24008.89,24030.13,36274
2026-05-25 13:05:00,24030.13,24036.31,24009.34,24025.31,84690
2026-05-25 13:10:00,24025.31,24033.74,24011.96,24031.8,109898
2026-05-25 13:15:00,24031.8,24032.97,23996.59,24003.39,97368
2026-05-25 13:20:00,24003.39,24040.96,23991.25,24027.77,46646
2026-05-25 13:25:00,24027.77,24029.9,23998.08,24002.07,35144
2026-05-25 13:30:00,24002.07,24019.01,24000.27,24017.92,60180
2026-05-25 13:35:00,24017.92,24028.86,23994.32,24011.45,41546
2026-05-25 13:40:00,24011.45,24031.17,23995.93,23999.82,52053
2026-05-25 13:45:00,23999.82,24000.67,23957.58,23959.45,60735
2026-05-25 13:50:00,23959.45,23965.42,23928.98,23936.67,46122
2026-05-25 13:55:00,23936.67,23947.31,23930.43,23931.61,154647
2026-05-25 14:00:00,23931.61,23935.22,23909.23,23912.87,84440
2026-05-25 14:05:00,23912.87,23917.21,23882.63,23886.76,71631
2026-05-25 14:10:00,23886.76,23927.1,23884.34,23914.01,78139
2026-05-25 14:15:00,23914.01,23920.56,23896.66,23914.78,98658
2026-05-25 14:20:00,23914.78,23959.39,23913.8,23958.82,87204
2026-05-25 14:25:00,23958.82,23962.76,23938.87,23942.15,75731
2026-05-25 14:30:00,23942.15,23944.9,23915.83,23922.84,66308
2026-05-25 14:35:00,23922.84,23976.24,23922.26,23972.53,65172
2026-05-25 14:40:00,23972.53,23990.51,23960.25,23981.3,130500
2026-05-25 14:45:00,23981.3,24039.88,23975.73,24030.4,94664
2026-05-25 14:50:00,24030.4,24045.14,24010.33,24019.67,137759
2026-05-25 14:55:00,24019.67,24031.17,24004.61,24010.76,78153
2026-05-25 15:00:00,24010.76,24028.17,23964.32,23996.29,119142
2026-05-25 15:05:00,23996.29,24000.75,23957.91,23979.93,81925
2026-05-25 15:10:00,23979.93,24000.44,23951.89,23963.44,175172
2026-05-25 15:15:00,23963.44,23982.01,23897.53,23926.69,147881
2026-05-25 15:20:00,23926.69,23940.08,23868.89,23881.33,94344
2026-05-25 15:25:00,23881.33,23894.36,23861.25,23884.47,110001
2026-05-26 09:15:00,23779.11,23855.43,23776.57,23829.81,122084
2026-05-26 09:20:00,23829.81,23869.01,23803.45,23859.64,102561
2026-05-26 09:25:00,23859.64,23860.59,23768.71,23770.43,78792
2026-05-26 09:30:00,23770.43,23802.07,23766.75,23771.08,182770
2026-05-26 09:35:00,23771.08,23796.36,23764.63,23788.42,136350
2026-05-26 09:40:00,23788.42,23789.92,23749.5,23750.72,112473
2026-05-26 09:45:00,23750.72,23792.87,23746.7,23788.63,96573
2026-05-26 09:50:00,23788.63,23805.39,23751.58,23752.83,151141
2026-05-26 09:55:00,23752.83,23758.11,23737.85,23741.92,92655
2026-05-26 10:00:00,23741.92,23745.78,23678.54,23678.87,98405
2026-05-26 10:05:00,23678.87,23684.63,23642.83,23655.76,164670
2026-05-26 10:10:00,23655.76,23659.85,23637.34,23650.99,164277
2026-05-26 10:15:00,23650.99,23662.62,23609.12,23612.0,73928
2026-05-26 10:20:00,23612.0,23614.85,23590.35,23598.63,79473
2026-05-26 10:25:00,23598.63,23600.96,23564.86,23579.37,85359
2026-05-26 10:30:00,23579.37,23599.58,23563.88,23580.96,48092
2026-05-26 10:35:00,23580.96,23581.52,23526.41,23528.21,89123
2026-05-26 10:40:00,23528.21,23552.06,23512.04,23539.85,165531
2026-05-26 10:45:00,23539.85,23572.12,23537.78,23556.98,73443
2026-05-26 10:50:00,23556.98,23581.29,23538.74,23539.36,66424
2026-05-26 10:55:00,23539.36,23542.03,23508.46,23515.61,93367
2026-05-26 11:00:00,23515.61,23521.38,23497.24,23497.63,38559
2026-05-26 11:05:00,23497.63,23508.6,23467.27,23467.52,66347
2026-05-26 11:10:00,23467.52,23514.84,23463.29,23511.64,116167
2026-05-26 11:15:00,23511.64,23513.65,23487.57,23492.51,43127
2026-05-26 11:20:00,23492.51,23520.5,23485.99,23518.17,117342
2026-05-26 11:25:00,23518.17,23533.02,23505.85,23519.26,35786
2026-05-26 11:30:00,23519.26,23535.79,23512.49,23535.6,36818
2026-05-26 11:35:00,23535.6,23537.5,23501.55,23509.03,64196
2026-05-26 11:40:00,23509.03,23524.84,23493.8,23517.4,82622
2026-05-26 11:45:00,23517.4,23552.77,23513.71,23549.52,53927
2026-05-26 11:50:00,23549.52,23550.93,23538.89,23538.89,62662
2026-05-26 11:55:00,23538.89,23541.25,23519.71,23523.55,74596
2026-05-26 12:00:00,23523.55,23527.96,23481.95,23498.74,49326
2026-05-26 12:05:00,23498.74,23501.91,23443.76,23443.8,58837
2026-05-26 12:10:00,23443.8,23470.54,23440.35,23444.69,65127
2026-05-26 12:15:00,23444.69,23461.93,23434.27,23436.89,39770
2026-05-26 12:20:00,23436.89,23449.59,23415.51,23420.46,107597
2026-05-26 12:25:00,23420.46,23442.97,23418.34,23440.04,106791
2026-05-26 12:30:00,23440.04,23474.06,23437.83,23470.29,46265
2026-05-26 12:35:00,23470.29,23493.01,23464.73,23465.47,112947
2026-05-26 12:40:00,23465.47,23489.11,23447.45,23466.87,52802
2026-05-26 12:45:00,23466.87,23470.23,23445.01,23451.86,93033
2026-05-26 12:50:00,23451.86,23503.18,23450.71,23499.42,123875
2026-05-26 12:55:00,23499.42,23545.68,23496.64,23537.26,88048
2026-05-26 13:00:00,23537.26,23541.27,23512.65,23518.9,50166
2026-05-26 13:05:00,23518.9,23540.67,23506.62,23526.1,86516
2026-05-26 13:10:00,23526.1,23581.66,23525.49,23574.28,63319
2026-05-26 13:15:00,23574.28,23575.81,23547.26,23547.3,44487
2026-05-26 13:20:00,23547.3,23547.83,23510.04,23540.37,61498
2026-05-26 13:25:00,23540.37,23543.95,23502.66,23516.24,93846
2026-05-26 13:30:00,23516.24,23520.31,23514.87,23518.04,105406
2026-05-26 13:35:00,23518.04,23554.38,23508.91,23549.16,57789
2026-05-26 13:40:00,23549.16,23570.67,23545.4,23561.31,111979
2026-05-26 13:45:00,23561.31,23581.4,23546.31,23580.91,118530
2026-05-26 13:50:00,23580.91,23591.41,23573.88,23574.65,110019
2026-05-26 13:55:00,23574.65,23598.63,23561.24,23593.34,115625
2026-05-26 14:00:00,23593.34,23603.02,23570.36,23584.71,82463
2026-05-26 14:05:00,23584.71,23589.05,23545.57,23553.29,56605
2026-05-26 14:10:00,23553.29,23561.61,23546.11,23560.87,42943
2026-05-26 14:15:00,23560.87,23564.59,23503.01,23510.86,71781
2026-05-26 14:20:00,23510.86,23535.55,23507.21,23524.11,70807
2026-05-26 14:25:00,23524.11,23534.46,23513.37,23523.38,77291
2026-05-26 14:30:00,23523.38,23550.05,23516.36,23541.8,111542
2026-05-26 14:35:00,23541.8,23572.19,23533.48,23570.69,136049
2026-05-26 14:40:00,23570.69,23578.5,23528.01,23531.3,136466
2026-05-26 14:45:00,23531.3,23547.77,23521.63,23524.06,61243
2026-05-26 14:50:00,23524.06,23532.09,23502.33,23508.55,108833
2026-05-26 14:55:00,23508.55,23532.76,23496.0,23513.36,146407
2026-05-26 15:00:00,23513.36,23529.39,23502.79,23512.62,96810
2026-05-26 15:05:00,23512.62,23531.04,23468.5,23470.26,113982
2026-05-26 15:10:00,23470.26,23520.21,23470.25,23506.65,151469
2026-05-26 15:15:00,23506.65,23525.55,23456.29,23484.12,75603
2026-05-26 15:20:00,23484.12,23516.73,23459.54,23508.58,206055
2026-05-26 15:25:00,23508.58,23531.08,23477.51,23513.66,140592
2026-05-27 09:15:00,23615.61,23676.0,23600.41,23673.19,173694
2026-05-27 09:20:00,23673.19,23688.34,23647.29,23650.62,172661
2026-05-27 09:25:00,23650.62,23674.08,23630.12,23673.74,135570
2026-05-27 09:30:00,23673.74,23688.11,23670.2,23675.86,159113
2026-05-27 09:35:00,23675.86,23685.41,23571.84,23597.37,131086
2026-05-27 09:40:00,23597.37,23622.86,23584.73,23589.72,158845
2026-05-27 09:45:00,23589.72,23624.92,23576.53,23618.88,82575
2026-05-27 09:50:00,23618.88,23620.26,23587.51,23590.77,72982
2026-05-27 09:55:00,23590.77,23608.63,23569.98,23587.7,119821
2026-05-27 10:00:00,23587.7,23600.55,23573.21,23600.36,104468
2026-05-27 10:05:00,23600.36,23602.72,23588.08,23601.72,84550
2026-05-27 10:10:00,23601.72,23602.89,23564.98,23580.73,90115
2026-05-27 10:15:00,23580.73,23611.73,23565.04,23584.07,39814
2026-05-27 10:20:00,23584.07,23600.88,23578.24,23592.36,71707
2026-05-27 10:25:00,23592.36,23602.13,23567.93,23593.13,77470
2026-05-27 10:30:00,23593.13,23612.0,23591.83,23611.25,75381
2026-05-27 10:35:00,23611.25,23632.69,23609.24,23613.96,106730
2026-05-27 10:40:00,23613.96,23614.68,23588.39,23599.06,83849
2026-05-27 10:45:00,23599.06,23604.65,23582.7,23602.44,69876
2026-05-27 10:50:00,23602.44,23606.57,23577.47,23595.35,106036
2026-05-27 10:55:00,23595.35,23603.67,23576.85,23583.43,39565
2026-05-27 11:00:00,23583.43,23591.87,23561.11,23572.56,71420
2026-05-27 11:05:00,23572.56,23577.97,23562.32,23574.13,49623
2026-05-27 11:10:00,23574.13,23623.12,23567.05,23621.03,52230
2026-05-27 11:15:00,23621.03,23634.14,23614.38,23633.07,44554
2026-05-27 11:20:00,23633.07,23640.97,23609.21,23610.16,52219
2026-05-27 11:25:00,23610.16,23611.96,23586.23,23602.79,73606
2026-05-27 11:30:00,23602.79,23633.15,23602.55,23627.02,64868
2026-05-27 11:35:00,23627.02,23633.54,23617.16,23620.01,47789
2026-05-27 11:40:00,23620.01,23641.29,23618.94,23636.81,107236
2026-05-27 11:45:00,23636.81,23649.22,23627.49,23629.77,105326
2026-05-27 11:50:00,23629.77,23671.55,23625.42,23654.94,117084
2026-05-27 11:55:00,23654.94,23686.5,23649.49,23677.29,56127
2026-05-27 12:00:00,23677.29,23683.67,23662.64,23680.41,82524
2026-05-27 12:05:00,23680.41,23696.65,23667.33,23677.16,46122
2026-05-27 12:10:00,23677.16,23700.66,23673.3,23687.8,77959
2026-05-27 12:15:00,23687.8,23715.34,23680.45,23709.56,110471
2026-05-27 12:20:00,23709.56,23739.51,23690.89,23729.79,42693
2026-05-27 12:25:00,23729.79,23746.33,23721.42,23743.77,59019
2026-05-27 12:30:00,23743.77,23773.91,23735.13,23756.41,69953
2026-05-27 12:35:00,23756.41,23764.35,23733.7,23760.27,83675
2026-05-27 12:40:00,23760.27,23774.58,23755.72,23767.38,112138
2026-05-27 12:45:00,23767.38,23785.44,23764.17,23778.64,91219
2026-05-27 12:50:00,23778.64,23837.17,23773.27,23832.85,204966
2026-05-27 12:55:00,23832.85,23847.85,23831.33,23845.18,81333
2026-05-27 13:00:00,23845.18,23855.9,23836.18,23836.44,82110
2026-05-27 13:05:00,23836.44,23839.93,23804.72,23807.58,65115
2026-05-27 13:10:00,23807.58,23808.82,23781.4,23794.1,87133
2026-05-27 13:15:00,23794.1,23809.58,23781.32,23795.55,124480
2026-05-27 13:20:00,23795.55,23803.05,23786.51,23800.09,73282
2026-05-27 13:25:00,23800.09,23808.09,23793.05,23793.32,55408
2026-05-27 13:30:00,23793.32,23825.22,23787.89,23816.72,46338
2026-05-27 13:35:00,23816.72,23829.15,23815.32,23821.97,50056
2026-05-27 13:40:00,23821.97,23830.92,23794.99,23798.76,22755
2026-05-27 13:45:00,23798.76,23834.67,23795.39,23834.26,54243
2026-05-27 13:50:00,23834.26,23874.09,23832.52,23863.92,49516
2026-05-27 13:55:00,23863.92,23883.64,23856.42,23862.39,81431
2026-05-27 14:00:00,23862.39,23900.82,23857.48,23894.94,39715
2026-05-27 14:05:00,23894.94,23902.73,23872.84,23900.5,93480
2026-05-27 14:10:00,23900.5,23915.73,23879.71,23888.37,123205
2026-05-27 14:15:00,23888.37,23925.45,23877.92,23920.65,61866
2026-05-27 14:20:00,23920.65,23949.08,23911.92,23912.67,96059
2026-05-27 14:25:00,23912.67,23917.94,23908.24,23914.29,81967
2026-05-27 14:30:00,23914.29,23935.31,23914.11,23920.79,93713
2026-05-27 14:35:00,23920.79,23924.2,23903.59,23915.15,88390
2026-05-27 14:40:00,23915.15,23955.32,23914.61,23940.87,47118
2026-05-27 14:45:00,23940.87,23952.73,23925.69,23942.24,50086
2026-05-27 14:50:00,23942.24,23979.53,23938.11,23960.01,136130
2026-05-27 14:55:00,23960.01,23960.66,23941.56,23945.21,114269
2026-05-27 15:00:00,23945.21,23996.59,23939.77,23942.12,128933
2026-05-27 15:05:00,23942.12,23954.49,23904.45,23908.27,131295
2026-05-27 15:10:00,23908.27,23940.27,23899.57,23918.8,185893
2026-05-27 15:15:00,23918.8,23921.41,23864.28,23876.29,53685
2026-05-27 15:20:00,23876.29,23887.17,23830.73,23846.16,172956
2026-05-27 15:25:00,23846.16,23903.81,23834.8,23885.32,112866
2026-05-28 09:15:00,23878.43,23898.26,23868.05,23892.52,241304
2026-05-28 09:20:00,23892.52,23938.17,23852.53,23930.03,223944
2026-05-28 09:25:00,23930.03,23939.93,23900.05,23909.48,360484
2026-05-28 09:30:00,23909.48,23938.02,23863.9,23925.23,100754
2026-05-28 09:35:00,23925.23,23976.32,23920.61,23973.87,117497
2026-05-28 09:40:00,23973.87,23980.65,23953.27,23964.28,70934
2026-05-28 09:45:00,23964.28,23986.24,23947.94,23964.49,64601
2026-05-28 09:50:00,23964.49,23993.37,23957.09,23987.47,139840
2026-05-28 09:55:00,23987.47,24028.02,23973.38,24026.44,110555
2026-05-28 10:00:00,24026.44,24051.61,24017.26,24038.36,179300
2026-05-28 10:05:00,24038.36,24072.77,24031.21,24065.47,109615
2026-05-28 10:10:00,24065.47,24091.93,24064.56,24069.21,171646
2026-05-28 10:15:00,24069.21,24089.79,24067.95,24081.93,77101
2026-05-28 10:20:00,24081.93,24134.33,24078.63,24109.18,66365
2026-05-28 10:25:00,24109.18,24135.87,24089.99,24096.85,131896
2026-05-28 10:30:00,24096.85,24103.09,24063.1,24082.03,103584
2026-05-28 10:35:00,24082.03,24113.42,24079.95,24107.76,46930
2026-05-28 10:40:00,24107.76,24137.57,24105.16,24125.53,53094
2026-05-28 10:45:00,24125.53,24126.43,24091.51,24091.98,97544
2026-05-28 10:50:00,24091.98,24130.37,24070.84,24127.36,69450
2026-05-28 10:55:00,24127.36,24172.54,24121.46,24150.87,73709
2026-05-28 11:00:00,24150.87,24161.71,24149.09,24151.74,91185
2026-05-28 11:05:00,24151.74,24170.81,24136.09,24165.55,96100
2026-05-28 11:10:00,24165.55,24183.26,24161.05,24174.59,75449
2026-05-28 11:15:00,24174.59,24190.45,24171.18,24183.44,106262
2026-05-28 11:20:00,24183.44,24189.27,24148.98,24152.31,126740
2026-05-28 11:25:00,24152.31,24154.43,24116.37,24138.35,91109
2026-05-28 11:30:00,24138.35,24175.45,24136.74,24162.04,57282
2026-05-28 11:35:00,24162.04,24163.6,24146.21,24160.54,59159
2026-05-28 11:40:00,24160.54,24211.69,24149.67,24208.58,86819
2026-05-28 11:45:00,24208.58,24216.44,24176.2,24199.61,114136
2026-05-28 11:50:00,24199.61,24208.91,24184.28,24188.75,61918
2026-05-28 11:55:00,24188.75,24207.19,24178.05,24184.15,60693
2026-05-28 12:00:00,24184.15,24190.04,24169.65,24180.39,66260
2026-05-28 12:05:00,24180.39,24190.63,24171.28,24188.95,46842
2026-05-28 12:10:00,24188.95,24232.79,24188.79,24218.41,81733
2026-05-28 12:15:00,24218.41,24228.56,24216.61,24225.37,107494
2026-05-28 12:20:00,24225.37,24231.35,24213.43,24220.51,57703
2026-05-28 12:25:00,24220.51,24239.24,24215.6,24232.47,49078
2026-05-28 12:30:00,24232.47,24243.83,24218.9,24235.55,130767
2026-05-28 12:35:00,24235.55,24246.2,24225.51,24240.29,41161
2026-05-28 12:40:00,24240.29,24268.19,24239.7,24261.87,77764
2026-05-28 12:45:00,24261.87,24267.35,24214.06,24227.65,82316
2026-05-28 12:50:00,24227.65,24235.26,24193.4,24219.83,97223
2026-05-28 12:55:00,24219.83,24235.33,24205.49,24211.45,70124
2026-05-28 13:00:00,24211.45,24213.04,24195.82,24202.73,124206
2026-05-28 13:05:00,24202.73,24239.13,24196.67,24209.6,114747
2026-05-28 13:10:00,24209.6,24218.9,24200.32,24212.78,26197
2026-05-28 13:15:00,24212.78,24230.67,24187.87,24210.25,113449
2026-05-28 13:20:00,24210.25,24225.99,24205.34,24205.95,120272
2026-05-28 13:25:00,24205.95,24225.56,24204.1,24214.63,73164
2026-05-28 13:30:00,24214.63,24251.59,24205.38,24247.12,102082
2026-05-28 13:35:00,24247.12,24248.9,24211.2,24225.11,66357
2026-05-28 13:40:00,24225.11,24246.06,24212.32,24243.91,58657
2026-05-28 13:45:00,24243.91,24282.18,24235.54,24271.62,195352
2026-05-28 13:50:00,24271.62,24318.94,24261.22,24316.14,49902
2026-05-28 13:55:00,24316.14,24318.59,24280.66,24285.7,61867
2026-05-28 14:00:00,24285.7,24288.67,24278.35,24285.81,49349
2026-05-28 14:05:00,24285.81,24318.12,24271.68,24315.96,82978
2026-05-28 14:10:00,24315.96,24339.47,24304.55,24337.25,52020
2026-05-28 14:15:00,24337.25,24370.27,24317.04,24368.76,101358
2026-05-28 14:20:00,24368.76,24391.16,24352.8,24357.79,96479
2026-05-28 14:25:00,24357.79,24365.37,24331.12,24336.82,142129
2026-05-28 14:30:00,24336.82,24346.05,24316.14,24342.84,43922
2026-05-28 14:35:00,24342.84,24355.04,24302.96,24323.5,61284
2026-05-28 14:40:00,24323.5,24358.31,24317.99,24351.54,41375
2026-05-28 14:45:00,24351.54,24377.98,24332.47,24337.83,104757
2026-05-28 14:50:00,24337.83,24370.91,24313.56,24329.44,93368
2026-05-28 14:55:00,24329.44,24338.31,24315.99,24329.14,49388
2026-05-28 15:00:00,24329.14,24367.86,24316.68,24341.86,82708
2026-05-28 15:05:00,24341.86,24365.91,24323.12,24328.65,234226
2026-05-28 15:10:00,24328.65,24355.93,24324.53,24350.27,97547
2026-05-28 15:15:00,24350.27,24366.82,24317.2,24361.29,98037
2026-05-28 15:20:00,24361.29,24393.31,24345.12,24374.01,168547
2026-05-28 15:25:00,24374.01,24416.33,24361.34,24414.5,158800
2026-05-29 09:15:00,24437.59,24575.19,24425.26,24572.23,226871
2026-05-29 09:20:00,24572.23,24574.81,24528.08,24572.09,156293
2026-05-29 09:25:00,24572.09,24622.86,24564.93,24574.56,158746
2026-05-29 09:30:00,24574.56,24612.16,24570.01,24575.87,114508
2026-05-29 09:35:00,24575.87,24635.78,24568.52,24601.71,63053
2026-05-29 09:40:00,24601.71,24636.8,24595.57,24626.77,80107
2026-05-29 09:45:00,24626.77,24637.9,24605.25,24626.31,207268
2026-05-29 09:50:00,24626.31,24626.69,24597.84,24621.22,66986
2026-05-29 09:55:00,24621.22,24651.5,24615.15,24618.24,66400
2026-05-29 10:00:00,24618.24,24620.19,24587.32,24590.92,49995
2026-05-29 10:05:00,24590.92,24617.83,24588.45,24613.36,142877
2026-05-29 10:10:00,24613.36,24615.82,24558.61,24560.16,74345
2026-05-29 10:15:00,24560.16,24593.44,24555.69,24580.09,72299
2026-05-29 10:20:00,24580.09,24634.61,24575.73,24618.91,129320
2026-05-29 10:25:00,24618.91,24660.75,24608.18,24648.52,97898
2026-05-29 10:30:00,24648.52,24672.93,24627.26,24637.39,48635
2026-05-29 10:35:00,24637.39,24637.49,24609.94,24625.76,77717
2026-05-29 10:40:00,24625.76,24635.28,24622.99,24623.21,51536
2026-05-29 10:45:00,24623.21,24644.5,24597.86,24603.15,56984
2026-05-29 10:50:00,24603.15,24618.56,24573.01,24585.46,118495
2026-05-29 10:55:00,24585.46,24598.41,24576.58,24595.87,75057
2026-05-29 11:00:00,24595.87,24617.92,24579.94,24585.67,56188
2026-05-29 11:05:00,24585.67,24638.42,24578.95,24623.16,87543
2026-05-29 11:10:00,24623.16,24664.88,24611.45,24650.74,71724
2026-05-29 11:15:00,24650.74,24672.54,24644.47,24666.31,72261
2026-05-29 11:20:00,24666.31,24680.02,24652.63,24672.53,39841
2026-05-29 11:25:00,24672.53,24680.99,24638.61,24644.74,140337
2026-05-29 11:30:00,24644.74,24647.15,24628.47,24630.44,91041
2026-05-29 11:35:00,24630.44,24632.73,24595.85,24598.65,64366
2026-05-29 11:40:00,24598.65,24606.96,24573.56,24585.96,50932
2026-05-29 11:45:00,24585.96,24602.65,24585.94,24595.93,115896
2026-05-29 11:50:00,24595.93,24636.48,24595.51,24620.02,43166
2026-05-29 11:55:00,24620.02,24640.93,24618.66,24634.17,37023
2026-05-29 12:00:00,24634.17,24661.38,24617.8,24661.33,78299
2026-05-29 12:05:00,24661.33,24671.13,24646.1,24651.49,138540
2026-05-29 12:10:00,24651.49,24654.08,24616.93,24617.72,61535
2026-05-29 12:15:00,24617.72,24634.55,24609.72,24615.75,58062
2026-05-29 12:20:00,24615.75,24621.11,24609.89,24617.46,83437
2026-05-29 12:25:00,24617.46,24629.92,24605.44,24621.02,75714
2026-05-29 12:30:00,24621.02,24627.61,24586.54,24590.18,63433
2026-05-29 12:35:00,24590.18,24617.05,24583.53,24602.38,65841
2026-05-29 12:40:00,24602.38,24613.31,24582.74,24602.76,99613
2026-05-29 12:45:00,24602.76,24619.18,24579.3,24587.17,37123
2026-05-29 12:50:00,24587.17,24602.73,24583.33,24594.13,50732
2026-05-29 12:55:00,24594.13,24602.95,24564.28,24580.27,115583
2026-05-29 13:00:00,24580.27,24589.24,24522.54,24535.49,117580
2026-05-29 13:05:00,24535.49,24562.52,24526.73,24554.89,58346
2026-05-29 13:10:00,24554.89,24564.28,24529.45,24532.65,27936
2026-05-29 13:15:00,24532.65,24584.55,24526.53,24576.07,165090
2026-05-29 13:20:00,24576.07,24591.08,24569.13,24583.32,65774
2026-05-29 13:25:00,24583.32,24611.16,24577.12,24600.47,89929
2026-05-29 13:30:00,24600.47,24642.25,24599.55,24626.89,83323
2026-05-29 13:35:00,24626.89,24631.83,24587.5,24601.15,65675
2026-05-29 13:40:00,24601.15,24616.46,24569.63,24614.41,48719
2026-05-29 13:45:00,24614.41,24624.17,24583.62,24603.09,121989
2026-05-29 13:50:00,24603.09,24611.94,24565.95,24571.49,84119
2026-05-29 13:55:00,24571.49,24578.89,24560.04,24575.11,102584
2026-05-29 14:00:00,24575.11,24581.41,24543.53,24550.72,122283
2026-05-29 14:05:00,24550.72,24551.31,24518.04,24519.25,50359
2026-05-29 14:10:00,24519.25,24526.45,24510.0,24514.12,40396
2026-05-29 14:15:00,24514.12,24521.39,24489.82,24521.22,47399
2026-05-29 14:20:00,24521.22,24521.81,24458.25,24460.25,101616
2026-05-29 14:25:00,24460.25,24493.14,24453.51,24484.45,132049
2026-05-29 14:30:00,24484.45,24537.77,24476.62,24532.21,159458
2026-05-29 14:35:00,24532.21,24560.57,24521.85,24542.68,99735
2026-05-29 14:40:00,24542.68,24560.67,24523.84,24536.77,98444
2026-05-29 14:45:00,24536.77,24606.82,24521.7,24601.13,95948
2026-05-29 14:50:00,24601.13,24617.5,24594.92,24604.68,117038
2026-05-29 14:55:00,24604.68,24611.49,24577.38,24582.93,88380
2026-05-29 15:00:00,24582.93,24601.64,24541.3,24544.78,98292
2026-05-29 15:05:00,24544.78,24638.59,24536.46,24637.36,86682
2026-05-29 15:10:00,24637.36,24676.62,24605.01,24671.42,107855
2026-05-29 15:15:00,24671.42,24706.09,24671.34,24701.34,128757
2026-05-29 15:20:00,24701.34,24719.64,24638.28,24687.65,47634
2026-05-29 15:25:00,24687.65,24724.11,24648.36,24660.94,160470
2026-06-01 09:15:00,24764.21,24819.96,24686.31,24712.95,179991
2026-06-01 09:20:00,24712.95,24794.94,24708.55,24766.74,162205
2026-06-01 09:25:00,24766.74,24769.82,24717.75,24719.31,230505
2026-06-01 09:30:00,24719.31,24729.62,24704.81,24722.08,215195
2026-06-01 09:35:00,24722.08,24726.62,24678.63,24709.28,112644
2026-06-01 09:40:00,24709.28,24733.71,24686.0,24691.52,86485
2026-06-01 09:45:00,24691.52,24766.32,24690.8,24734.98,52418
2026-06-01 09:50:00,24734.98,24762.69,24722.96,24727.82,95768
2026-06-01 09:55:00,24727.82,24755.94,24725.04,24740.82,144151
2026-06-01 10:00:00,24740.82,24740.93,24705.11,24736.03,60602
2026-06-01 10:05:00,24736.03,24747.77,24705.63,24723.04,122025
2026-06-01 10:10:00,24723.04,24774.96,24719.98,24769.44,44660
2026-06-01 10:15:00,24769.44,24810.13,24756.82,24806.43,68076
2026-06-01 10:20:00,24806.43,24807.27,24737.45,24740.26,70798
2026-06-01 10:25:00,24740.26,24753.64,24721.95,24747.58,58400
2026-06-01 10:30:00,24747.58,24781.68,24740.42,24763.38,69130
2026-06-01 10:35:00,24763.38,24779.5,24745.8,24750.73,67373
2026-06-01 10:40:00,24750.73,24775.78,24748.97,24761.27,121699
2026-06-01 10:45:00,24761.27,24803.63,24746.66,24798.79,67326
2026-06-01 10:50:00,24798.79,24814.11,24797.55,24807.49,70828
2026-06-01 10:55:00,24807.49,24836.64,24797.88,24834.17,57430
2026-06-01 11:00:00,24834.17,24855.54,24833.7,24853.15,52277
2026-06-01 11:05:00,24853.15,24855.29,24834.48,24842.5,63996
2026-06-01 11:10:00,24842.5,24846.72,24805.66,24810.07,102238
2026-06-01 11:15:00,24810.07,24813.09,24786.62,24796.74,41485
2026-06-01 11:20:00,24796.74,24799.76,24771.19,24794.37,66051
2026-06-01 11:25:00,24794.37,24815.03,24788.54,24810.23,76179
2026-06-01 11:30:00,24810.23,24812.48,24773.41,24778.16,74476
2026-06-01 11:35:00,24778.16,24790.06,24768.28,24779.85,84975
2026-06-01 11:40:00,24779.85,24791.7,24770.77,24774.9,124974
2026-06-01 11:45:00,24774.9,24792.17,24765.19,24790.61,102327
2026-06-01 11:50:00,24790.61,24794.94,24728.34,24736.61,89055
2026-06-01 11:55:00,24736.61,24749.74,24735.66,24743.94,84181
2026-06-01 12:00:00,24743.94,24746.05,24718.78,24736.52,68209
2026-06-01 12:05:00,24736.52,24755.33,24732.99,24739.83,152582
2026-06-01 12:10:00,24739.83,24764.03,24737.39,24759.15,41682
2026-06-01 12:15:00,24759.15,24778.13,24757.6,24774.22,101126
2026-06-01 12:20:00,24774.22,24782.92,24748.61,24754.18,76972
2026-06-01 12:25:00,24754.18,24760.95,24686.62,24693.18,44179
2026-06-01 12:30:00,24693.18,24695.8,24680.06,24681.2,61088
2026-06-01 12:35:00,24681.2,24694.35,24670.66,24680.94,40286
2026-06-01 12:40:00,24680.94,24706.07,24674.99,24699.03,72407
2026-06-01 12:45:00,24699.03,24712.96,24691.18,24709.23,67356
2026-06-01 12:50:00,24709.23,24716.97,24705.57,24716.08,119877
2026-06-01 12:55:00,24716.08,24733.2,24706.67,24732.19,37386
2026-06-01 13:00:00,24732.19,24751.2,24721.71,24748.12,133705
2026-06-01 13:05:00,24748.12,24769.72,24747.19,24754.87,63086
2026-06-01 13:10:00,24754.87,24774.28,24741.68,24767.34,127616
2026-06-01 13:15:00,24767.34,24782.22,24744.61,24759.9,75540
2026-06-01 13:20:00,24759.9,24763.53,24737.34,24752.5,70690
2026-06-01 13:25:00,24752.5,24769.46,24745.42,24762.4,97099
2026-06-01 13:30:00,24762.4,24790.79,24761.79,24779.95,83009
2026-06-01 13:35:00,24779.95,24791.01,24776.31,24777.16,114607
2026-06-01 13:40:00,24777.16,24778.4,24752.98,24765.04,43537
2026-06-01 13:45:00,24765.04,24771.58,24746.34,24758.5,112860
2026-06-01 13:50:00,24758.5,24778.52,24754.41,24756.79,87878
2026-06-01 13:55:00,24756.79,24771.13,24720.09,24727.86,80215
2026-06-01 14:00:00,24727.86,24730.02,24706.9,24712.26,84437
2026-06-01 14:05:00,24712.26,24732.61,24700.24,24730.96,83088
2026-06-01 14:10:00,24730.96,24779.22,24719.23,24772.88,117928
2026-06-01 14:15:00,24772.88,24801.02,24765.87,24776.47,53171
2026-06-01 14:20:00,24776.47,24809.22,24764.85,24793.41,94805
2026-06-01 14:25:00,24793.41,24797.35,24773.99,24781.81,99001
2026-06-01 14:30:00,24781.81,24791.33,24767.1,24774.73,41109
2026-06-01 14:35:00,24774.73,24788.04,24749.95,24755.04,68931
2026-06-01 14:40:00,24755.04,24784.35,24717.72,24725.54,159282
2026-06-01 14:45:00,24725.54,24765.79,24720.13,24764.67,103553
2026-06-01 14:50:00,24764.67,24767.04,24713.13,24718.17,131474
2026-06-01 14:55:00,24718.17,24726.06,24704.11,24714.6,74526
2026-06-01 15:00:00,24714.6,24716.76,24682.37,24704.39,82550
2026-06-01 15:05:00,24704.39,24710.39,24648.48,24697.25,131269
2026-06-01 15:10:00,24697.25,24716.5,24664.64,24687.62,101794
2026-06-01 15:15:00,24687.62,24688.98,24624.03,24627.93,111938
2026-06-01 15:20:00,24627.93,24694.31,24618.02,24680.23,141395
2026-06-01 15:25:00,24680.23,24732.75,24656.61,24715.15,139955
2026-06-02 09:15:00,24674.22,24699.18,24643.9,24649.07,94307
2026-06-02 09:20:00,24649.07,24655.4,24573.12,24573.62,128485
2026-06-02 09:25:00,24573.62,24581.06,24502.42,24507.94,129876
2026-06-02 09:30:00,24507.94,24520.49,24456.0,24470.84,108588
2026-06-02 09:35:00,24470.84,24512.38,24411.98,24417.8,164918
2026-06-02 09:40:00,24417.8,24442.69,24379.5,24395.13,154126
2026-06-02 09:45:00,24395.13,24433.68,24388.07,24395.05,131991
2026-06-02 09:50:00,24395.05,24426.27,24386.88,24392.6,114966
2026-06-02 09:55:00,24392.6,24404.28,24356.65,24358.84,93841
2026-06-02 10:00:00,24358.84,24363.28,24277.71,24286.72,113737
2026-06-02 10:05:00,24286.72,24293.95,24269.29,24290.04,69940
2026-06-02 10:10:00,24290.04,24293.2,24255.65,24260.48,99911
2026-06-02 10:15:00,24260.48,24297.09,24257.16,24290.72,108323
2026-06-02 10:20:00,24290.72,24293.22,24254.62,24283.39,77180
2026-06-02 10:25:00,24283.39,24315.65,24271.18,24301.83,51419
2026-06-02 10:30:00,24301.83,24309.16,24282.43,24295.79,132019
2026-06-02 10:35:00,24295.79,24310.53,24255.12,24269.79,121962
2026-06-02 10:40:00,24269.79,24272.4,24252.74,24260.39,112424
2026-06-02 10:45:00,24260.39,24271.25,24244.1,24266.26,77784
2026-06-02 10:50:00,24266.26,24287.1,24259.77,24269.55,62732
2026-06-02 10:55:00,24269.55,24330.16,24262.79,24322.3,79985
2026-06-02 11:00:00,24322.3,24357.35,24306.18,24344.3,87381
2026-06-02 11:05:00,24344.3,24383.98,24342.99,24377.77,97524
2026-06-02 11:10:00,24377.77,24401.5,24374.48,24398.07,80665
2026-06-02 11:15:00,24398.07,24399.26,24358.64,24359.28,110200
2026-06-02 11:20:00,24359.28,24371.87,24351.46,24357.24,78490
2026-06-02 11:25:00,24357.24,24358.7,24335.46,24342.53,67155
2026-06-02 11:30:00,24342.53,24349.44,24318.89,24333.19,95475
2026-06-02 11:35:00,24333.19,24337.05,24307.78,24336.29,65423
2026-06-02 11:40:00,24336.29,24372.77,24334.45,24372.68,58328
2026-06-02 11:45:00,24372.68,24380.85,24322.85,24327.83,66292
2026-06-02 11:50:00,24327.83,24335.39,24313.05,24331.11,72140
2026-06-02 11:55:00,24331.11,24335.0,24283.64,24284.92,104203
2026-06-02 12:00:00,24284.92,24361.45,24281.89,24360.8,165039
2026-06-02 12:05:00,24360.8,24364.22,24338.37,24360.58,63692
2026-06-02 12:10:00,24360.58,24365.57,24336.24,24340.81,102893
2026-06-02 12:15:00,24340.81,24359.72,24337.34,24352.2,46093
2026-06-02 12:20:00,24352.2,24372.7,24343.61,24362.95,84372
2026-06-02 12:25:00,24362.95,24369.48,24332.07,24340.07,104330
2026-06-02 12:30:00,24340.07,24344.94,24307.27,24308.87,38258
2026-06-02 12:35:00,24308.87,24364.76,24305.3,24340.81,69402
2026-06-02 12:40:00,24340.81,24354.07,24329.3,24342.37,49733
2026-06-02 12:45:00,24342.37,24369.12,24340.79,24352.23,106292
2026-06-02 12:50:00,24352.23,24370.31,24346.59,24367.33,80899
2026-06-02 12:55:00,24367.33,24382.3,24358.88,24376.99,61697
2026-06-02 13:00:00,24376.99,24403.24,24369.1,24395.56,112716
2026-06-02 13:05:00,24395.56,24398.99,24370.93,24384.97,57156
2026-06-02 13:10:00,24384.97,24389.62,24337.05,24345.2,63585
2026-06-02 13:15:00,24345.2,24351.12,24337.2,24338.63,72219
2026-06-02 13:20:00,24338.63,24356.9,24329.46,24347.01,77055
2026-06-02 13:25:00,24347.01,24365.6,24330.93,24336.85,60936
2026-06-02 13:30:00,24336.85,24357.72,24336.69,24355.59,54151
2026-06-02 13:35:00,24355.59,24397.78,24354.04,24394.5,42441
2026-06-02 13:40:00,24394.5,24440.73,24371.15,24430.72,87405
2026-06-02 13:45:00,24430.72,24443.74,24423.9,24425.91,86340
2026-06-02 13:50:00,24425.91,24431.51,24409.18,24411.73,87513
2026-06-02 13:55:00,24411.73,24414.28,24385.93,24392.93,122274
2026-06-02 14:00:00,24392.93,24405.95,24374.26,24402.88,83193
2026-06-02 14:05:00,24402.88,24405.2,24385.08,24385.72,80355
2026-06-02 14:10:00,24385.72,24401.13,24357.34,24369.1,81682
2026-06-02 14:15:00,24369.1,24371.01,24320.65,24338.71,77241
2026-06-02 14:20:00,24338.71,24359.22,24331.12,24352.66,53482
2026-06-02 14:25:00,24352.66,24395.64,24343.92,24391.22,89060
2026-06-02 14:30:00,24391.22,24494.12,24384.24,24491.36,89468
2026-06-02 14:35:00,24491.36,24505.39,24482.25,24499.87,46007
2026-06-02 14:40:00,24499.87,24526.73,24493.05,24494.76,48469
2026-06-02 14:45:00,24494.76,24538.64,24480.51,24502.6,120924
2026-06-02 14:50:00,24502.6,24535.23,24485.63,24489.86,44815
2026-06-02 14:55:00,24489.86,24494.62,24446.54,24468.97,110633
2026-06-02 15:00:00,24468.97,24471.58,24404.7,24406.09,70028
2026-06-02 15:05:00,24406.09,24409.57,24390.86,24399.33,138617
2026-06-02 15:10:00,24399.33,24415.26,24364.61,24391.5,88806
2026-06-02 15:15:00,24391.5,24398.89,24372.55,24384.91,73970
2026-06-02 15:20:00,24384.91,24395.97,24341.45,24353.71,211404
2026-06-02 15:25:00,24353.71,24369.4,24263.63,24294.44,98733
2026-06-03 09:15:00,24295.29,24308.84,24274.96,24300.86,153143
2026-06-03 09:20:00,24300.86,24318.89,24283.21,24299.59,128632
2026-06-03 09:25:00,24299.59,24386.71,24288.34,24318.96,96646
2026-06-03 09:30:00,24318.96,24364.77,24287.14,24357.02,199152
2026-06-03 09:35:00,24357.02,24366.68,24306.92,24334.49,111788
2026-06-03 09:40:00,24334.49,24353.89,24320.14,24350.5,103581
2026-06-03 09:45:00,24350.5,24390.36,24302.37,24381.2,149078
2026-06-03 09:50:00,24381.2,24391.33,24297.18,24297.49,115646
2026-06-03 09:55:00,24297.49,24299.07,24258.0,24276.32,81970
2026-06-03 10:00:00,24276.32,24290.67,24254.1,24261.34,115670
2026-06-03 10:05:00,24261.34,24272.53,24236.36,24270.07,112861
2026-06-03 10:10:00,24270.07,24270.44,24223.71,24235.34,136656
2026-06-03 10:15:00,24235.34,24239.27,24176.6,24186.71,98136
2026-06-03 10:20:00,24186.71,24203.48,24158.68,24159.5,85974
2026-06-03 10:25:00,24159.5,24187.83,24148.47,24184.35,72825
2026-06-03 10:30:00,24184.35,24190.66,24168.97,24188.74,53850
2026-06-03 10:35:00,24188.74,24238.49,24187.29,24230.97,94303
2026-06-03 10:40:00,24230.97,24258.34,24223.04,24255.96,89292
2026-06-03 10:45:00,24255.96,24260.88,24246.08,24252.34,114359
2026-06-03 10:50:00,24252.34,24273.57,24251.43,24253.66,116607
2026-06-03 10:55:00,24253.66,24285.23,24241.06,24274.66,83202
2026-06-03 11:00:00,24274.66,24287.9,24237.13,24242.62,67367
2026-06-03 11:05:00,24242.62,24265.29,24213.0,24214.62,77421
2026-06-03 11:10:00,24214.62,24223.9,24143.47,24160.23,109948
2026-06-03 11:15:00,24160.23,24176.39,24151.16,24157.4,142624
2026-06-03 11:20:00,24157.4,24168.29,24130.65,24166.6,67682
2026-06-03 11:25:00,24166.6,24168.54,24120.91,24134.25,52948
2026-06-03 11:30:00,24134.25,24146.77,24114.74,24118.95,61864
2026-06-03 11:35:00,24118.95,24120.05,24091.26,24107.21,67090
2026-06-03 11:40:00,24107.21,24108.27,24070.08,24090.66,97137
2026-06-03 11:45:00,24090.66,24120.84,24077.02,24118.47,77818
2026-06-03 11:50:00,24118.47,24160.26,24115.26,24154.06,80581
2026-06-03 11:55:00,24154.06,24173.33,24146.78,24165.34,54838
2026-06-03 12:00:00,24165.34,24167.93,24144.31,24148.55,95338
2026-06-03 12:05:00,24148.55,24162.7,24129.51,24134.19,38297
2026-06-03 12:10:00,24134.19,24153.52,24115.33,24138.45,73288
2026-06-03 12:15:00,24138.45,24153.77,24116.49,24120.3,73944
2026-06-03 12:20:00,24120.3,24136.64,24103.89,24132.41,93119
2026-06-03 12:25:00,24132.41,24151.44,24106.99,24112.03,33760
2026-06-03 12:30:00,24112.03,24113.16,24042.04,24056.85,96519
2026-06-03 12:35:00,24056.85,24069.91,24036.37,24041.63,40973
2026-06-03 12:40:00,24041.63,24061.51,24041.29,24054.06,97084
2026-06-03 12:45:00,24054.06,24084.77,24033.05,24073.32,93245
2026-06-03 12:50:00,24073.32,24075.1,24026.24,24030.51,57785
2026-06-03 12:55:00,24030.51,24049.34,23997.94,24005.88,89838
2026-06-03 13:00:00,24005.88,24032.25,24004.02,24019.75,109826
2026-06-03 13:05:00,24019.75,24021.36,23977.69,23986.7,89255
2026-06-03 13:10:00,23986.7,23997.06,23965.35,23991.8,69432
2026-06-03 13:15:00,23991.8,24042.97,23989.11,24031.58,88386
2026-06-03 13:20:00,24031.58,24059.31,24013.18,24049.38,159974
2026-06-03 13:25:00,24049.38,24065.71,24019.41,24019.84,69593
2026-06-03 13:30:00,24019.84,24072.1,24018.31,24060.07,97457
2026-06-03 13:35:00,24060.07,24067.3,24019.69,24022.18,95809
2026-06-03 13:40:00,24022.18,24032.65,24000.76,24017.42,71886
2026-06-03 13:45:00,24017.42,24044.84,24002.64,24015.65,60864
2026-06-03 13:50:00,24015.65,24061.77,24013.42,24060.26,52163
2026-06-03 13:55:00,24060.26,24072.14,24025.05,24027.89,71910
2026-06-03 14:00:00,24027.89,24030.83,23984.22,24005.91,126822
2026-06-03 14:05:00,24005.91,24028.61,24002.37,24023.07,66125
2026-06-03 14:10:00,24023.07,24049.98,24021.83,24041.5,107994
2026-06-03 14:15:00,24041.5,24044.85,24010.06,24018.0,76955
2026-06-03 14:20:00,24018.0,24022.93,23998.74,24019.73,50180
2026-06-03 14:25:00,24019.73,24026.85,23990.21,24001.08,50982
2026-06-03 14:30:00,24001.08,24045.02,24001.05,24032.53,172310
2026-06-03 14:35:00,24032.53,24073.46,24023.11,24029.23,112973
2026-06-03 14:40:00,24029.23,24034.8,24006.16,24017.87,64099
2026-06-03 14:45:00,24017.87,24056.61,24010.89,24045.37,151269
2026-06-03 14:50:00,24045.37,24079.52,24039.56,24072.6,57082
2026-06-03 14:55:00,24072.6,24093.09,24033.61,24041.91,113487
2026-06-03 15:00:00,24041.91,24045.86,24009.88,24033.34,78143
2026-06-03 15:05:00,24033.34,24047.26,24004.29,24013.26,97063
2026-06-03 15:10:00,24013.26,24030.96,24003.09,24004.09,115182
2026-06-03 15:15:00,24004.09,24051.45,23996.12,24038.52,94183
2026-06-03 15:20:00,24038.52,24048.73,24016.86,24042.64,85940
2026-06-03 15:25:00,24042.64,24070.41,23976.16,23988.08,139799
2026-06-04 09:15:00,23942.29,23997.59,23918.71,23991.15,121753
2026-06-04 09:20:00,23991.15,23999.11,23945.17,23981.66,239540
2026-06-04 09:25:00,23981.66,23995.94,23857.33,23866.35,99470
2026-06-04 09:30:00,23866.35,23893.21,23803.42,23813.37,53064
2026-06-04 09:35:00,23813.37,23825.47,23749.94,23753.57,137064
2026-06-04 09:40:00,23753.57,23820.6,23746.07,23803.07,98067
2026-06-04 09:45:00,23803.07,23846.81,23793.79,23830.64,91178
2026-06-04 09:50:00,23830.64,23850.85,23786.61,23835.67,251560
2026-06-04 09:55:00,23835.67,23860.63,23828.23,23852.78,67291
2026-06-04 10:00:00,23852.78,23898.66,23850.53,23872.18,187468
2026-06-04 10:05:00,23872.18,23923.18,23859.79,23917.78,113071
2026-06-04 10:10:00,23917.78,23918.9,23872.88,23901.06,95475
2026-06-04 10:15:00,23901.06,23921.59,23899.49,23920.39,51025
2026-06-04 10:20:00,23920.39,23932.5,23908.49,23924.43,102460
2026-06-04 10:25:00,23924.43,23950.0,23910.11,23942.44,40255
2026-06-04 10:30:00,23942.44,23954.32,23923.19,23925.55,78094
2026-06-04 10:35:00,23925.55,23958.66,23919.83,23937.22,71720
2026-06-04 10:40:00,23937.22,23949.93,23918.7,23926.22,87462
2026-06-04 10:45:00,23926.22,23983.13,23914.45,23980.97,126816
2026-06-04 10:50:00,23980.97,23995.76,23970.18,23979.06,91730
2026-06-04 10:55:00,23979.06,23980.23,23936.02,23937.1,80494
2026-06-04 11:00:00,23937.1,23953.71,23918.86,23925.22,108345
2026-06-04 11:05:00,23925.22,23951.25,23922.5,23925.61,89396
2026-06-04 11:10:00,23925.61,23933.84,23908.28,23921.63,90245
2026-06-04 11:15:00,23921.63,23949.25,23920.96,23949.02,49953
2026-06-04 11:20:00,23949.02,23956.19,23907.88,23909.63,96357
2026-06-04 11:25:00,23909.63,23942.21,23905.44,23939.61,37891
2026-06-04 11:30:00,23939.61,23949.24,23921.49,23940.43,102450
2026-06-04 11:35:00,23940.43,23941.57,23900.43,23905.85,148595
2026-06-04 11:40:00,23905.85,23927.75,23902.44,23926.33,40949
2026-06-04 11:45:00,23926.33,23954.76,23892.17,23904.36,83702
2026-06-04 11:50:00,23904.36,23960.81,23903.85,23956.38,59164
2026-06-04 11:55:00,23956.38,23972.72,23937.55,23972.07,93724
2026-06-04 12:00:00,23972.07,23988.74,23953.1,23969.53,89807
2026-06-04 12:05:00,23969.53,23972.47,23944.8,23968.57,73168
2026-06-04 12:10:00,23968.57,24012.71,23955.16,24003.03,79012
2026-06-04 12:15:00,24003.03,24015.9,23988.17,24007.95,57278
2026-06-04 12:20:00,24007.95,24010.29,23963.58,23982.9,64871
2026-06-04 12:25:00,23982.9,24012.45,23978.93,24010.26,47807
2026-06-04 12:30:00,24010.26,24020.41,23963.95,23965.6,35782
2026-06-04 12:35:00,23965.6,23971.62,23931.21,23949.96,66524
2026-06-04 12:40:00,23949.96,23992.61,23947.69,23992.59,48563
2026-06-04 12:45:00,23992.59,23996.71,23979.75,23986.08,60908
2026-06-04 12:50:00,23986.08,24019.87,23985.31,23996.63,96837
2026-06-04 12:55:00,23996.63,24017.08,23987.21,24016.4,40976
2026-06-04 13:00:00,24016.4,24038.12,24009.08,24015.91,101291
2026-06-04 13:05:00,24015.91,24024.04,23968.42,23999.04,99545
2026-06-04 13:10:00,23999.04,24004.68,23985.02,23999.01,85029
2026-06-04 13:15:00,23999.01,24012.56,23990.75,24005.58,67745
2026-06-04 13:20:00,24005.58,24043.02,23995.14,24034.21,124120
2026-06-04 13:25:00,24034.21,24061.49,24027.09,24056.86,63060
2026-06-04 13:30:00,24056.86,24067.33,24020.2,24020.35,33827
2026-06-04 13:35:00,24020.35,24025.42,23979.86,23990.39,83245
2026-06-04 13:40:00,23990.39,24000.87,23983.65,23994.91,77550
2026-06-04 13:45:00,23994.91,24000.45,23968.74,23972.61,216176
2026-06-04 13:50:00,23972.61,23998.07,23965.91,23995.17,86060
2026-06-04 13:55:00,23995.17,24041.16,23981.31,24020.88,56464
2026-06-04 14:00:00,24020.88,24025.64,23973.53,23978.45,87282
2026-06-04 14:05:00,23978.45,23983.53,23953.57,23980.28,68386
2026-06-04 14:10:00,23980.28,24001.72,23972.74,23973.09,97882
2026-06-04 14:15:00,23973.09,24006.72,23969.55,24006.37,90345
2026-06-04 14:20:00,24006.37,24033.83,23998.17,24020.77,68696
2026-06-04 14:25:00,24020.77,24038.28,24007.89,24037.06,92846
2026-06-04 14:30:00,24037.06,24052.27,24006.07,24016.7,124968
2026-06-04 14:35:00,24016.7,24022.38,23936.85,23941.12,118739
2026-06-04 14:40:00,23941.12,23953.49,23896.13,23898.89,72752
2026-06-04 14:45:00,23898.89,23941.38,23890.49,23932.58,124115
2026-06-04 14:50:00,23932.58,23962.74,23930.59,23954.21,104982
2026-06-04 14:55:00,23954.21,23975.71,23933.94,23969.75,51764
2026-06-04 15:00:00,23969.75,24005.12,23948.21,23992.22,213878
2026-06-04 15:05:00,23992.22,24012.77,23976.99,23983.78,177002
2026-06-04 15:10:00,23983.78,23988.64,23973.15,23973.44,142527
2026-06-04 15:15:00,23973.44,24000.92,23955.89,23989.03,128039
2026-06-04 15:20:00,23989.03,24038.96,23984.81,24027.9,248007
2026-06-04 15:25:00,24027.9,24038.3,23979.56,23986.75,157902
2026-06-05 09:15:00,24046.87,24057.65,24001.68,24031.62,153690
2026-06-05 09:20:00,24031.62,24116.76,24021.24,24050.45,165585
2026-06-05 09:25:00,24050.45,24065.92,23999.91,24061.64,204270
2026-06-05 09:30:00,24061.64,24114.56,24057.07,24099.59,122867
2026-06-05 09:35:00,24099.59,24125.25,24088.06,24115.49,169493
2026-06-05 09:40:00,24115.49,24122.05,24063.57,24108.22,166266
2026-06-05 09:45:00,24108.22,24161.48,24091.64,24138.77,88058
2026-06-05 09:50:00,24138.77,24179.37,24088.82,24162.02,126434
2026-06-05 09:55:00,24162.02,24180.19,24094.24,24101.11,105147
2026-06-05 10:00:00,24101.11,24121.83,24088.26,24113.58,138547
2026-06-05 10:05:00,24113.58,24121.07,24090.66,24116.23,111244
2026-06-05 10:10:00,24116.23,24119.29,24092.23,24115.15,117987
2026-06-05 10:15:00,24115.15,24121.25,24088.11,24105.96,65552
2026-06-05 10:20:00,24105.96,24120.23,24089.76,24116.99,92335
2026-06-05 10:25:00,24116.99,24193.5,24107.25,24193.35,68635
2026-06-05 10:30:00,24193.35,24198.65,24175.35,24176.99,80350
2026-06-05 10:35:00,24176.99,24200.55,24175.88,24199.84,115284
2026-06-05 10:40:00,24199.84,24244.23,24199.45,24229.85,142888
2026-06-05 10:45:00,24229.85,24245.94,24214.16,24227.47,43297
2026-06-05 10:50:00,24227.47,24255.28,24226.14,24252.95,93973
2026-06-05 10:55:00,24252.95,24253.81,24204.84,24232.97,48065
2026-06-05 11:00:00,24232.97,24234.97,24190.42,24200.65,50955
2026-06-05 11:05:00,24200.65,24259.37,24195.08,24256.54,80995
2026-06-05 11:10:00,24256.54,24257.8,24217.32,24249.42,66586
2026-06-05 11:15:00,24249.42,24298.12,24247.83,24287.36,51083
2026-06-05 11:20:00,24287.36,24288.22,24243.36,24250.14,97176
2026-06-05 11:25:00,24250.14,24281.63,24242.02,24263.34,73227
2026-06-05 11:30:00,24263.34,24267.23,24225.47,24265.85,43805
2026-06-05 11:35:00,24265.85,24269.95,24217.08,24224.29,107009
2026-06-05 11:40:00,24224.29,24266.13,24223.05,24261.37,87626
2026-06-05 11:45:00,24261.37,24287.78,24249.24,24259.49,52868
2026-06-05 11:50:00,24259.49,24282.43,24255.13,24276.51,50470
2026-06-05 11:55:00,24276.51,24280.37,24203.49,24208.48,43280
2026-06-05 12:00:00,24208.48,24213.28,24142.41,24147.87,90131
2026-06-05 12:05:00,24147.87,24181.91,24145.27,24165.55,56708
2026-06-05 12:10:00,24165.55,24179.45,24158.31,24176.51,38907
2026-06-05 12:15:00,24176.51,24190.86,24162.81,24164.83,37681
2026-06-05 12:20:00,24164.83,24173.73,24145.4,24163.33,88689
2026-06-05 12:25:00,24163.33,24171.66,24135.34,24143.11,74604
2026-06-05 12:30:00,24143.11,24150.56,24083.81,24084.68,78298
2026-06-05 12:35:00,24084.68,24129.47,24080.26,24117.3,92384
2026-06-05 12:40:00,24117.3,24155.19,24109.74,24129.91,94381
2026-06-05 12:45:00,24129.91,24162.24,24116.2,24147.31,87057
2026-06-05 12:50:00,24147.31,24148.04,24128.69,24129.07,50541
2026-06-05 12:55:00,24129.07,24130.72,24099.27,24111.17,62628
2026-06-05 13:00:00,24111.17,24127.17,24085.83,24115.69,68980
2026-06-05 13:05:00,24115.69,24117.52,24095.96,24105.64,95763
2026-06-05 13:10:00,24105.64,24116.55,24093.57,24115.89,74749
2026-06-05 13:15:00,24115.89,24124.76,24093.63,24097.6,74389
2026-06-05 13:20:00,24097.6,24123.86,24084.71,24094.08,73079
2026-06-05 13:25:00,24094.08,24103.35,24062.54,24093.41,51440
2026-06-05 13:30:00,24093.41,24096.15,24060.23,24060.7,55020
2026-06-05 13:35:00,24060.7,24064.77,24047.53,24048.43,76434
2026-06-05 13:40:00,24048.43,24048.65,24003.21,24010.5,102839
2026-06-05 13:45:00,24010.5,24021.35,24008.06,24015.86,55965
2026-06-05 13:50:00,24015.86,24043.48,24006.95,24040.78,63837
2026-06-05 13:55:00,24040.78,24099.64,24039.79,24083.44,83512
2026-06-05 14:00:00,24083.44,24097.88,24059.09,24069.56,44927
2026-06-05 14:05:00,24069.56,24108.6,24068.29,24092.85,89149
2026-06-05 14:10:00,24092.85,24104.52,24085.03,24093.54,65295
2026-06-05 14:15:00,24093.54,24102.84,24080.36,24101.03,120326
2026-06-05 14:20:00,24101.03,24103.92,24079.04,24079.38,49213
2026-06-05 14:25:00,24079.38,24096.63,24068.32,24080.55,77251
2026-06-05 14:30:00,24080.55,24091.71,24067.73,24075.82,102090
2026-06-05 14:35:00,24075.82,24086.76,24047.56,24078.68,107149
2026-06-05 14:40:00,24078.68,24078.86,24041.1,24054.39,61304
2026-06-05 14:45:00,24054.39,24058.99,24009.51,24016.44,91565
2026-06-05 14:50:00,24016.44,24018.28,23976.24,23981.62,56233
2026-06-05 14:55:00,23981.62,23984.43,23936.07,23943.18,151467
2026-06-05 15:00:00,23943.18,23946.89,23894.38,23899.57,105515
2026-06-05 15:05:00,23899.57,23925.98,23868.81,23907.2,75189
2026-06-05 15:10:00,23907.2,23922.56,23885.46,23891.23,83543
2026-06-05 15:15:00,23891.23,23903.88,23863.55,23875.8,141350
2026-06-05 15:20:00,23875.8,23881.13,23797.87,23835.72,94475
2026-06-05 15:25:00,23835.72,23868.97,23773.87,23802.72,193518
2026-06-08 09:15:00,23906.4,24023.53,23894.54,23975.19,111821
2026-06-08 09:20:00,23975.19,24023.16,23966.74,24020.98,319192
2026-06-08 09:25:00,24020.98,24025.39,23959.98,23962.69,127672
2026-06-08 09:30:00,23962.69,23972.8,23885.86,23894.58,180965
2026-06-08 09:35:00,23894.58,23910.72,23855.08,23867.52,76015
2026-06-08 09:40:00,23867.52,23873.49,23843.67,23861.66,192545
2026-06-08 09:45:00,23861.66,23873.81,23831.97,23866.13,163907
2026-06-08 09:50:00,23866.13,23909.34,23853.5,23883.33,161595
2026-06-08 09:55:00,23883.33,23911.35,23868.21,23903.25,79581
2026-06-08 10:00:00,23903.25,23905.26,23875.63,23895.3,255911
2026-06-08 10:05:00,23895.3,23932.57,23882.19,23911.73,90581
2026-06-08 10:10:00,23911.73,23920.91,23887.2,23899.53,93621
2026-06-08 10:15:00,23899.53,23907.84,23864.79,23870.37,75210
2026-06-08 10:20:00,23870.37,23873.55,23859.56,23864.62,99738
2026-06-08 10:25:00,23864.62,23867.7,23837.34,23839.7,60377
2026-06-08 10:30:00,23839.7,23866.73,23836.06,23854.2,100388
2026-06-08 10:35:00,23854.2,23856.15,23834.22,23840.3,69257
2026-06-08 10:40:00,23840.3,23861.24,23820.13,23839.6,110027
2026-06-08 10:45:00,23839.6,23865.91,23836.42,23858.52,52522
2026-06-08 10:50:00,23858.52,23867.89,23829.54,23830.63,75971
2026-06-08 10:55:00,23830.63,23833.2,23772.94,23773.55,112035
2026-06-08 11:00:00,23773.55,23802.13,23756.58,23799.01,110400
2026-06-08 11:05:00,23799.01,23818.35,23777.11,23784.25,125397
2026-06-08 11:10:00,23784.25,23812.07,23778.18,23798.7,73548
2026-06-08 11:15:00,23798.7,23836.83,23795.63,23810.57,119584
2026-06-08 11:20:00,23810.57,23816.87,23779.9,23786.11,44777
2026-06-08 11:25:00,23786.11,23813.21,23774.37,23799.14,52420
2026-06-08 11:30:00,23799.14,23811.0,23785.0,23804.04,129556
2026-06-08 11:35:00,23804.04,23809.33,23767.92,23777.48,60108
2026-06-08 11:40:00,23777.48,23785.83,23749.87,23752.59,112168
2026-06-08 11:45:00,23752.59,23756.68,23729.48,23735.25,47141
2026-06-08 11:50:00,23735.25,23740.52,23696.67,23717.82,63300
2026-06-08 11:55:00,23717.82,23743.01,23706.59,23712.04,84956
2026-06-08 12:00:00,23712.04,23734.63,23697.71,23720.33,74150
2026-06-08 12:05:00,23720.33,23731.9,23692.69,23717.89,52419
2026-06-08 12:10:00,23717.89,23719.97,23674.42,23682.2,105336
2026-06-08 12:15:00,23682.2,23749.55,23671.02,23745.4,68336
2026-06-08 12:20:00,23745.4,23746.73,23702.25,23719.21,49556
2026-06-08 12:25:00,23719.21,23737.5,23705.34,23729.07,55937
2026-06-08 12:30:00,23729.07,23743.2,23703.99,23720.35,143601
2026-06-08 12:35:00,23720.35,23765.6,23718.05,23758.5,43782
2026-06-08 12:40:00,23758.5,23765.99,23740.46,23760.03,47742
2026-06-08 12:45:00,23760.03,23833.79,23753.34,23825.5,68521
2026-06-08 12:50:00,23825.5,23829.44,23800.22,23817.39,55685
2026-06-08 12:55:00,23817.39,23847.83,23814.61,23838.15,67453
2026-06-08 13:00:00,23838.15,23848.88,23824.72,23845.33,68437
2026-06-08 13:05:00,23845.33,23862.98,23843.06,23851.35,74559
2026-06-08 13:10:00,23851.35,23856.3,23818.58,23824.6,64852
2026-06-08 13:15:00,23824.6,23836.46,23810.62,23833.57,73009
2026-06-08 13:20:00,23833.57,23850.51,23817.48,23841.29,46157
2026-06-08 13:25:00,23841.29,23894.21,23833.61,23893.59,114006
2026-06-08 13:30:00,23893.59,23911.11,23888.84,23902.51,36596
2026-06-08 13:35:00,23902.51,23913.27,23870.75,23878.06,54233
2026-06-08 13:40:00,23878.06,23882.78,23853.22,23870.03,113159
2026-06-08 13:45:00,23870.03,23903.02,23853.79,23898.35,93723
2026-06-08 13:50:00,23898.35,23930.26,23898.28,23912.9,56588
2026-06-08 13:55:00,23912.9,23938.25,23904.88,23935.22,90973
2026-06-08 14:00:00,23935.22,23960.45,23930.77,23958.46,28376
2026-06-08 14:05:00,23958.46,23998.95,23949.76,23990.58,75411
2026-06-08 14:10:00,23990.58,24007.13,23969.96,23989.07,87448
2026-06-08 14:15:00,23989.07,24017.63,23982.63,24016.9,101066
2026-06-08 14:20:00,24016.9,24062.92,24008.84,24059.88,75036
2026-06-08 14:25:00,24059.88,24079.35,24059.52,24068.3,82581
2026-06-08 14:30:00,24068.3,24072.7,24059.22,24060.05,106209
2026-06-08 14:35:00,24060.05,24094.95,24053.5,24080.25,62698
2026-06-08 14:40:00,24080.25,24081.39,24038.82,24048.5,72620
2026-06-08 14:45:00,24048.5,24095.8,24034.6,24063.95,65668
2026-06-08 14:50:00,24063.95,24067.91,24033.23,24060.91,119269
2026-06-08 14:55:00,24060.91,24120.41,24057.55,24107.95,60700
2026-06-08 15:00:00,24107.95,24182.06,24098.76,24158.57,100595
2026-06-08 15:05:00,24158.57,24189.16,24152.57,24177.96,144058
2026-06-08 15:10:00,24177.96,24236.27,24160.09,24226.98,107811
2026-06-08 15:15:00,24226.98,24275.86,24222.9,24246.49,139240
2026-06-08 15:20:00,24246.49,24266.46,24200.35,24211.97,93787
2026-06-08 15:25:00,24211.97,24333.5,24206.63,24327.89,134497
2026-06-09 09:15:00,24206.53,24218.11,24078.23,24097.05,213383
2026-06-09 09:20:00,24097.05,24138.64,24079.84,24122.96,157085
2026-06-09 09:25:00,24122.96,24194.1,24102.14,24189.11,218965
2026-06-09 09:30:00,24189.11,24203.21,24142.33,24193.52,92126
2026-06-09 09:35:00,24193.52,24210.14,24158.34,24206.37,84223
2026-06-09 09:40:00,24206.37,24223.94,24176.02,24184.87,174948
2026-06-09 09:45:00,24184.87,24191.01,24128.43,24156.71,107215
2026-06-09 09:50:00,24156.71,24166.57,24134.94,24135.16,78206
2026-06-09 09:55:00,24135.16,24159.86,24117.61,24139.78,58329
2026-06-09 10:00:00,24139.78,24150.15,24127.26,24138.35,85935
2026-06-09 10:05:00,24138.35,24149.53,24107.15,24148.75,141743
2026-06-09 10:10:00,24148.75,24159.57,24128.98,24143.15,103839
2026-06-09 10:15:00,24143.15,24173.17,24138.05,24166.64,75257
2026-06-09 10:20:00,24166.64,24168.94,24120.1,24131.46,89113
2026-06-09 10:25:00,24131.46,24140.94,24115.45,24124.56,51999
2026-06-09 10:30:00,24124.56,24165.23,24121.03,24159.31,89178
2026-06-09 10:35:00,24159.31,24164.15,24103.32,24106.63,118090
2026-06-09 10:40:00,24106.63,24107.6,24076.1,24077.21,77630
2026-06-09 10:45:00,24077.21,24106.83,24064.65,24095.63,71280
2026-06-09 10:50:00,24095.63,24097.21,24080.56,24085.51,60810
2026-06-09 10:55:00,24085.51,24142.45,24080.1,24133.52,91958
2026-06-09 11:00:00,24133.52,24163.36,24125.86,24156.46,57585
2026-06-09 11:05:00,24156.46,24157.88,24143.4,24150.52,98646
2026-06-09 11:10:00,24150.52,24179.29,24146.8,24165.42,78020
2026-06-09 11:15:00,24165.42,24212.8,24164.7,24193.62,67882
2026-06-09 11:20:00,24193.62,24218.14,24188.91,24217.96,97449
2026-06-09 11:25:00,24217.96,24253.02,24209.38,24240.34,105515
2026-06-09 11:30:00,24240.34,24279.59,24218.85,24262.37,56713
2026-06-09 11:35:00,24262.37,24266.1,24249.87,24254.47,56341
2026-06-09 11:40:00,24254.47,24264.13,24249.64,24258.95,57621
2026-06-09 11:45:00,24258.95,24265.33,24235.38,24244.5,106933
2026-06-09 11:50:00,24244.5,24258.89,24235.35,24249.41,95277
2026-06-09 11:55:00,24249.41,24259.43,24208.73,24210.88,32880
2026-06-09 12:00:00,24210.88,24230.11,24189.07,24196.89,54138
2026-06-09 12:05:00,24196.89,24207.45,24174.4,24181.27,48832
2026-06-09 12:10:00,24181.27,24191.7,24155.55,24182.44,133327
2026-06-09 12:15:00,24182.44,24187.23,24151.08,24152.45,64315
2026-06-09 12:20:00,24152.45,24175.76,24151.02,24174.72,149654
2026-06-09 12:25:00,24174.72,24182.1,24130.42,24147.32,145301
2026-06-09 12:30:00,24147.32,24160.7,24133.95,24159.48,57333
2026-06-09 12:35:00,24159.48,24168.59,24144.96,24151.7,81857
2026-06-09 12:40:00,24151.7,24166.75,24122.72,24127.54,106370
2026-06-09 12:45:00,24127.54,24182.07,24123.32,24177.69,62405
2026-06-09 12:50:00,24177.69,24195.51,24161.89,24191.4,83921
2026-06-09 12:55:00,24191.4,24199.89,24145.47,24153.75,92227
2026-06-09 13:00:00,24153.75,24159.29,24138.9,24142.63,74294
2026-06-09 13:05:00,24142.63,24151.82,24101.42,24121.64,44459
2026-06-09 13:10:00,24121.64,24172.25,24114.5,24164.09,69711
2026-06-09 13:15:00,24164.09,24184.66,24161.52,24164.35,68992
2026-06-09 13:20:00,24164.35,24216.76,24158.77,24211.52,84012
2026-06-09 13:25:00,24211.52,24228.79,24201.81,24219.39,40275
2026-06-09 13:30:00,24219.39,24255.75,24203.04,24234.62,78164
2026-06-09 13:35:00,24234.62,24239.4,24201.33,24202.52,76376
2026-06-09 13:40:00,24202.52,24210.94,24191.51,24204.25,68918
2026-06-09 13:45:00,24204.25,24224.72,24202.45,24218.09,75455
2026-06-09 13:50:00,24218.09,24220.06,24201.98,24218.91,59753
2026-06-09 13:55:00,24218.91,24227.07,24205.91,24209.87,71473
2026-06-09 14:00:00,24209.87,24238.72,24204.83,24237.49,62186
2026-06-09 14:05:00,24237.49,24238.32,24178.77,24191.61,58166
2026-06-09 14:10:00,24191.61,24215.04,24168.29,24173.4,83448
2026-06-09 14:15:00,24173.4,24176.42,24121.71,24139.37,82668
2026-06-09 14:20:00,24139.37,24168.39,24120.36,24161.94,99748
2026-06-09 14:25:00,24161.94,24191.53,24160.59,24184.09,75810
2026-06-09 14:30:00,24184.09,24185.82,24147.69,24161.99,82052
2026-06-09 14:35:00,24161.99,24175.95,24117.97,24133.84,147438
2026-06-09 14:40:00,24133.84,24143.96,24090.9,24091.8,76678
2026-06-09 14:45:00,24091.8,24124.32,24090.36,24112.99,72400
2026-06-09 14:50:00,24112.99,24161.04,24103.09,24156.55,71044
2026-06-09 14:55:00,24156.55,24163.93,24135.67,24155.82,82363
2026-06-09 15:00:00,24155.82,24159.29,24113.55,24128.85,103218
2026-06-09 15:05:00,24128.85,24148.08,24104.18,24121.13,145376
2026-06-09 15:10:00,24121.13,24139.16,24113.01,24133.29,110531
2026-06-09 15:15:00,24133.29,24160.69,24087.25,24153.08,93958
2026-06-09 15:20:00,24153.08,24153.78,24074.82,24079.13,65439
2026-06-09 15:25:00,24079.13,24089.36,24029.29,24037.12,176944
2026-06-10 09:15:00,23999.61,24109.92,23992.12,24089.03,354156
2026-06-10 09:20:00,24089.03,24115.24,24082.89,24094.58,240096
2026-06-10 09:25:00,24094.58,24118.0,24044.8,24061.57,363945
2026-06-10 09:30:00,24061.57,24122.85,24043.23,24108.16,140777
2026-06-10 09:35:00,24108.16,24188.2,24098.64,24179.09,68832
2026-06-10 09:40:00,24179.09,24179.34,24111.7,24133.23,67173
2026-06-10 09:45:00,24133.23,24138.37,24088.24,24091.03,72937
2026-06-10 09:50:00,24091.03,24112.97,24080.52,24090.99,110261
2026-06-10 09:55:00,24090.99,24100.07,24018.24,24020.36,147951
2026-06-10 10:00:00,24020.36,24033.6,24010.44,24023.45,58336
2026-06-10 10:05:00,24023.45,24038.22,23989.75,23999.06,185491
2026-06-10 10:10:00,23999.06,24042.79,23988.44,24029.81,62113
2026-06-10 10:15:00,24029.81,24054.35,24026.17,24045.45,98915
2026-06-10 10:20:00,24045.45,24070.29,24041.42,24070.07,82033
2026-06-10 10:25:00,24070.07,24080.78,24066.0,24078.5,41752
2026-06-10 10:30:00,24078.5,24104.48,24069.78,24097.43,86326
2026-06-10 10:35:00,24097.43,24126.38,24090.15,24118.44,83349
2026-06-10 10:40:00,24118.44,24146.96,24108.24,24141.75,59171
2026-06-10 10:45:00,24141.75,24155.42,24119.53,24121.49,71045
2026-06-10 10:50:00,24121.49,24145.85,24115.73,24144.36,72964
2026-06-10 10:55:00,24144.36,24155.74,24122.6,24152.05,54903
2026-06-10 11:00:00,24152.05,24154.59,24119.02,24128.03,106042
2026-06-10 11:05:00,24128.03,24141.42,24117.13,24140.02,41441
2026-06-10 11:10:00,24140.02,24144.98,24081.46,24085.04,86911
2026-06-10 11:15:00,24085.04,24096.12,24052.99,24092.86,75444
2026-06-10 11:20:00,24092.86,24101.93,24040.56,24047.01,82836
2026-06-10 11:25:00,24047.01,24049.75,24015.26,24016.55,49876
2026-06-10 11:30:00,24016.55,24039.15,24003.7,24029.55,59124
2026-06-10 11:35:00,24029.55,24032.99,23990.66,24000.79,47718
2026-06-10 11:40:00,24000.79,24002.6,23976.0,23989.33,91109
2026-06-10 11:45:00,23989.33,24000.26,23973.6,23991.95,51403
2026-06-10 11:50:00,23991.95,23993.81,23935.8,23954.19,26828
2026-06-10 11:55:00,23954.19,23993.59,23951.67,23984.24,47913
2026-06-10 12:00:00,23984.24,23993.41,23959.94,23963.56,58220
2026-06-10 12:05:00,23963.56,23965.93,23943.64,23948.89,36380
2026-06-10 12:10:00,23948.89,23976.87,23935.04,23972.81,96553
2026-06-10 12:15:00,23972.81,24004.28,23961.77,23988.6,88703
2026-06-10 12:20:00,23988.6,24000.4,23979.35,23981.56,78701
2026-06-10 12:25:00,23981.56,24005.54,23974.79,23999.93,56168
2026-06-10 12:30:00,23999.93,24033.59,23992.22,23994.74,80675
2026-06-10 12:35:00,23994.74,24018.67,23980.32,24006.08,89942
2026-06-10 12:40:00,24006.08,24009.45,23992.84,23997.38,48752
2026-06-10 12:45:00,23997.38,24001.77,23983.39,23987.61,79770
2026-06-10 12:50:00,23987.61,23998.81,23978.88,23988.79,27538
2026-06-10 12:55:00,23988.79,23993.51,23958.46,23965.91,67599
2026-06-10 13:00:00,23965.91,23981.91,23953.08,23977.22,74248
2026-06-10 13:05:00,23977.22,23991.05,23952.4,23985.17,98082
2026-06-10 13:10:00,23985.17,23991.57,23948.74,23951.38,70736
2026-06-10 13:15:00,23951.38,24014.83,23941.91,24008.04,55386
2026-06-10 13:20:00,24008.04,24020.16,23983.14,24014.15,27707
2026-06-10 13:25:00,24014.15,24039.77,24012.03,24021.95,72056
2026-06-10 13:30:00,24021.95,24034.38,24016.19,24031.21,71697
2026-06-10 13:35:00,24031.21,24035.56,23998.68,24007.96,61365
2026-06-10 13:40:00,24007.96,24030.39,24007.52,24023.2,57178
2026-06-10 13:45:00,24023.2,24043.74,24020.5,24042.01,79672
2026-06-10 13:50:00,24042.01,24065.74,24032.69,24040.09,88512
2026-06-10 13:55:00,24040.09,24048.32,24002.28,24008.89,61216
2026-06-10 14:00:00,24008.89,24036.02,23990.38,24023.38,83817
2026-06-10 14:05:00,24023.38,24030.34,24001.51,24021.26,81139
2026-06-10 14:10:00,24021.26,24023.52,23971.4,23977.24,102365
2026-06-10 14:15:00,23977.24,23983.96,23940.1,23949.5,73832
2026-06-10 14:20:00,23949.5,23978.6,23944.39,23944.48,115984
2026-06-10 14:25:00,23944.48,23972.47,23935.42,23964.41,55597
2026-06-10 14:30:00,23964.41,23979.66,23953.64,23955.63,129270
2026-06-10 14:35:00,23955.63,23974.97,23944.73,23967.09,95409
2026-06-10 14:40:00,23967.09,23984.43,23962.49,23981.34,170029
2026-06-10 14:45:00,23981.34,24006.87,23946.61,23974.04,66264
2026-06-10 14:50:00,23974.04,23995.9,23955.22,23972.2,216575
2026-06-10 14:55:00,23972.2,23992.34,23955.72,23963.27,114019
2026-06-10 15:00:00,23963.27,23964.89,23909.98,23911.73,86873
2026-06-10 15:05:00,23911.73,23965.1,23904.92,23964.48,92344
2026-06-10 15:10:00,23964.48,23996.46,23942.95,23951.1,137091
2026-06-10 15:15:00,23951.1,23981.76,23939.53,23968.99,145572
2026-06-10 15:20:00,23968.99,23985.69,23946.77,23950.88,71184
2026-06-10 15:25:00,23950.88,23954.81,23896.34,23905.42,115993
2026-06-11 09:15:00,23931.22,24009.5,23916.09,23989.36,347410
2026-06-11 09:20:00,23989.36,24004.9,23933.4,23969.36,102441
2026-06-11 09:25:00,23969.36,23996.88,23951.22,23990.91,146122
2026-06-11 09:30:00,23990.91,24003.11,23936.58,23970.61,215797
2026-06-11 09:35:00,23970.61,24021.47,23962.59,24002.48,95886
2026-06-11 09:40:00,24002.48,24019.13,23965.3,24004.09,83367
2026-06-11 09:45:00,24004.09,24036.61,23978.0,24034.97,73195
2026-06-11 09:50:00,24034.97,24041.37,24008.25,24019.42,92590
2026-06-11 09:55:00,24019.42,24022.66,23975.55,24008.81,80839
2026-06-11 10:00:00,24008.81,24011.47,23992.23,24005.78,84084
2026-06-11 10:05:00,24005.78,24024.0,23986.1,23994.94,104216
2026-06-11 10:10:00,23994.94,24041.9,23993.52,24023.27,71282
2026-06-11 10:15:00,24023.27,24027.23,24011.81,24021.51,153049
2026-06-11 10:20:00,24021.51,24061.03,24016.53,24057.52,43335
2026-06-11 10:25:00,24057.52,24072.64,24040.69,24043.89,79459
2026-06-11 10:30:00,24043.89,24063.13,24043.62,24051.58,105705
2026-06-11 10:35:00,24051.58,24072.9,24050.11,24067.4,49539
2026-06-11 10:40:00,24067.4,24070.13,24031.29,24056.18,87312
2026-06-11 10:45:00,24056.18,24068.65,24033.61,24039.01,75716
2026-06-11 10:50:00,24039.01,24055.59,24033.33,24044.94,50186
2026-06-11 10:55:00,24044.94,24056.99,24019.18,24050.8,88176
2026-06-11 11:00:00,24050.8,24100.31,24048.45,24098.69,77134
2026-06-11 11:05:00,24098.69,24143.3,24087.66,24142.94,83626
2026-06-11 11:10:00,24142.94,24154.58,24137.87,24139.57,55133
2026-06-11 11:15:00,24139.57,24142.56,24105.85,24115.55,100865
2026-06-11 11:20:00,24115.55,24143.57,24112.69,24134.41,45169
2026-06-11 11:25:00,24134.41,24161.45,24130.85,24152.19,61160
2026-06-11 11:30:00,24152.19,24153.07,24100.29,24133.61,88958
2026-06-11 11:35:00,24133.61,24142.74,24117.03,24137.84,103362
2026-06-11 11:40:00,24137.84,24149.86,24108.19,24112.13,133554
2026-06-11 11:45:00,24112.13,24148.51,24106.42,24145.46,63279
2026-06-11 11:50:00,24145.46,24150.87,24119.37,24122.9,70620
2026-06-11 11:55:00,24122.9,24126.53,24064.56,24085.42,32030
2026-06-11 12:00:00,24085.42,24091.15,24061.42,24071.5,60339
2026-06-11 12:05:00,24071.5,24087.14,24066.7,24083.04,93308
2026-06-11 12:10:00,24083.04,24105.73,24082.02,24089.56,53114
2026-06-11 12:15:00,24089.56,24100.87,24079.57,24089.08,102479
2026-06-11 12:20:00,24089.08,24146.52,24086.41,24144.67,48963
2026-06-11 12:25:00,24144.67,24162.24,24141.7,24145.06,73977
2026-06-11 12:30:00,24145.06,24166.83,24142.76,24154.35,128779
2026-06-11 12:35:00,24154.35,24171.41,24151.73,24165.3,87137
2026-06-11 12:40:00,24165.3,24165.93,24152.56,24157.96,59728
2026-06-11 12:45:00,24157.96,24166.21,24139.49,24162.3,58784
2026-06-11 12:50:00,24162.3,24175.97,24150.93,24159.99,64928
2026-06-11 12:55:00,24159.99,24205.49,24159.65,24200.31,63565
2026-06-11 13:00:00,24200.31,24227.2,24190.98,24225.46,81043
2026-06-11 13:05:00,24225.46,24250.68,24222.44,24239.96,53377
2026-06-11 13:10:00,24239.96,24262.94,24235.7,24260.61,61084
2026-06-11 13:15:00,24260.61,24279.72,24259.62,24275.72,80546
2026-06-11 13:20:00,24275.72,24313.11,24265.11,24305.45,77869
2026-06-11 13:25:00,24305.45,24323.68,24303.88,24307.68,42904
2026-06-11 13:30:00,24307.68,24344.76,24304.49,24337.31,70565
2026-06-11 13:35:00,24337.31,24344.52,24311.82,24333.59,120530
2026-06-11 13:40:00,24333.59,24335.3,24316.83,24322.84,58605
2026-06-11 13:45:00,24322.84,24360.2,24317.1,24343.69,150426
2026-06-11 13:50:00,24343.69,24359.17,24342.23,24350.52,56039
2026-06-11 13:55:00,24350.52,24379.61,24350.07,24373.43,77265
2026-06-11 14:00:00,24373.43,24414.52,24366.92,24407.93,32743
2026-06-11 14:05:00,24407.93,24437.38,24397.13,24418.51,189204
2026-06-11 14:10:00,24418.51,24459.81,24414.29,24434.58,58518
2026-06-11 14:15:00,24434.58,24442.21,24415.79,24436.21,117368
2026-06-11 14:20:00,24436.21,24443.19,24411.42,24425.7,83514
2026-06-11 14:25:00,24425.7,24447.24,24393.11,24440.85,127195
2026-06-11 14:30:00,24440.85,24482.28,24425.83,24469.06,59760
2026-06-11 14:35:00,24469.06,24480.2,24449.96,24479.29,156325
2026-06-11 14:40:00,24479.29,24479.39,24448.2,24456.75,97687
2026-06-11 14:45:00,24456.75,24466.96,24420.17,24431.43,131919
2026-06-11 14:50:00,24431.43,24473.86,24429.48,24472.22,58742
2026-06-11 14:55:00,24472.22,24478.53,24453.78,24467.39,97713
2026-06-11 15:00:00,24467.39,24473.81,24417.72,24435.0,112484
2026-06-11 15:05:00,24435.0,24456.39,24391.8,24400.69,137532
2026-06-11 15:10:00,24400.69,24424.33,24343.55,24356.96,117491
2026-06-11 15:15:00,24356.96,24366.43,24327.34,24331.84,125478
2026-06-11 15:20:00,24331.84,24344.32,24263.0,24270.23,132532
2026-06-11 15:25:00,24270.23,24335.51,24264.18,24317.28,94201
2026-06-12 09:15:00,24481.71,24502.19,24454.13,24493.82,94215
2026-06-12 09:20:00,24493.82,24527.44,24464.76,24496.78,425554
2026-06-12 09:25:00,24496.78,24523.5,24470.14,24473.38,235605
2026-06-12 09:30:00,24473.38,24538.54,24469.17,24528.33,157441
2026-06-12 09:35:00,24528.33,24572.44,24513.63,24547.7,144952
2026-06-12 09:40:00,24547.7,24565.29,24529.55,24556.05,70506
2026-06-12 09:45:00,24556.05,24560.12,24513.23,24523.19,117437
2026-06-12 09:50:00,24523.19,24551.75,24480.11,24549.05,167583
2026-06-12 09:55:00,24549.05,24586.97,24544.92,24574.14,62387
2026-06-12 10:00:00,24574.14,24586.48,24557.84,24568.45,151137
2026-06-12 10:05:00,24568.45,24573.09,24541.22,24560.77,76283
2026-06-12 10:10:00,24560.77,24563.0,24536.36,24538.98,128943
2026-06-12 10:15:00,24538.98,24562.08,24514.73,24561.65,94343
2026-06-12 10:20:00,24561.65,24590.67,24549.99,24579.65,86741
2026-06-12 10:25:00,24579.65,24583.01,24538.76,24543.35,47185
2026-06-12 10:30:00,24543.35,24543.64,24502.66,24506.69,53386
2026-06-12 10:35:00,24506.69,24514.87,24492.99,24512.69,67848
2026-06-12 10:40:00,24512.69,24536.16,24512.65,24533.7,73921
2026-06-12 10:45:00,24533.7,24549.98,24518.29,24518.91,70129
2026-06-12 10:50:00,24518.91,24566.8,24514.27,24566.21,100871
2026-06-12 10:55:00,24566.21,24581.9,24547.99,24575.86,76261
2026-06-12 11:00:00,24575.86,24600.01,24563.89,24577.8,58395
2026-06-12 11:05:00,24577.8,24595.61,24572.69,24577.29,56038
2026-06-12 11:10:00,24577.29,24591.9,24575.82,24586.93,67804
2026-06-12 11:15:00,24586.93,24602.4,24584.02,24587.39,73366
2026-06-12 11:20:00,24587.39,24613.28,24571.44,24604.44,100303
2026-06-12 11:25:00,24604.44,24612.2,24598.18,24606.79,92008
2026-06-12 11:30:00,24606.79,24612.35,24579.45,24594.67,87889
2026-06-12 11:35:00,24594.67,24595.48,24520.47,24534.56,209374
2026-06-12 11:40:00,24534.56,24558.17,24527.63,24548.33,69278
2026-06-12 11:45:00,24548.33,24568.08,24547.08,24567.63,63318
2026-06-12 11:50:00,24567.63,24587.14,24561.07,24583.86,65621
2026-06-12 11:55:00,24583.86,24607.63,24583.41,24598.16,91543
2026-06-12 12:00:00,24598.16,24603.97,24564.64,24580.19,123758
2026-06-12 12:05:00,24580.19,24600.25,24569.63,24590.37,82008
2026-06-12 12:10:00,24590.37,24616.05,24584.93,24609.78,84526
2026-06-12 12:15:00,24609.78,24642.39,24604.87,24635.04,69239
2026-06-12 12:20:00,24635.04,24672.25,24634.31,24664.52,67874
2026-06-12 12:25:00,24664.52,24675.15,24658.44,24665.24,53796
2026-06-12 12:30:00,24665.24,24675.98,24643.49,24644.28,210973
2026-06-12 12:35:00,24644.28,24652.16,24633.98,24643.47,111966
2026-06-12 12:40:00,24643.47,24646.68,24617.29,24620.19,49876
2026-06-12 12:45:00,24620.19,24629.16,24604.97,24606.99,85243
2026-06-12 12:50:00,24606.99,24621.15,24600.45,24615.45,88824
2026-06-12 12:55:00,24615.45,24641.87,24612.12,24638.61,131861
2026-06-12 13:00:00,24638.61,24667.42,24634.93,24666.87,92392
2026-06-12 13:05:00,24666.87,24707.91,24655.25,24696.35,81932
2026-06-12 13:10:00,24696.35,24709.45,24666.67,24701.06,100039
2026-06-12 13:15:00,24701.06,24715.48,24680.51,24689.14,46880
2026-06-12 13:20:00,24689.14,24704.55,24676.31,24676.69,71482
2026-06-12 13:25:00,24676.69,24677.7,24662.94,24665.58,74403
2026-06-12 13:30:00,24665.58,24707.21,24663.81,24688.72,95115
2026-06-12 13:35:00,24688.72,24692.77,24663.27,24683.16,63553
2026-06-12 13:40:00,24683.16,24688.52,24643.5,24645.85,121196
2026-06-12 13:45:00,24645.85,24648.52,24619.98,24630.89,97226
2026-06-12 13:50:00,24630.89,24650.58,24621.23,24622.25,79620
2026-06-12 13:55:00,24622.25,24635.89,24616.64,24629.7,80034
2026-06-12 14:00:00,24629.7,24632.3,24584.68,24599.09,68967
2026-06-12 14:05:00,24599.09,24599.96,24576.18,24588.84,102496
2026-06-12 14:10:00,24588.84,24602.53,24582.73,24595.16,62344
2026-06-12 14:15:00,24595.16,24609.39,24576.43,24577.94,68589
2026-06-12 14:20:00,24577.94,24601.08,24570.11,24583.32,79874
2026-06-12 14:25:00,24583.32,24590.48,24573.19,24575.24,250683
2026-06-12 14:30:00,24575.24,24592.79,24551.8,24578.1,50771
2026-06-12 14:35:00,24578.1,24586.95,24536.37,24551.45,80705
2026-06-12 14:40:00,24551.45,24575.92,24533.99,24564.31,86274
2026-06-12 14:45:00,24564.31,24568.33,24540.67,24553.34,74650
2026-06-12 14:50:00,24553.34,24558.46,24530.27,24538.73,96659
2026-06-12 14:55:00,24538.73,24540.0,24500.83,24512.56,116174
2026-06-12 15:00:00,24512.56,24539.33,24477.33,24484.74,77052
2026-06-12 15:05:00,24484.74,24501.9,24482.37,24497.95,116827
2026-06-12 15:10:00,24497.95,24499.71,24466.44,24475.85,146772
2026-06-12 15:15:00,24475.85,24542.58,24469.04,24536.29,166889
2026-06-12 15:20:00,24536.29,24588.24,24508.31,24576.62,194278
2026-06-12 15:25:00,24576.62,24590.66,24485.87,24507.8,95678
2026-06-15 09:15:00,24494.66,24511.73,24404.56,24424.85,283120
2026-06-15 09:20:00,24424.85,24455.79,24410.58,24410.7,133751
2026-06-15 09:25:00,24410.7,24500.07,24410.53,24464.03,130636
2026-06-15 09:30:00,24464.03,24476.77,24394.17,24405.78,169463
2026-06-15 09:35:00,24405.78,24474.31,24404.46,24458.2,146613
2026-06-15 09:40:00,24458.2,24462.01,24426.9,24431.18,64183
2026-06-15 09:45:00,24431.18,24480.9,24428.99,24457.71,83072
2026-06-15 09:50:00,24457.71,24495.84,24425.73,24435.74,123636
2026-06-15 09:55:00,24435.74,24442.51,24376.52,24383.93,85415
2026-06-15 10:00:00,24383.93,24387.55,24340.39,24359.69,70462
2026-06-15 10:05:00,24359.69,24371.29,24334.99,24336.75,49940
2026-06-15 10:10:00,24336.75,24365.81,24329.79,24354.61,69322
2026-06-15 10:15:00,24354.61,24372.43,24345.45,24345.47,68232
2026-06-15 10:20:00,24345.47,24396.68,24332.11,24392.12,65085
2026-06-15 10:25:00,24392.12,24431.73,24374.78,24430.05,111386
2026-06-15 10:30:00,24430.05,24438.51,24421.36,24437.49,99263
2026-06-15 10:35:00,24437.49,24473.04,24420.21,24424.42,81110
2026-06-15 10:40:00,24424.42,24435.39,24412.77,24423.35,81639
2026-06-15 10:45:00,24423.35,24448.02,24415.27,24440.25,74558
2026-06-15 10:50:00,24440.25,24456.66,24436.9,24444.97,70898
2026-06-15 10:55:00,24444.97,24461.44,24443.7,24450.9,71205
2026-06-15 11:00:00,24450.9,24463.55,24433.08,24454.53,65730
2026-06-15 11:05:00,24454.53,24466.77,24437.27,24459.11,56108
2026-06-15 11:10:00,24459.11,24471.73,24450.03,24451.75,64801
2026-06-15 11:15:00,24451.75,24456.31,24429.28,24435.38,88810
2026-06-15 11:20:00,24435.38,24453.3,24432.36,24440.05,152115
2026-06-15 11:25:00,24440.05,24453.32,24423.67,24428.02,66141
2026-06-15 11:30:00,24428.02,24441.41,24412.16,24426.68,71845
2026-06-15 11:35:00,24426.68,24427.36,24387.61,24403.36,52314
2026-06-15 11:40:00,24403.36,24440.63,24400.15,24405.43,44691
2026-06-15 11:45:00,24405.43,24413.56,24386.53,24386.61,38056
2026-06-15 11:50:00,24386.61,24408.36,24384.27,24406.78,57586
2026-06-15 11:55:00,24406.78,24435.03,24406.03,24429.51,99269
2026-06-15 12:00:00,24429.51,24432.38,24380.02,24384.33,91017
2026-06-15 12:05:00,24384.33,24386.1,24355.13,24362.01,109419
2026-06-15 12:10:00,24362.01,24363.94,24338.24,24341.43,72871
2026-06-15 12:15:00,24341.43,24357.71,24332.07,24351.04,39824
2026-06-15 12:20:00,24351.04,24392.7,24349.68,24390.58,87738
2026-06-15 12:25:00,24390.58,24414.81,24383.56,24403.2,65781
2026-06-15 12:30:00,24403.2,24414.87,24398.93,24411.8,64692
2026-06-15 12:35:00,24411.8,24417.61,24374.9,24391.76,74354
2026-06-15 12:40:00,24391.76,24411.06,24388.18,24402.04,50181
2026-06-15 12:45:00,24402.04,24441.83,24401.31,24423.13,96189
2026-06-15 12:50:00,24423.13,24495.53,24415.23,24491.38,55944
2026-06-15 12:55:00,24491.38,24509.04,24487.02,24488.85,114452
2026-06-15 13:00:00,24488.85,24522.45,24488.7,24510.98,60208
2026-06-15 13:05:00,24510.98,24532.88,24503.97,24528.77,44479
2026-06-15 13:10:00,24528.77,24528.96,24486.59,24497.77,49758
2026-06-15 13:15:00,24497.77,24498.14,24470.95,24492.39,49299
2026-06-15 13:20:00,24492.39,24539.03,24489.42,24527.67,46585
2026-06-15 13:25:00,24527.67,24543.13,24502.7,24505.06,96295
2026-06-15 13:30:00,24505.06,24509.06,24484.05,24494.35,107090
2026-06-15 13:35:00,24494.35,24499.99,24471.37,24490.01,63352
2026-06-15 13:40:00,24490.01,24503.57,24469.75,24477.26,80716
2026-06-15 13:45:00,24477.26,24486.5,24444.48,24451.42,111726
2026-06-15 13:50:00,24451.42,24462.33,24428.53,24459.78,45877
2026-06-15 13:55:00,24459.78,24472.15,24459.68,24460.73,114885
2026-06-15 14:00:00,24460.73,24462.63,24435.71,24440.55,99870
2026-06-15 14:05:00,24440.55,24446.19,24427.94,24428.12,75284
2026-06-15 14:10:00,24428.12,24462.97,24423.54,24451.35,114083
2026-06-15 14:15:00,24451.35,24495.7,24451.3,24493.47,65647
2026-06-15 14:20:00,24493.47,24538.18,24483.21,24532.35,63581
2026-06-15 14:25:00,24532.35,24536.39,24475.97,24486.63,38937
2026-06-15 14:30:00,24486.63,24496.25,24462.05,24463.51,66981
2026-06-15 14:35:00,24463.51,24516.58,24457.76,24514.35,79071
2026-06-15 14:40:00,24514.35,24562.34,24509.88,24551.82,63507
2026-06-15 14:45:00,24551.82,24554.04,24535.74,24542.3,146916
2026-06-15 14:50:00,24542.3,24545.58,24507.96,24517.0,105290
2026-06-15 14:55:00,24517.0,24563.85,24500.63,24531.71,82543
2026-06-15 15:00:00,24531.71,24588.89,24529.32,24585.08,121092
2026-06-15 15:05:00,24585.08,24591.37,24526.98,24531.61,147159
2026-06-15 15:10:00,24531.61,24561.46,24510.96,24559.69,56538
2026-06-15 15:15:00,24559.69,24615.41,24551.69,24609.6,71859
2026-06-15 15:20:00,24609.6,24703.78,24607.79,24685.89,138987
2026-06-15 15:25:00,24685.89,24709.94,24675.56,24682.75,163307
2026-06-16 09:15:00,24565.47,24643.76,24540.36,24613.77,211851
2026-06-16 09:20:00,24613.77,24705.68,24590.99,24685.1,223198
2026-06-16 09:25:00,24685.1,24692.03,24643.96,24665.03,218247
2026-06-16 09:30:00,24665.03,24748.99,24647.01,24743.27,75858
2026-06-16 09:35:00,24743.27,24775.87,24727.65,24767.83,107131
2026-06-16 09:40:00,24767.83,24791.82,24758.47,24773.54,112629
2026-06-16 09:45:00,24773.54,24808.3,24763.74,24795.45,125648
2026-06-16 09:50:00,24795.45,24800.98,24766.93,24774.71,58049
2026-06-16 09:55:00,24774.71,24792.85,24772.42,24774.81,132568
2026-06-16 10:00:00,24774.81,24788.61,24759.3,24779.9,116288
2026-06-16 10:05:00,24779.9,24792.68,24764.55,24766.74,41197
2026-06-16 10:10:00,24766.74,24816.5,24760.56,24805.87,113113
2026-06-16 10:15:00,24805.87,24831.13,24797.6,24829.78,68299
2026-06-16 10:20:00,24829.78,24843.03,24823.04,24841.09,95450
2026-06-16 10:25:00,24841.09,24847.3,24822.34,24836.85,67658
2026-06-16 10:30:00,24836.85,24840.8,24815.54,24832.59,78920
2026-06-16 10:35:00,24832.59,24853.54,24832.37,24845.3,60123
2026-06-16 10:40:00,24845.3,24854.08,24821.01,24829.19,68646
2026-06-16 10:45:00,24829.19,24831.9,24806.09,24817.82,79141
2026-06-16 10:50:00,24817.82,24819.44,24783.57,24794.75,56988
2026-06-16 10:55:00,24794.75,24798.87,24761.14,24762.62,71052
2026-06-16 11:00:00,24762.62,24781.76,24747.9,24776.23,103303
2026-06-16 11:05:00,24776.23,24790.5,24759.31,24768.38,47188
2026-06-16 11:10:00,24768.38,24779.47,24761.43,24767.42,68488
2026-06-16 11:15:00,24767.42,24775.25,24750.07,24755.98,69183
2026-06-16 11:20:00,24755.98,24778.54,24739.02,24745.3,54782
2026-06-16 11:25:00,24745.3,24757.75,24726.21,24730.31,97966
2026-06-16 11:30:00,24730.31,24765.91,24718.91,24756.58,131371
2026-06-16 11:35:00,24756.58,24757.48,24727.44,24730.58,55150
2026-06-16 11:40:00,24730.58,24730.89,24713.09,24728.05,95065
2026-06-16 11:45:00,24728.05,24751.37,24727.05,24727.21,62176
2026-06-16 11:50:00,24727.21,24735.62,24717.52,24720.11,54041
2026-06-16 11:55:00,24720.11,24722.57,24677.86,24683.61,99131
2026-06-16 12:00:00,24683.61,24692.57,24672.01,24682.8,48360
2026-06-16 12:05:00,24682.8,24684.76,24654.23,24663.29,45136
2026-06-16 12:10:00,24663.29,24681.26,24653.22,24671.61,62930
2026-06-16 12:15:00,24671.61,24679.95,24636.91,24641.71,68454
2026-06-16 12:20:00,24641.71,24660.44,24641.67,24655.6,92936
2026-06-16 12:25:00,24655.6,24667.27,24644.51,24652.23,63310
2026-06-16 12:30:00,24652.23,24662.77,24645.92,24652.76,107868
2026-06-16 12:35:00,24652.76,24652.86,24636.35,24642.58,89813
2026-06-16 12:40:00,24642.58,24674.23,24634.29,24660.64,50615
2026-06-16 12:45:00,24660.64,24671.56,24650.92,24668.8,78078
2026-06-16 12:50:00,24668.8,24680.61,24643.05,24677.34,92657
2026-06-16 12:55:00,24677.34,24681.08,24656.0,24658.02,66908
2026-06-16 13:00:00,24658.02,24672.15,24646.69,24666.86,60156
2026-06-16 13:05:00,24666.86,24671.47,24655.71,24666.3,69586
2026-06-16 13:10:00,24666.3,24666.7,24641.44,24646.73,62046
2026-06-16 13:15:00,24646.73,24651.42,24635.5,24637.08,138960
2026-06-16 13:20:00,24637.08,24647.17,24584.46,24592.05,47652
2026-06-16 13:25:00,24592.05,24611.13,24579.4,24609.54,40100
2026-06-16 13:30:00,24609.54,24632.33,24603.02,24617.03,71512
2026-06-16 13:35:00,24617.03,24654.69,24613.17,24639.16,137438
2026-06-16 13:40:00,24639.16,24654.46,24592.7,24603.31,68007
2026-06-16 13:45:00,24603.31,24619.39,24583.99,24599.21,68822
2026-06-16 13:50:00,24599.21,24608.85,24578.64,24604.58,72680
2026-06-16 13:55:00,24604.58,24643.55,24600.84,24641.73,60444
2026-06-16 14:00:00,24641.73,24644.15,24627.5,24631.61,64283
2026-06-16 14:05:00,24631.61,24645.49,24625.86,24632.49,48033
2026-06-16 14:10:00,24632.49,24633.91,24606.96,24611.65,150165
2026-06-16 14:15:00,24611.65,24629.6,24604.48,24612.51,129296
2026-06-16 14:20:00,24612.51,24629.45,24594.17,24609.8,93557
2026-06-16 14:25:00,24609.8,24623.86,24589.51,24591.92,124576
2026-06-16 14:30:00,24591.92,24596.5,24544.22,24562.65,123326
2026-06-16 14:35:00,24562.65,24563.54,24533.33,24534.78,71823
2026-06-16 14:40:00,24534.78,24572.47,24532.02,24558.33,64363
2026-06-16 14:45:00,24558.33,24572.39,24552.53,24567.89,102713
2026-06-16 14:50:00,24567.89,24575.08,24556.5,24557.32,129160
2026-06-16 14:55:00,24557.32,24578.95,24541.45,24554.3,172613
2026-06-16 15:00:00,24554.3,24595.17,24554.2,24592.88,144351
2026-06-16 15:05:00,24592.88,24599.26,24556.99,24561.94,190143
2026-06-16 15:10:00,24561.94,24606.39,24560.79,24590.4,71594
2026-06-16 15:15:00,24590.4,24637.11,24577.36,24628.74,149464
2026-06-16 15:20:00,24628.74,24710.26,24625.66,24677.44,137020
2026-06-16 15:25:00,24677.44,24682.84,24651.2,24652.79,146936
2026-06-17 09:15:00,24600.69,24692.44,24598.91,24668.65,270801
2026-06-17 09:20:00,24668.65,24727.6,24648.69,24700.25,165737
2026-06-17 09:25:00,24700.25,24751.81,24699.73,24725.23,131868
2026-06-17 09:30:00,24725.23,24784.63,24723.48,24777.31,93639
2026-06-17 09:35:00,24777.31,24819.29,24771.5,24800.75,133794
2026-06-17 09:40:00,24800.75,24811.87,24771.07,24785.16,69189
2026-06-17 09:45:00,24785.16,24822.26,24774.76,24818.37,193319
2026-06-17 09:50:00,24818.37,24820.28,24780.07,24806.39,76853
2026-06-17 09:55:00,24806.39,24839.16,24805.08,24820.7,198003
2026-06-17 10:00:00,24820.7,24842.93,24809.46,24821.74,138580
2026-06-17 10:05:00,24821.74,24865.08,24812.47,24849.86,75320
2026-06-17 10:10:00,24849.86,24852.34,24801.43,24810.55,97412
2026-06-17 10:15:00,24810.55,24820.73,24793.98,24806.83,55031
2026-06-17 10:20:00,24806.83,24813.77,24780.41,24801.16,120599
2026-06-17 10:25:00,24801.16,24839.47,24797.2,24831.9,47593
2026-06-17 10:30:00,24831.9,24837.62,24785.2,24785.59,59503
2026-06-17 10:35:00,24785.59,24805.46,24764.94,24800.32,77541
2026-06-17 10:40:00,24800.32,24806.02,24770.76,24774.44,127060
2026-06-17 10:45:00,24774.44,24811.2,24774.41,24809.24,55614
2026-06-17 10:50:00,24809.24,24818.0,24763.53,24765.96,68539
2026-06-17 10:55:00,24765.96,24785.49,24753.34,24766.67,53550
2026-06-17 11:00:00,24766.67,24785.55,24757.34,24785.45,66350
2026-06-17 11:05:00,24785.45,24787.24,24776.76,24777.98,122309
2026-06-17 11:10:00,24777.98,24790.17,24748.88,24750.91,47719
2026-06-17 11:15:00,24750.91,24751.48,24738.94,24742.64,55154
2026-06-17 11:20:00,24742.64,24750.12,24712.25,24714.71,42745
2026-06-17 11:25:00,24714.71,24727.41,24713.35,24713.46,82687
2026-06-17 11:30:00,24713.46,24715.92,24681.21,24682.35,86089
2026-06-17 11:35:00,24682.35,24694.04,24675.12,24688.54,54004
2026-06-17 11:40:00,24688.54,24697.32,24676.51,24694.16,84707
2026-06-17 11:45:00,24694.16,24703.1,24671.09,24701.14,115290
2026-06-17 11:50:00,24701.14,24720.76,24697.29,24709.28,86400
2026-06-17 11:55:00,24709.28,24719.09,24698.48,24700.01,72504
2026-06-17 12:00:00,24700.01,24701.65,24673.63,24689.68,69783
2026-06-17 12:05:00,24689.68,24707.5,24687.04,24693.29,92914
2026-06-17 12:10:00,24693.29,24712.93,24690.96,24692.29,114175
2026-06-17 12:15:00,24692.29,24703.46,24687.25,24696.88,59405
2026-06-17 12:20:00,24696.88,24735.3,24695.34,24718.02,66089
2026-06-17 12:25:00,24718.02,24718.98,24674.87,24681.89,68434
2026-06-17 12:30:00,24681.89,24684.83,24659.56,24672.71,65270
2026-06-17 12:35:00,24672.71,24711.6,24666.62,24709.01,111333
2026-06-17 12:40:00,24709.01,24710.86,24680.94,24684.33,110362
2026-06-17 12:45:00,24684.33,24688.19,24654.67,24664.39,56279
2026-06-17 12:50:00,24664.39,24682.09,24654.66,24677.57,111891
2026-06-17 12:55:00,24677.57,24678.73,24651.48,24654.92,86241
2026-06-17 13:00:00,24654.92,24657.17,24609.52,24613.17,59437
2026-06-17 13:05:00,24613.17,24626.65,24606.73,24609.04,92077
2026-06-17 13:10:00,24609.04,24617.0,24594.39,24601.63,139798
2026-06-17 13:15:00,24601.63,24607.46,24577.91,24588.59,120030
2026-06-17 13:20:00,24588.59,24590.49,24567.89,24571.56,126284
2026-06-17 13:25:00,24571.56,24600.93,24551.02,24551.75,71429
2026-06-17 13:30:00,24551.75,24576.89,24538.56,24543.14,40841
2026-06-17 13:35:00,24543.14,24574.76,24541.11,24557.94,114243
2026-06-17 13:40:00,24557.94,24562.28,24544.36,24554.91,50330
2026-06-17 13:45:00,24554.91,24560.42,24535.83,24539.17,43252
2026-06-17 13:50:00,24539.17,24543.83,24528.55,24537.06,82197
2026-06-17 13:55:00,24537.06,24546.26,24514.92,24533.17,69964
2026-06-17 14:00:00,24533.17,24540.11,24503.23,24513.12,86010
2026-06-17 14:05:00,24513.12,24517.33,24493.33,24494.95,116553
2026-06-17 14:10:00,24494.95,24508.17,24459.18,24470.54,52981
2026-06-17 14:15:00,24470.54,24470.76,24449.4,24450.74,80670
2026-06-17 14:20:00,24450.74,24466.93,24448.14,24465.37,69939
2026-06-17 14:25:00,24465.37,24479.92,24438.34,24445.37,142887
2026-06-17 14:30:00,24445.37,24478.41,24442.08,24476.84,110271
2026-06-17 14:35:00,24476.84,24518.21,24470.78,24510.08,94780
2026-06-17 14:40:00,24510.08,24527.49,24478.04,24502.35,109516
2026-06-17 14:45:00,24502.35,24513.62,24499.68,24507.21,69122
2026-06-17 14:50:00,24507.21,24571.78,24502.58,24563.3,146270
2026-06-17 14:55:00,24563.3,24620.9,24553.62,24618.63,202202
2026-06-17 15:00:00,24618.63,24685.36,24611.97,24680.98,167505
2026-06-17 15:05:00,24680.98,24706.98,24678.02,24680.12,40448
2026-06-17 15:10:00,24680.12,24712.86,24672.39,24704.45,131793
2026-06-17 15:15:00,24704.45,24705.44,24677.96,24691.05,155232
2026-06-17 15:20:00,24691.05,24691.65,24651.73,24661.08,108326
2026-06-17 15:25:00,24661.08,24705.45,24644.66,24702.9,129682
2026-06-18 09:15:00,24700.55,24723.61,24663.66,24673.21,136771
2026-06-18 09:20:00,24673.21,24697.09,24653.36,24695.9,139563
2026-06-18 09:25:00,24695.9,24705.32,24675.97,24701.42,106904
2026-06-18 09:30:00,24701.42,24701.51,24615.67,24631.88,72759
2026-06-18 09:35:00,24631.88,24690.0,24622.97,24655.31,123195
2026-06-18 09:40:00,24655.31,24684.97,24612.77,24620.22,85322
2026-06-18 09:45:00,24620.22,24636.18,24595.16,24615.12,159212
2026-06-18 09:50:00,24615.12,24625.32,24599.16,24612.94,223350
2026-06-18 09:55:00,24612.94,24633.0,24596.52,24626.8,152926
2026-06-18 10:00:00,24626.8,24656.27,24618.0,24639.28,87303
2026-06-18 10:05:00,24639.28,24688.98,24623.59,24674.15,90443
2026-06-18 10:10:00,24674.15,24688.72,24632.54,24640.0,67988
2026-06-18 10:15:00,24640.0,24653.06,24625.0,24638.54,74790
2026-06-18 10:20:00,24638.54,24664.17,24633.88,24654.62,121446
2026-06-18 10:25:00,24654.62,24660.38,24629.44,24643.38,105388
2026-06-18 10:30:00,24643.38,24646.44,24599.88,24602.59,61189
2026-06-18 10:35:00,24602.59,24605.27,24565.88,24573.24,76739
2026-06-18 10:40:00,24573.24,24576.14,24548.74,24558.59,72435
2026-06-18 10:45:00,24558.59,24572.18,24525.29,24531.19,72313
2026-06-18 10:50:00,24531.19,24549.6,24529.01,24544.6,79855
2026-06-18 10:55:00,24544.6,24571.27,24535.79,24568.23,80963
2026-06-18 11:00:00,24568.23,24576.01,24538.77,24539.81,72774
2026-06-18 11:05:00,24539.81,24546.33,24507.98,24515.55,43808
2026-06-18 11:10:00,24515.55,24538.26,24508.31,24526.99,36088
2026-06-18 11:15:00,24526.99,24536.2,24494.34,24497.84,81615
2026-06-18 11:20:00,24497.84,24515.1,24496.72,24509.31,33340
2026-06-18 11:25:00,24509.31,24525.59,24494.54,24500.63,39215
2026-06-18 11:30:00,24500.63,24522.19,24499.02,24503.37,42120
2026-06-18 11:35:00,24503.37,24506.58,24482.36,24493.85,54579
2026-06-18 11:40:00,24493.85,24498.76,24477.81,24489.86,82820
2026-06-18 11:45:00,24489.86,24497.45,24471.5,24493.38,104369
2026-06-18 11:50:00,24493.38,24505.17,24479.93,24481.65,98200
2026-06-18 11:55:00,24481.65,24490.06,24471.39,24482.92,71124
2026-06-18 12:00:00,24482.92,24484.25,24461.13,24462.12,74548
2026-06-18 12:05:00,24462.12,24473.3,24436.82,24472.19,101124
2026-06-18 12:10:00,24472.19,24474.89,24451.6,24461.7,124920
2026-06-18 12:15:00,24461.7,24471.96,24444.5,24449.62,57570
2026-06-18 12:20:00,24449.62,24453.29,24411.45,24422.26,79443
2026-06-18 12:25:00,24422.26,24428.27,24414.06,24418.64,123076
2026-06-18 12:30:00,24418.64,24432.67,24409.45,24412.33,45890
2026-06-18 12:35:00,24412.33,24421.46,24390.4,24416.96,76786
2026-06-18 12:40:00,24416.96,24429.0,24402.99,24420.38,84040
2026-06-18 12:45:00,24420.38,24437.79,24405.72,24411.81,116203
2026-06-18 12:50:00,24411.81,24462.12,24405.71,24459.95,90535
2026-06-18 12:55:00,24459.95,24463.32,24440.92,24457.2,122713
2026-06-18 13:00:00,24457.2,24463.08,24424.47,24443.14,77955
2026-06-18 13:05:00,24443.14,24456.57,24429.42,24441.27,49050
2026-06-18 13:10:00,24441.27,24462.6,24437.09,24460.43,134468
2026-06-18 13:15:00,24460.43,24461.9,24433.98,24458.24,73193
2026-06-18 13:20:00,24458.24,24468.01,24412.83,24422.62,70827
2026-06-18 13:25:00,24422.62,24432.87,24410.76,24412.16,55213
2026-06-18 13:30:00,24412.16,24418.08,24392.93,24393.1,58615
2026-06-18 13:35:00,24393.1,24394.63,24365.01,24382.24,91210
2026-06-18 13:40:00,24382.24,24389.04,24354.15,24357.0,74890
2026-06-18 13:45:00,24357.0,24374.02,24345.59,24350.28,42295
2026-06-18 13:50:00,24350.28,24358.77,24347.29,24351.36,113160
2026-06-18 13:55:00,24351.36,24375.16,24347.64,24361.79,99707
2026-06-18 14:00:00,24361.79,24386.09,24353.15,24356.69,113097
2026-06-18 14:05:00,24356.69,24359.79,24350.56,24351.59,102387
2026-06-18 14:10:00,24351.59,24354.24,24320.08,24324.74,99091
2026-06-18 14:15:00,24324.74,24339.77,24302.95,24330.36,96314
2026-06-18 14:20:00,24330.36,24374.18,24327.71,24356.79,92460
2026-06-18 14:25:00,24356.79,24365.55,24329.52,24330.91,77430
2026-06-18 14:30:00,24330.91,24331.59,24274.37,24286.8,56259
2026-06-18 14:35:00,24286.8,24296.67,24244.93,24255.69,95027
2026-06-18 14:40:00,24255.69,24258.7,24216.93,24231.29,99485
2026-06-18 14:45:00,24231.29,24235.17,24172.77,24174.83,104988
2026-06-18 14:50:00,24174.83,24186.36,24156.34,24176.48,46503
2026-06-18 14:55:00,24176.48,24200.47,24168.02,24190.98,134706
2026-06-18 15:00:00,24190.98,24206.55,24176.65,24192.75,88798
2026-06-18 15:05:00,24192.75,24232.26,24186.86,24231.28,118060
2026-06-18 15:10:00,24231.28,24239.27,24216.21,24220.86,236756
2026-06-18 15:15:00,24220.86,24248.36,24198.64,24199.91,133710
2026-06-18 15:20:00,24199.91,24211.51,24134.64,24141.61,169201
2026-06-18 15:25:00,24141.61,24179.08,24127.06,24177.93,212335
2026-06-19 09:15:00,24107.95,24112.37,24063.68,24093.6,190611
2026-06-19 09:20:00,24093.6,24103.62,23998.99,24063.33,117179
2026-06-19 09:25:00,24063.33,24203.64,24051.29,24188.49,137859
2026-06-19 09:30:00,24188.49,24189.44,24165.28,24182.34,179633
2026-06-19 09:35:00,24182.34,24190.14,24156.31,24175.79,110785
2026-06-19 09:40:00,24175.79,24212.69,24165.3,24205.5,202414
2026-06-19 09:45:00,24205.5,24210.74,24126.37,24141.07,77468
2026-06-19 09:50:00,24141.07,24155.26,24124.26,24145.62,127971
2026-06-19 09:55:00,24145.62,24179.14,24141.47,24175.99,153677
2026-06-19 10:00:00,24175.99,24194.53,24159.31,24164.9,114239
2026-06-19 10:05:00,24164.9,24201.75,24160.54,24181.32,68446
2026-06-19 10:10:00,24181.32,24235.76,24172.19,24233.17,79523
2026-06-19 10:15:00,24233.17,24247.15,24224.64,24244.45,62943
2026-06-19 10:20:00,24244.45,24269.62,24240.01,24257.01,136067
2026-06-19 10:25:00,24257.01,24290.78,24239.78,24286.97,46532
2026-06-19 10:30:00,24286.97,24292.32,24253.79,24254.2,71934
2026-06-19 10:35:00,24254.2,24277.78,24248.69,24250.08,93113
2026-06-19 10:40:00,24250.08,24259.95,24219.9,24223.35,69822
2026-06-19 10:45:00,24223.35,24285.02,24214.94,24281.25,53906
2026-06-19 10:50:00,24281.25,24284.91,24252.96,24261.91,98522
2026-06-19 10:55:00,24261.91,24275.41,24242.14,24256.27,150752
2026-06-19 11:00:00,24256.27,24268.04,24217.03,24223.14,82387
2026-06-19 11:05:00,24223.14,24239.98,24219.64,24235.28,74982
2026-06-19 11:10:00,24235.28,24248.95,24217.16,24238.24,106934
2026-06-19 11:15:00,24238.24,24265.54,24231.35,24251.61,80440
2026-06-19 11:20:00,24251.61,24265.61,24236.06,24250.27,74724
2026-06-19 11:25:00,24250.27,24266.24,24242.95,24260.09,64677
2026-06-19 11:30:00,24260.09,24277.2,24251.19,24253.25,54350
2026-06-19 11:35:00,24253.25,24259.42,24243.58,24258.55,75328
2026-06-19 11:40:00,24258.55,24259.96,24241.37,24244.47,50433
2026-06-19 11:45:00,24244.47,24289.92,24240.88,24287.94,54488
2026-06-19 11:50:00,24287.94,24294.18,24272.74,24277.31,49138
2026-06-19 11:55:00,24277.31,24302.39,24262.64,24301.76,108676
2026-06-19 12:00:00,24301.76,24314.7,24288.97,24296.58,36210
2026-06-19 12:05:00,24296.58,24327.0,24283.74,24325.38,143591
2026-06-19 12:10:00,24325.38,24333.54,24286.0,24293.25,57112
2026-06-19 12:15:00,24293.25,24295.61,24263.19,24292.72,85752
2026-06-19 12:20:00,24292.72,24316.97,24280.42,24305.38,117388
2026-06-19 12:25:00,24305.38,24325.9,24291.39,24300.33,58144
2026-06-19 12:30:00,24300.33,24324.27,24294.36,24316.66,80762
2026-06-19 12:35:00,24316.66,24342.23,24311.73,24335.84,80028
2026-06-19 12:40:00,24335.84,24343.4,24326.05,24331.85,82627
2026-06-19 12:45:00,24331.85,24378.98,24329.76,24378.56,95222
2026-06-19 12:50:00,24378.56,24384.63,24343.84,24349.19,129393
2026-06-19 12:55:00,24349.19,24361.19,24328.6,24332.74,101087
2026-06-19 13:00:00,24332.74,24343.05,24315.42,24322.19,98438
2026-06-19 13:05:00,24322.19,24330.9,24302.8,24306.92,71157
2026-06-19 13:10:00,24306.92,24319.19,24283.66,24290.18,107149
2026-06-19 13:15:00,24290.18,24290.88,24269.62,24271.7,60503
2026-06-19 13:20:00,24271.7,24274.98,24236.46,24243.66,57214
2026-06-19 13:25:00,24243.66,24277.4,24237.24,24267.64,104397
2026-06-19 13:30:00,24267.64,24267.68,24228.19,24243.8,77126
2026-06-19 13:35:00,24243.8,24247.3,24220.91,24246.34,43046
2026-06-19 13:40:00,24246.34,24258.45,24219.0,24229.91,118726
2026-06-19 13:45:00,24229.91,24237.86,24224.19,24224.96,100809
2026-06-19 13:50:00,24224.96,24235.48,24198.42,24229.19,74095
2026-06-19 13:55:00,24229.19,24241.43,24213.19,24218.19,65534
2026-06-19 14:00:00,24218.19,24261.18,24216.67,24248.54,101964
2026-06-19 14:05:00,24248.54,24256.08,24229.49,24255.14,51865
2026-06-19 14:10:00,24255.14,24284.73,24233.85,24281.8,116851
2026-06-19 14:15:00,24281.8,24285.19,24253.57,24259.65,90940
2026-06-19 14:20:00,24259.65,24263.41,24249.52,24261.04,40440
2026-06-19 14:25:00,24261.04,24290.06,24257.74,24272.62,44113
2026-06-19 14:30:00,24272.62,24297.65,24257.26,24296.41,84036
2026-06-19 14:35:00,24296.41,24302.17,24269.82,24286.01,63544
2026-06-19 14:40:00,24286.01,24297.04,24256.95,24281.01,68362
2026-06-19 14:45:00,24281.01,24286.15,24267.65,24270.35,158337
2026-06-19 14:50:00,24270.35,24277.94,24247.04,24252.66,86561
2026-06-19 14:55:00,24252.66,24289.66,24247.14,24281.91,46375
2026-06-19 15:00:00,24281.91,24296.72,24261.53,24284.56,151388
2026-06-19 15:05:00,24284.56,24305.02,24277.04,24279.05,236134
2026-06-19 15:10:00,24279.05,24299.8,24278.19,24296.13,103540
2026-06-19 15:15:00,24296.13,24367.52,24289.75,24357.71,82373
2026-06-19 15:20:00,24357.71,24396.19,24350.51,24388.31,122228
2026-06-19 15:25:00,24388.31,24410.66,24357.68,24405.65,262151
2026-06-22 09:15:00,24409.78,24416.03,24340.95,24351.73,168683
2026-06-22 09:20:00,24351.73,24377.31,24335.37,24366.68,201466
2026-06-22 09:25:00,24366.68,24381.93,24271.61,24281.1,112187
2026-06-22 09:30:00,24281.1,24287.13,24214.47,24221.65,111794
2026-06-22 09:35:00,24221.65,24240.72,24198.97,24210.17,112160
2026-06-22 09:40:00,24210.17,24225.68,24195.8,24222.88,95379
2026-06-22 09:45:00,24222.88,24250.71,24222.81,24244.76,131752
2026-06-22 09:50:00,24244.76,24284.43,24233.43,24272.97,104300
2026-06-22 09:55:00,24272.97,24324.29,24258.02,24313.85,124077
2026-06-22 10:00:00,24313.85,24341.13,24309.46,24331.3,108053
2026-06-22 10:05:00,24331.3,24368.83,24319.21,24355.25,103068
2026-06-22 10:10:00,24355.25,24358.47,24320.98,24322.59,70807
2026-06-22 10:15:00,24322.59,24359.12,24312.28,24347.94,90800
2026-06-22 10:20:00,24347.94,24395.29,24331.5,24387.08,64874
2026-06-22 10:25:00,24387.08,24388.47,24323.99,24326.96,69078
2026-06-22 10:30:00,24326.96,24362.63,24322.07,24336.29,104034
2026-06-22 10:35:00,24336.29,24345.96,24331.38,24340.77,103192
2026-06-22 10:40:00,24340.77,24366.3,24335.69,24355.57,64994
2026-06-22 10:45:00,24355.57,24368.99,24346.93,24367.35,63094
2026-06-22 10:50:00,24367.35,24371.16,24336.55,24347.82,60219
2026-06-22 10:55:00,24347.82,24348.2,24306.85,24308.16,97269
2026-06-22 11:00:00,24308.16,24308.68,24280.78,24285.16,114149
2026-06-22 11:05:00,24285.16,24290.79,24271.7,24273.66,30309
2026-06-22 11:10:00,24273.66,24290.08,24266.11,24282.32,100446
2026-06-22 11:15:00,24282.32,24301.01,24275.74,24278.98,89728
2026-06-22 11:20:00,24278.98,24317.47,24277.19,24312.55,130734
2026-06-22 11:25:00,24312.55,24352.36,24303.47,24344.78,82598
2026-06-22 11:30:00,24344.78,24355.72,24327.83,24330.84,81912
2026-06-22 11:35:00,24330.84,24369.86,24328.68,24351.62,77872
2026-06-22 11:40:00,24351.62,24386.34,24346.42,24377.93,75666
2026-06-22 11:45:00,24377.93,24418.95,24377.65,24412.79,82185
2026-06-22 11:50:00,24412.79,24446.24,24411.01,24443.59,68895
2026-06-22 11:55:00,24443.59,24451.35,24409.15,24436.92,124575
2026-06-22 12:00:00,24436.92,24468.86,24430.42,24468.17,60024
2026-06-22 12:05:00,24468.17,24473.11,24458.56,24470.5,124346
2026-06-22 12:10:00,24470.5,24475.26,24453.49,24458.31,66100
2026-06-22 12:15:00,24458.31,24467.62,24427.68,24434.51,99270
2026-06-22 12:20:00,24434.51,24449.97,24425.23,24444.69,91053
2026-06-22 12:25:00,24444.69,24453.62,24429.39,24446.79,121531
2026-06-22 12:30:00,24446.79,24457.86,24430.97,24436.89,115742
2026-06-22 12:35:00,24436.89,24464.15,24432.82,24457.26,95127
2026-06-22 12:40:00,24457.26,24467.12,24447.95,24451.06,61752
2026-06-22 12:45:00,24451.06,24464.08,24410.98,24421.78,84229
2026-06-22 12:50:00,24421.78,24425.52,24407.64,24417.37,71066
2026-06-22 12:55:00,24417.37,24419.02,24374.59,24379.17,112871
2026-06-22 13:00:00,24379.17,24389.06,24368.43,24371.91,57321
2026-06-22 13:05:00,24371.91,24409.49,24371.15,24402.46,70369
2026-06-22 13:10:00,24402.46,24424.84,24400.79,24414.75,29245
2026-06-22 13:15:00,24414.75,24425.59,24380.5,24382.33,42636
2026-06-22 13:20:00,24382.33,24427.14,24380.72,24422.66,78161
2026-06-22 13:25:00,24422.66,24433.82,24409.56,24421.89,93283
2026-06-22 13:30:00,24421.89,24422.57,24391.98,24415.77,48644
2026-06-22 13:35:00,24415.77,24452.84,24407.34,24447.8,73776
2026-06-22 13:40:00,24447.8,24449.85,24415.39,24422.27,83788
2026-06-22 13:45:00,24422.27,24433.42,24403.42,24418.83,125260
2026-06-22 13:50:00,24418.83,24446.91,24414.87,24423.74,144133
2026-06-22 13:55:00,24423.74,24445.41,24421.05,24444.46,84047
2026-06-22 14:00:00,24444.46,24474.05,24441.66,24473.08,153021
2026-06-22 14:05:00,24473.08,24489.62,24464.4,24489.3,96345
2026-06-22 14:10:00,24489.3,24503.78,24475.67,24477.62,73136
2026-06-22 14:15:00,24477.62,24482.68,24450.75,24460.55,81148
2026-06-22 14:20:00,24460.55,24495.02,24458.3,24477.87,93028
2026-06-22 14:25:00,24477.87,24481.09,24454.43,24459.31,45802
2026-06-22 14:30:00,24459.31,24465.0,24425.09,24431.33,53826
2026-06-22 14:35:00,24431.33,24453.16,24400.66,24449.32,104328
2026-06-22 14:40:00,24449.32,24449.72,24413.52,24415.03,84122
2026-06-22 14:45:00,24415.03,24449.03,24410.77,24429.72,83973
2026-06-22 14:50:00,24429.72,24476.7,24423.84,24452.22,104833
2026-06-22 14:55:00,24452.22,24469.22,24449.93,24456.33,170638
2026-06-22 15:00:00,24456.33,24463.11,24425.95,24439.09,75083
2026-06-22 15:05:00,24439.09,24445.38,24391.78,24410.95,107449
2026-06-22 15:10:00,24410.95,24420.16,24331.19,24338.16,80136
2026-06-22 15:15:00,24338.16,24364.31,24329.45,24353.44,111760
2026-06-22 15:20:00,24353.44,24354.86,24309.74,24323.76,148847
2026-06-22 15:25:00,24323.76,24329.03,24212.96,24220.53,83441
2026-06-23 09:15:00,24283.89,24284.17,24239.42,24247.72,180755
2026-06-23 09:20:00,24247.72,24266.79,24221.02,24252.45,123375
2026-06-23 09:25:00,24252.45,24264.99,24172.38,24203.1,89120
2026-06-23 09:30:00,24203.1,24204.21,24153.86,24159.34,101747
2026-06-23 09:35:00,24159.34,24188.94,24149.29,24185.48,162862
2026-06-23 09:40:00,24185.48,24250.37,24174.06,24208.73,134360
2026-06-23 09:45:00,24208.73,24251.33,24205.29,24246.42,113998
2026-06-23 09:50:00,24246.42,24270.95,24228.9,24233.26,134613
2026-06-23 09:55:00,24233.26,24252.23,24228.4,24241.49,95043
2026-06-23 10:00:00,24241.49,24292.08,24236.63,24277.9,68364
2026-06-23 10:05:00,24277.9,24282.26,24250.04,24266.35,51927
2026-06-23 10:10:00,24266.35,24272.18,24251.66,24254.96,52754
2026-06-23 10:15:00,24254.96,24270.6,24222.9,24234.3,129941
2026-06-23 10:20:00,24234.3,24248.18,24212.56,24225.51,51479
2026-06-23 10:25:00,24225.51,24256.08,24219.72,24245.18,50630
2026-06-23 10:30:00,24245.18,24248.7,24224.58,24232.91,106118
2026-06-23 10:35:00,24232.91,24252.07,24219.59,24246.19,98156
2026-06-23 10:40:00,24246.19,24278.89,24245.54,24273.17,78893
2026-06-23 10:45:00,24273.17,24291.72,24269.43,24289.29,81355
2026-06-23 10:50:00,24289.29,24297.63,24261.73,24287.57,65456
2026-06-23 10:55:00,24287.57,24308.64,24282.89,24302.06,81966
2026-06-23 11:00:00,24302.06,24329.78,24298.11,24320.1,94501
2026-06-23 11:05:00,24320.1,24345.7,24291.97,24343.18,209411
2026-06-23 11:10:00,24343.18,24359.22,24332.18,24348.29,83621
2026-06-23 11:15:00,24348.29,24350.86,24318.96,24329.76,135338
2026-06-23 11:20:00,24329.76,24336.52,24302.7,24311.23,118174
2026-06-23 11:25:00,24311.23,24339.48,24308.6,24336.78,52984
2026-06-23 11:30:00,24336.78,24337.46,24297.04,24297.87,84202
2026-06-23 11:35:00,24297.87,24306.93,24282.22,24305.93,49975
2026-06-23 11:40:00,24305.93,24323.75,24294.36,24309.58,70675
2026-06-23 11:45:00,24309.58,24315.84,24276.24,24280.1,47394
2026-06-23 11:50:00,24280.1,24289.32,24272.37,24273.65,51796
2026-06-23 11:55:00,24273.65,24294.94,24271.84,24292.22,97143
2026-06-23 12:00:00,24292.22,24300.43,24270.12,24274.82,52674
2026-06-23 12:05:00,24274.82,24276.54,24248.45,24267.62,71240
2026-06-23 12:10:00,24267.62,24289.79,24259.54,24281.0,51453
2026-06-23 12:15:00,24281.0,24317.41,24266.36,24317.17,69973
2026-06-23 12:20:00,24317.17,24324.41,24286.08,24290.08,76658
2026-06-23 12:25:00,24290.08,24309.03,24281.5,24282.78,68587
2026-06-23 12:30:00,24282.78,24299.03,24277.68,24293.59,80210
2026-06-23 12:35:00,24293.59,24293.82,24265.29,24274.64,78596
2026-06-23 12:40:00,24274.64,24297.59,24271.57,24272.07,49074
2026-06-23 12:45:00,24272.07,24309.36,24266.47,24303.73,58928
2026-06-23 12:50:00,24303.73,24312.18,24279.36,24285.42,69215
2026-06-23 12:55:00,24285.42,24290.64,24259.44,24280.5,49146
2026-06-23 13:00:00,24280.5,24298.62,24265.21,24270.99,65742
2026-06-23 13:05:00,24270.99,24305.33,24266.89,24304.09,54267
2026-06-23 13:10:00,24304.09,24310.0,24264.37,24272.26,89805
2026-06-23 13:15:00,24272.26,24298.08,24264.97,24295.89,98394
2026-06-23 13:20:00,24295.89,24307.05,24294.58,24305.86,171621
2026-06-23 13:25:00,24305.86,24315.26,24293.71,24297.17,101893
2026-06-23 13:30:00,24297.17,24320.76,24297.06,24305.04,64311
2026-06-23 13:35:00,24305.04,24323.34,24298.37,24302.28,59732
2026-06-23 13:40:00,24302.28,24309.39,24274.31,24279.23,51123
2026-06-23 13:45:00,24279.23,24305.78,24278.9,24288.54,150919
2026-06-23 13:50:00,24288.54,24317.25,24278.57,24316.24,51875
2026-06-23 13:55:00,24316.24,24329.02,24301.62,24323.5,53554
2026-06-23 14:00:00,24323.5,24361.99,24322.34,24348.59,63601
2026-06-23 14:05:00,24348.59,24385.95,24342.52,24368.77,82546
2026-06-23 14:10:00,24368.77,24370.87,24351.36,24358.52,130183
2026-06-23 14:15:00,24358.52,24396.73,24352.35,24389.98,66432
2026-06-23 14:20:00,24389.98,24434.09,24389.61,24415.07,109889
2026-06-23 14:25:00,24415.07,24423.78,24381.53,24414.69,69962
2026-06-23 14:30:00,24414.69,24416.68,24386.09,24396.11,105403
2026-06-23 14:35:00,24396.11,24404.41,24374.49,24378.08,71132
2026-06-23 14:40:00,24378.08,24401.57,24376.01,24379.19,100023
2026-06-23 14:45:00,24379.19,24413.44,24376.6,24406.66,84614
2026-06-23 14:50:00,24406.66,24435.3,24396.35,24421.85,84914
2026-06-23 14:55:00,24421.85,24445.46,24404.36,24407.83,90128
2026-06-23 15:00:00,24407.83,24453.86,24406.58,24445.37,132212
2026-06-23 15:05:00,24445.37,24496.29,24443.12,24481.18,125800
2026-06-23 15:10:00,24481.18,24518.87,24475.68,24498.73,91634
2026-06-23 15:15:00,24498.73,24542.28,24490.46,24515.59,77835
2026-06-23 15:20:00,24515.59,24518.46,24491.23,24510.23,96853
2026-06-23 15:25:00,24510.23,24552.77,24506.92,24542.6,160886
2026-06-24 09:15:00,24570.79,24644.87,24543.34,24617.11,393778
2026-06-24 09:20:00,24617.11,24683.03,24585.16,24601.64,176713
2026-06-24 09:25:00,24601.64,24609.05,24564.6,24569.73,159495
2026-06-24 09:30:00,24569.73,24576.34,24483.67,24485.2,254047
2026-06-24 09:35:00,24485.2,24494.69,24449.79,24450.48,124687
2026-06-24 09:40:00,24450.48,24499.17,24442.08,24475.15,133207
2026-06-24 09:45:00,24475.15,24510.51,24468.28,24508.47,121281
2026-06-24 09:50:00,24508.47,24589.25,24502.21,24578.01,99442
2026-06-24 09:55:00,24578.01,24583.87,24548.11,24560.86,101788
2026-06-24 10:00:00,24560.86,24586.32,24560.42,24560.7,97045
2026-06-24 10:05:00,24560.7,24584.94,24536.8,24561.95,69713
2026-06-24 10:10:00,24561.95,24599.14,24559.55,24582.4,43056
2026-06-24 10:15:00,24582.4,24585.45,24529.22,24535.79,135231
2026-06-24 10:20:00,24535.79,24585.91,24533.61,24585.78,114951
2026-06-24 10:25:00,24585.78,24599.0,24553.85,24569.29,99454
2026-06-24 10:30:00,24569.29,24576.63,24534.72,24537.76,82187
2026-06-24 10:35:00,24537.76,24540.11,24525.31,24527.03,78847
2026-06-24 10:40:00,24527.03,24528.07,24494.9,24499.2,80795
2026-06-24 10:45:00,24499.2,24509.49,24487.25,24491.39,88217
2026-06-24 10:50:00,24491.39,24496.36,24478.38,24481.91,57239
2026-06-24 10:55:00,24481.91,24486.23,24449.23,24457.29,88785
2026-06-24 11:00:00,24457.29,24481.26,24454.82,24468.16,67494
2026-06-24 11:05:00,24468.16,24476.55,24447.53,24454.33,51351
2026-06-24 11:10:00,24454.33,24487.83,24448.04,24478.64,77052
2026-06-24 11:15:00,24478.64,24479.69,24448.51,24450.85,100919
2026-06-24 11:20:00,24450.85,24499.56,24446.27,24494.94,107180
2026-06-24 11:25:00,24494.94,24507.06,24471.73,24506.14,63947
2026-06-24 11:30:00,24506.14,24526.09,24495.78,24506.91,104578
2026-06-24 11:35:00,24506.91,24533.12,24498.32,24532.86,57960
2026-06-24 11:40:00,24532.86,24539.13,24523.03,24524.4,36675
2026-06-24 11:45:00,24524.4,24546.56,24509.87,24541.33,62967
2026-06-24 11:50:00,24541.33,24546.03,24521.56,24527.79,29820
2026-06-24 11:55:00,24527.79,24539.7,24526.31,24539.35,76176
2026-06-24 12:00:00,24539.35,24582.99,24536.82,24579.68,104965
2026-06-24 12:05:00,24579.68,24593.29,24561.9,24586.8,62741
2026-06-24 12:10:00,24586.8,24588.16,24553.61,24582.48,88451
2026-06-24 12:15:00,24582.48,24618.59,24573.77,24616.23,78966
2026-06-24 12:20:00,24616.23,24654.63,24612.88,24643.36,54499
2026-06-24 12:25:00,24643.36,24651.1,24618.5,24636.3,75782
2026-06-24 12:30:00,24636.3,24660.82,24631.29,24632.15,73596
2026-06-24 12:35:00,24632.15,24634.89,24606.32,24615.13,50540
2026-06-24 12:40:00,24615.13,24615.88,24564.86,24578.61,89219
2026-06-24 12:45:00,24578.61,24578.69,24557.89,24562.42,73488
2026-06-24 12:50:00,24562.42,24569.35,24543.33,24553.01,66509
2026-06-24 12:55:00,24553.01,24560.65,24511.59,24512.38,168950
2026-06-24 13:00:00,24512.38,24557.99,24512.12,24556.22,105723
2026-06-24 13:05:00,24556.22,24560.84,24507.37,24523.09,67606
2026-06-24 13:10:00,24523.09,24532.6,24511.57,24527.38,65429
2026-06-24 13:15:00,24527.38,24537.02,24503.29,24506.0,75327
2026-06-24 13:20:00,24506.0,24523.16,24502.35,24505.05,73328
2026-06-24 13:25:00,24505.05,24533.08,24503.24,24511.22,69763
2026-06-24 13:30:00,24511.22,24531.17,24508.67,24524.72,101747
2026-06-24 13:35:00,24524.72,24564.18,24520.86,24556.13,56578
2026-06-24 13:40:00,24556.13,24559.57,24491.86,24508.25,29361
2026-06-24 13:45:00,24508.25,24524.7,24501.36,24501.44,92926
2026-06-24 13:50:00,24501.44,24531.77,24497.74,24529.59,60020
2026-06-24 13:55:00,24529.59,24567.01,24527.68,24551.29,102114
2026-06-24 14:00:00,24551.29,24554.7,24522.22,24542.6,80407
2026-06-24 14:05:00,24542.6,24569.8,24535.62,24548.07,96845
2026-06-24 14:10:00,24548.07,24555.48,24525.45,24530.6,48323
2026-06-24 14:15:00,24530.6,24533.65,24487.11,24493.8,101767
2026-06-24 14:20:00,24493.8,24496.98,24471.85,24482.75,188159
2026-06-24 14:25:00,24482.75,24498.36,24472.24,24485.8,98196
2026-06-24 14:30:00,24485.8,24494.99,24473.43,24476.21,88739
2026-06-24 14:35:00,24476.21,24478.03,24458.52,24466.2,117389
2026-06-24 14:40:00,24466.2,24492.02,24453.79,24459.2,139118
2026-06-24 14:45:00,24459.2,24471.08,24454.27,24464.65,85880
2026-06-24 14:50:00,24464.65,24520.01,24463.92,24503.08,35343
2026-06-24 14:55:00,24503.08,24528.47,24494.24,24517.53,74789
2026-06-24 15:00:00,24517.53,24534.02,24485.39,24488.13,185277
2026-06-24 15:05:00,24488.13,24491.47,24453.57,24462.75,110841
2026-06-24 15:10:00,24462.75,24463.75,24389.75,24403.91,90939
2026-06-24 15:15:00,24403.91,24441.47,24390.24,24433.24,129304
2026-06-24 15:20:00,24433.24,24476.73,24430.56,24475.51,157967
2026-06-24 15:25:00,24475.51,24508.22,24464.81,24494.52,194056
2026-06-25 09:15:00,24464.94,24481.04,24395.42,24434.92,88659
2026-06-25 09:20:00,24434.92,24455.54,24367.55,24381.9,208436
2026-06-25 09:25:00,24381.9,24400.1,24309.86,24310.66,116241
2026-06-25 09:30:00,24310.66,24359.16,24305.44,24322.64,203769
2026-06-25 09:35:00,24322.64,24334.01,24254.37,24257.82,91157
2026-06-25 09:40:00,24257.82,24284.24,24252.81,24276.78,130371
2026-06-25 09:45:00,24276.78,24295.91,24274.93,24282.1,92192
2026-06-25 09:50:00,24282.1,24285.65,24248.04,24279.6,117746
2026-06-25 09:55:00,24279.6,24291.19,24275.29,24290.45,157193
2026-06-25 10:00:00,24290.45,24327.23,24286.77,24306.98,149416
2026-06-25 10:05:00,24306.98,24330.13,24305.69,24327.34,122543
2026-06-25 10:10:00,24327.34,24348.76,24324.97,24332.12,107408
2026-06-25 10:15:00,24332.12,24359.46,24330.02,24353.62,61939
2026-06-25 10:20:00,24353.62,24358.22,24346.42,24356.44,114661
2026-06-25 10:25:00,24356.44,24359.88,24337.74,24344.6,88748
2026-06-25 10:30:00,24344.6,24359.12,24336.01,24347.3,90142
2026-06-25 10:35:00,24347.3,24360.05,24339.92,24358.65,75756
2026-06-25 10:40:00,24358.65,24381.42,24335.82,24338.68,60839
2026-06-25 10:45:00,24338.68,24351.25,24331.08,24340.24,68134
2026-06-25 10:50:00,24340.24,24341.39,24306.94,24309.87,53792
2026-06-25 10:55:00,24309.87,24346.38,24303.62,24341.79,38657
2026-06-25 11:00:00,24341.79,24349.21,24298.7,24307.2,62276
2026-06-25 11:05:00,24307.2,24313.49,24284.85,24286.92,35492
2026-06-25 11:10:00,24286.92,24290.94,24235.83,24250.61,102318
2026-06-25 11:15:00,24250.61,24256.15,24224.08,24245.84,40086
2026-06-25 11:20:00,24245.84,24252.47,24217.87,24224.01,85812
2026-06-25 11:25:00,24224.01,24271.35,24213.68,24266.14,108352
2026-06-25 11:30:00,24266.14,24281.81,24264.12,24276.92,65553
2026-06-25 11:35:00,24276.92,24299.18,24265.14,24291.24,54132
2026-06-25 11:40:00,24291.24,24318.17,24284.15,24314.38,67949
2026-06-25 11:45:00,24314.38,24317.76,24301.54,24312.24,138913
2026-06-25 11:50:00,24312.24,24331.31,24312.08,24328.02,74660
2026-06-25 11:55:00,24328.02,24338.13,24324.16,24326.36,63200
2026-06-25 12:00:00,24326.36,24328.82,24303.97,24310.97,136761
2026-06-25 12:05:00,24310.97,24319.54,24301.86,24311.47,45894
2026-06-25 12:10:00,24311.47,24323.53,24309.73,24315.43,109765
2026-06-25 12:15:00,24315.43,24324.53,24292.12,24319.2,55053
2026-06-25 12:20:00,24319.2,24323.26,24287.48,24291.61,59599
2026-06-25 12:25:00,24291.61,24298.43,24278.76,24291.1,69479
2026-06-25 12:30:00,24291.1,24296.2,24262.84,24269.17,136094
2026-06-25 12:35:00,24269.17,24270.44,24248.83,24252.06,64075
2026-06-25 12:40:00,24252.06,24258.4,24241.78,24248.23,75558
2026-06-25 12:45:00,24248.23,24251.29,24216.87,24220.61,76666
2026-06-25 12:50:00,24220.61,24239.78,24219.81,24231.62,78160
2026-06-25 12:55:00,24231.62,24270.0,24231.12,24260.88,98620
2026-06-25 13:00:00,24260.88,24264.18,24224.28,24240.75,54662
2026-06-25 13:05:00,24240.75,24256.52,24235.22,24244.79,44738
2026-06-25 13:10:00,24244.79,24253.01,24207.34,24212.88,80393
2026-06-25 13:15:00,24212.88,24214.68,24163.39,24165.14,170153
2026-06-25 13:20:00,24165.14,24171.67,24133.0,24151.75,97360
2026-06-25 13:25:00,24151.75,24158.62,24116.06,24133.95,35853
2026-06-25 13:30:00,24133.95,24136.88,24104.93,24105.49,66512
2026-06-25 13:35:00,24105.49,24136.6,24098.96,24131.94,87128
2026-06-25 13:40:00,24131.94,24135.42,24063.21,24069.47,76078
2026-06-25 13:45:00,24069.47,24078.98,24062.87,24077.9,61973
2026-06-25 13:50:00,24077.9,24094.63,24065.7,24089.61,225248
2026-06-25 13:55:00,24089.61,24111.42,24085.57,24109.91,121271
2026-06-25 14:00:00,24109.91,24141.5,24105.79,24110.8,46974
2026-06-25 14:05:00,24110.8,24127.83,24109.42,24111.02,105017
2026-06-25 14:10:00,24111.02,24139.17,24103.38,24132.13,93957
2026-06-25 14:15:00,24132.13,24146.84,24103.86,24110.33,60975
2026-06-25 14:20:00,24110.33,24111.07,24077.42,24085.76,65106
2026-06-25 14:25:00,24085.76,24116.25,24082.36,24114.53,67272
2026-06-25 14:30:00,24114.53,24146.67,24108.98,24137.01,83034
2026-06-25 14:35:00,24137.01,24139.59,24098.01,24127.95,97511
2026-06-25 14:40:00,24127.95,24138.18,24115.51,24116.48,97699
2026-06-25 14:45:00,24116.48,24121.58,24103.27,24114.02,65636
2026-06-25 14:50:00,24114.02,24152.54,24110.6,24139.23,74476
2026-06-25 14:55:00,24139.23,24140.24,24101.8,24106.36,77005
2026-06-25 15:00:00,24106.36,24119.61,24029.94,24062.48,113774
2026-06-25 15:05:00,24062.48,24100.72,24058.27,24100.21,100092
2026-06-25 15:10:00,24100.21,24137.01,24094.91,24104.63,93344
2026-06-25 15:15:00,24104.63,24146.37,24085.71,24142.04,124045
2026-06-25 15:20:00,24142.04,24146.29,24085.94,24102.6,160162
2026-06-25 15:25:00,24102.6,24104.9,24027.84,24031.53,275338
2026-06-26 09:15:00,23981.06,24015.9,23963.01,24011.2,118155
2026-06-26 09:20:00,24011.2,24029.13,23979.26,23995.54,230254
2026-06-26 09:25:00,23995.54,24012.89,23913.81,23931.33,147762
2026-06-26 09:30:00,23931.33,23936.12,23844.27,23864.09,135022
2026-06-26 09:35:00,23864.09,23953.23,23859.18,23952.44,96543
2026-06-26 09:40:00,23952.44,23972.41,23934.03,23944.34,119878
2026-06-26 09:45:00,23944.34,24032.55,23939.91,24027.25,121235
2026-06-26 09:50:00,24027.25,24083.19,24017.13,24082.54,38000
2026-06-26 09:55:00,24082.54,24122.41,24075.2,24118.29,136111
2026-06-26 10:00:00,24118.29,24147.93,24114.86,24119.09,34358
2026-06-26 10:05:00,24119.09,24145.45,24097.2,24136.19,105295
2026-06-26 10:10:00,24136.19,24156.82,24132.82,24144.48,125414
2026-06-26 10:15:00,24144.48,24165.29,24127.39,24128.6,93470
2026-06-26 10:20:00,24128.6,24138.16,24112.2,24120.78,165679
2026-06-26 10:25:00,24120.78,24140.7,24115.13,24128.63,69488
2026-06-26 10:30:00,24128.63,24139.22,24085.21,24086.16,160725
2026-06-26 10:35:00,24086.16,24090.29,24056.82,24064.92,59502
2026-06-26 10:40:00,24064.92,24072.79,24053.99,24064.45,69239
2026-06-26 10:45:00,24064.45,24065.82,24027.9,24056.76,70752
2026-06-26 10:50:00,24056.76,24066.1,24037.06,24041.39,26026
2026-06-26 10:55:00,24041.39,24095.46,24037.84,24095.31,122217
2026-06-26 11:00:00,24095.31,24108.57,24081.75,24097.11,54790
2026-06-26 11:05:00,24097.11,24111.54,24085.01,24087.13,99652
2026-06-26 11:10:00,24087.13,24093.0,24065.94,24079.27,143149
2026-06-26 11:15:00,24079.27,24095.35,24067.99,24094.62,81551
2026-06-26 11:20:00,24094.62,24096.91,24064.91,24074.65,112930
2026-06-26 11:25:00,24074.65,24095.12,24058.54,24060.17,74981
2026-06-26 11:30:00,24060.17,24060.95,24025.39,24035.96,83962
2026-06-26 11:35:00,24035.96,24077.2,24034.15,24068.79,58510
2026-06-26 11:40:00,24068.79,24076.27,24061.05,24075.58,69330
2026-06-26 11:45:00,24075.58,24085.22,24055.27,24055.89,73818
2026-06-26 11:50:00,24055.89,24063.64,24035.29,24046.32,59057
2026-06-26 11:55:00,24046.32,24052.52,23998.39,24006.1,75171
2026-06-26 12:00:00,24006.1,24025.61,23995.84,24012.3,96048
2026-06-26 12:05:00,24012.3,24014.05,23994.56,24013.58,93275
2026-06-26 12:10:00,24013.58,24040.94,24009.74,24025.49,75440
2026-06-26 12:15:00,24025.49,24035.03,24011.53,24027.34,79094
2026-06-26 12:20:00,24027.34,24037.62,24017.9,24026.87,59808
2026-06-26 12:25:00,24026.87,24030.79,24016.1,24028.91,53131
2026-06-26 12:30:00,24028.91,24040.4,24011.12,24013.17,91504
2026-06-26 12:35:00,24013.17,24031.8,24005.0,24024.47,92860
2026-06-26 12:40:00,24024.47,24035.97,24008.3,24029.23,45292
2026-06-26 12:45:00,24029.23,24036.92,24019.95,24025.93,69921
2026-06-26 12:50:00,24025.93,24036.59,24019.94,24034.4,91939
2026-06-26 12:55:00,24034.4,24065.76,24022.03,24058.18,63657
2026-06-26 13:00:00,24058.18,24068.88,24052.5,24059.16,61857
2026-06-26 13:05:00,24059.16,24084.15,24056.09,24082.37,67260
2026-06-26 13:10:00,24082.37,24094.99,24052.35,24054.65,97615
2026-06-26 13:15:00,24054.65,24064.82,24054.35,24063.04,126651
2026-06-26 13:20:00,24063.04,24069.0,24013.08,24018.97,90288
2026-06-26 13:25:00,24018.97,24040.62,24014.49,24040.56,110099
2026-06-26 13:30:00,24040.56,24058.67,24026.85,24027.1,105565
2026-06-26 13:35:00,24027.1,24027.17,23982.25,23986.18,98004
2026-06-26 13:40:00,23986.18,24003.96,23984.75,23995.94,76043
2026-06-26 13:45:00,23995.94,24020.98,23990.98,24003.64,107635
2026-06-26 13:50:00,24003.64,24031.97,24003.46,24029.39,54441
2026-06-26 13:55:00,24029.39,24029.76,23980.41,23986.04,27360
2026-06-26 14:00:00,23986.04,24000.75,23985.71,23993.52,126385
2026-06-26 14:05:00,23993.52,24003.28,23991.76,23992.36,59683
2026-06-26 14:10:00,23992.36,24028.54,23988.62,24022.8,140202
2026-06-26 14:15:00,24022.8,24023.17,23972.32,23976.29,38495
2026-06-26 14:20:00,23976.29,23982.89,23932.81,23947.11,88073
2026-06-26 14:25:00,23947.11,23988.9,23938.59,23985.19,119658
2026-06-26 14:30:00,23985.19,23991.76,23931.22,23935.72,97379
2026-06-26 14:35:00,23935.72,23945.16,23911.08,23942.76,116998
2026-06-26 14:40:00,23942.76,23946.2,23916.84,23929.8,98143
2026-06-26 14:45:00,23929.8,23956.73,23912.32,23937.17,79543
2026-06-26 14:50:00,23937.17,23981.79,23933.86,23954.78,82465
2026-06-26 14:55:00,23954.78,23974.51,23938.37,23967.19,106475
2026-06-26 15:00:00,23967.19,24020.43,23966.25,24019.55,67627
2026-06-26 15:05:00,24019.55,24077.82,24015.83,24071.55,95578
2026-06-26 15:10:00,24071.55,24072.47,24050.39,24050.47,99711
2026-06-26 15:15:00,24050.47,24112.89,24039.81,24109.48,231571
2026-06-26 15:20:00,24109.48,24137.42,24073.43,24129.96,77000
2026-06-26 15:25:00,24129.96,24131.64,24065.46,24069.36,191017
2026-06-29 09:15:00,24020.0,24059.38,24002.37,24057.73,189545
2026-06-29 09:20:00,24057.73,24101.66,24048.2,24073.76,155998
2026-06-29 09:25:00,24073.76,24081.13,23955.51,23955.61,169593
2026-06-29 09:30:00,23955.61,23966.2,23842.82,23884.4,143181
2026-06-29 09:35:00,23884.4,23893.06,23850.91,23874.36,141871
2026-06-29 09:40:00,23874.36,23908.72,23869.92,23906.73,113998
2026-06-29 09:45:00,23906.73,23912.89,23864.11,23878.87,121169
2026-06-29 09:50:00,23878.87,23883.05,23841.74,23855.03,106345
2026-06-29 09:55:00,23855.03,23880.18,23829.65,23868.85,113228
2026-06-29 10:00:00,23868.85,23887.47,23864.56,23883.7,171151
2026-06-29 10:05:00,23883.7,23913.59,23883.2,23912.2,101376
2026-06-29 10:10:00,23912.2,23912.58,23882.44,23890.0,97535
2026-06-29 10:15:00,23890.0,23912.37,23887.94,23907.02,63890
2026-06-29 10:20:00,23907.02,23923.32,23899.02,23915.17,149826
2026-06-29 10:25:00,23915.17,23923.91,23848.26,23856.41,74376
2026-06-29 10:30:00,23856.41,23883.34,23851.22,23876.46,68003
2026-06-29 10:35:00,23876.46,23895.87,23863.61,23895.82,86567
2026-06-29 10:40:00,23895.82,23904.44,23876.51,23903.83,73714
2026-06-29 10:45:00,23903.83,23904.5,23871.07,23889.88,58111
2026-06-29 10:50:00,23889.88,23912.71,23881.28,23885.81,79240
2026-06-29 10:55:00,23885.81,23895.38,23867.18,23894.16,58613
2026-06-29 11:00:00,23894.16,23900.68,23882.88,23887.04,50379
2026-06-29 11:05:00,23887.04,23899.52,23883.01,23884.43,59249
2026-06-29 11:10:00,23884.43,23894.46,23866.35,23867.55,113951
2026-06-29 11:15:00,23867.55,23888.02,23865.8,23885.01,56439
2026-06-29 11:20:00,23885.01,23887.75,23859.62,23861.45,80447
2026-06-29 11:25:00,23861.45,23890.34,23851.81,23885.0,69355
2026-06-29 11:30:00,23885.0,23896.93,23872.15,23884.86,65129
2026-06-29 11:35:00,23884.86,23901.98,23883.15,23886.66,110641
2026-06-29 11:40:00,23886.66,23891.98,23867.65,23871.4,78995
2026-06-29 11:45:00,23871.4,23886.75,23870.02,23874.07,53270
2026-06-29 11:50:00,23874.07,23881.51,23850.02,23879.33,86275
2026-06-29 11:55:00,23879.33,23882.64,23835.74,23837.67,75522
2026-06-29 12:00:00,23837.67,23864.07,23833.63,23856.11,57538
2026-06-29 12:05:00,23856.11,23859.74,23823.79,23849.97,86274
2026-06-29 12:10:00,23849.97,23868.02,23836.32,23856.08,74539
2026-06-29 12:15:00,23856.08,23856.51,23811.89,23819.8,92504
2026-06-29 12:20:00,23819.8,23820.1,23797.12,23805.26,44270
2026-06-29 12:25:00,23805.26,23819.96,23784.61,23813.29,52453
2026-06-29 12:30:00,23813.29,23823.22,23786.47,23786.63,74549
2026-06-29 12:35:00,23786.63,23809.0,23756.96,23758.47,74383
2026-06-29 12:40:00,23758.47,23768.86,23711.77,23730.39,52225
2026-06-29 12:45:00,23730.39,23735.99,23698.22,23708.59,78415
2026-06-29 12:50:00,23708.59,23741.4,23702.58,23736.52,80940
2026-06-29 12:55:00,23736.52,23758.15,23729.04,23743.56,60534
2026-06-29 13:00:00,23743.56,23767.41,23741.51,23749.2,27700
2026-06-29 13:05:00,23749.2,23757.37,23723.88,23744.54,70557
2026-06-29 13:10:00,23744.54,23752.77,23730.08,23734.41,76379
2026-06-29 13:15:00,23734.41,23739.87,23723.73,23726.95,38429
2026-06-29 13:20:00,23726.95,23731.71,23697.38,23698.14,91347
2026-06-29 13:25:00,23698.14,23712.07,23680.51,23683.7,103986
2026-06-29 13:30:00,23683.7,23691.56,23670.92,23677.33,57084
2026-06-29 13:35:00,23677.33,23678.64,23662.11,23668.65,74227
2026-06-29 13:40:00,23668.65,23682.4,23665.06,23680.96,75464
2026-06-29 13:45:00,23680.96,23709.96,23678.72,23700.16,76537
2026-06-29 13:50:00,23700.16,23725.21,23699.24,23702.44,59990
2026-06-29 13:55:00,23702.44,23740.3,23701.77,23720.8,45927
2026-06-29 14:00:00,23720.8,23730.41,23703.6,23722.45,80331
2026-06-29 14:05:00,23722.45,23723.83,23703.43,23707.21,60538
2026-06-29 14:10:00,23707.21,23717.6,23688.61,23701.16,78466
2026-06-29 14:15:00,23701.16,23717.69,23699.73,23713.59,103872
2026-06-29 14:20:00,23713.59,23720.21,23693.12,23695.7,66301
2026-06-29 14:25:00,23695.7,23707.52,23674.82,23676.45,126186
2026-06-29 14:30:00,23676.45,23684.58,23656.37,23661.95,75356
2026-06-29 14:35:00,23661.95,23691.43,23661.45,23688.42,78524
2026-06-29 14:40:00,23688.42,23691.4,23676.24,23688.95,87941
2026-06-29 14:45:00,23688.95,23695.49,23681.73,23682.79,75469
2026-06-29 14:50:00,23682.79,23697.3,23659.03,23690.83,115836
2026-06-29 14:55:00,23690.83,23703.48,23659.61,23661.89,88475
2026-06-29 15:00:00,23661.89,23665.26,23638.28,23648.67,94027
2026-06-29 15:05:00,23648.67,23661.47,23577.81,23613.62,104090
2026-06-29 15:10:00,23613.62,23631.92,23604.86,23627.52,156848
2026-06-29 15:15:00,23627.52,23651.94,23609.87,23643.23,71381
2026-06-29 15:20:00,23643.23,23661.75,23611.78,23630.61,85345
2026-06-29 15:25:00,23630.61,23669.76,23621.3,23661.38,211035
2026-06-30 09:15:00,23673.81,23685.43,23628.34,23629.07,195265
2026-06-30 09:20:00,23629.07,23652.28,23601.11,23645.02,173081
2026-06-30 09:25:00,23645.02,23666.49,23618.9,23622.96,217098
2026-06-30 09:30:00,23622.96,23674.59,23617.1,23669.61,173203
2026-06-30 09:35:00,23669.61,23707.34,23650.58,23668.87,135707
2026-06-30 09:40:00,23668.87,23672.94,23636.53,23638.7,105131
2026-06-30 09:45:00,23638.7,23653.57,23630.48,23632.15,159793
2026-06-30 09:50:00,23632.15,23682.6,23630.24,23682.36,77562
2026-06-30 09:55:00,23682.36,23693.39,23653.63,23682.97,71095
2026-06-30 10:00:00,23682.97,23716.1,23670.36,23705.98,73371
2026-06-30 10:05:00,23705.98,23722.19,23704.13,23712.83,93569
2026-06-30 10:10:00,23712.83,23741.14,23710.03,23726.54,35043
2026-06-30 10:15:00,23726.54,23730.98,23690.68,23692.38,110444
2026-06-30 10:20:00,23692.38,23701.16,23673.08,23679.37,99728
2026-06-30 10:25:00,23679.37,23690.92,23675.11,23681.06,58151
2026-06-30 10:30:00,23681.06,23712.2,23678.1,23692.84,120157
2026-06-30 10:35:00,23692.84,23700.2,23678.91,23684.6,70591
2026-06-30 10:40:00,23684.6,23699.89,23672.75,23695.82,97144
2026-06-30 10:45:00,23695.82,23711.33,23680.84,23684.64,75053
2026-06-30 10:50:00,23684.64,23701.2,23682.93,23696.78,177241
2026-06-30 10:55:00,23696.78,23699.5,23667.21,23667.48,39088
2026-06-30 11:00:00,23667.48,23671.45,23652.34,23668.8,97942
2026-06-30 11:05:00,23668.8,23673.51,23642.0,23642.69,71252
2026-06-30 11:10:00,23642.69,23679.87,23642.43,23671.26,104194
2026-06-30 11:15:00,23671.26,23672.9,23654.08,23657.72,71437
2026-06-30 11:20:00,23657.72,23683.4,23656.19,23665.06,98886
2026-06-30 11:25:00,23665.06,23675.34,23660.72,23669.12,78383
2026-06-30 11:30:00,23669.12,23671.59,23635.96,23649.56,96019
2026-06-30 11:35:00,23649.56,23653.16,23636.94,23652.34,120134
2026-06-30 11:40:00,23652.34,23662.01,23643.61,23655.84,102425
2026-06-30 11:45:00,23655.84,23698.0,23652.2,23687.52,41511
2026-06-30 11:50:00,23687.52,23688.92,23673.37,23685.87,98944
2026-06-30 11:55:00,23685.87,23710.55,23677.04,23708.45,38177
2026-06-30 12:00:00,23708.45,23709.73,23671.55,23671.67,72636
2026-06-30 12:05:00,23671.67,23699.93,23665.28,23698.65,84043
2026-06-30 12:10:00,23698.65,23709.72,23696.12,23697.96,63120
2026-06-30 12:15:00,23697.96,23715.81,23694.6,23698.14,75052
2026-06-30 12:20:00,23698.14,23698.33,23669.45,23672.96,125087
2026-06-30 12:25:00,23672.96,23674.33,23654.41,23657.91,83823
2026-06-30 12:30:00,23657.91,23679.69,23652.93,23674.76,53577
2026-06-30 12:35:00,23674.76,23692.53,23666.55,23676.81,47414
2026-06-30 12:40:00,23676.81,23681.42,23663.51,23665.77,43191
2026-06-30 12:45:00,23665.77,23667.93,23639.99,23649.86,82384
2026-06-30 12:50:00,23649.86,23664.58,23633.65,23648.88,87682
2026-06-30 12:55:00,23648.88,23652.76,23628.97,23630.91,109904
2026-06-30 13:00:00,23630.91,23631.02,23598.97,23605.71,138115
2026-06-30 13:05:00,23605.71,23612.4,23600.51,23612.05,82072
2026-06-30 13:10:00,23612.05,23614.6,23570.78,23579.9,64958
2026-06-30 13:15:00,23579.9,23586.91,23573.67,23578.11,71682
2026-06-30 13:20:00,23578.11,23580.7,23565.99,23570.73,87094
2026-06-30 13:25:00,23570.73,23579.13,23551.7,23552.85,136603
2026-06-30 13:30:00,23552.85,23556.71,23543.63,23549.32,57862
2026-06-30 13:35:00,23549.32,23581.44,23543.54,23570.93,152474
2026-06-30 13:40:00,23570.93,23576.61,23556.46,23564.09,55247
2026-06-30 13:45:00,23564.09,23596.19,23561.04,23594.41,112313
2026-06-30 13:50:00,23594.41,23617.24,23594.39,23607.71,82183
2026-06-30 13:55:00,23607.71,23610.51,23588.23,23589.74,55123
2026-06-30 14:00:00,23589.74,23600.88,23579.19,23582.49,119716
2026-06-30 14:05:00,23582.49,23587.3,23552.46,23555.64,96816
2026-06-30 14:10:00,23555.64,23579.64,23542.84,23565.07,74898
2026-06-30 14:15:00,23565.07,23611.66,23563.35,23604.42,97427
2026-06-30 14:20:00,23604.42,23622.27,23602.09,23614.48,116188
2026-06-30 14:25:00,23614.48,23661.85,23611.38,23653.92,93575
2026-06-30 14:30:00,23653.92,23688.82,23645.2,23678.63,144650
2026-06-30 14:35:00,23678.63,23690.45,23666.99,23682.23,89309
2026-06-30 14:40:00,23682.23,23691.71,23671.3,23678.58,60574
2026-06-30 14:45:00,23678.58,23699.25,23669.93,23690.8,91197
2026-06-30 14:50:00,23690.8,23713.7,23684.83,23697.95,118902
2026-06-30 14:55:00,23697.95,23698.18,23659.74,23670.2,108631
2026-06-30 15:00:00,23670.2,23685.98,23639.02,23663.52,127601
2026-06-30 15:05:00,23663.52,23676.54,23655.77,23666.38,81060
2026-06-30 15:10:00,23666.38,23680.87,23648.48,23676.13,111627
2026-06-30 15:15:00,23676.13,23693.52,23664.96,23687.26,167215
2026-06-30 15:20:00,23687.26,23721.58,23668.72,23717.89,102030
2026-06-30 15:25:00,23717.89,23773.56,23711.06,23768.29,139062
2026-07-01 09:15:00,23659.38,23713.03,23612.57,23703.07,151866
2026-07-01 09:20:00,23703.07,23738.29,23690.78,23707.32,235547
2026-07-01 09:25:00,23707.32,23712.37,23650.76,23652.17,94915
2026-07-01 09:30:00,23652.17,23670.7,23641.66,23662.69,126443
2026-07-01 09:35:00,23662.69,23693.6,23649.89,23684.55,75619
2026-07-01 09:40:00,23684.55,23701.63,23664.67,23699.5,181090
2026-07-01 09:45:00,23699.5,23708.56,23656.06,23665.96,119745
2026-07-01 09:50:00,23665.96,23685.95,23663.21,23666.77,143976
2026-07-01 09:55:00,23666.77,23683.13,23653.16,23676.83,158751
2026-07-01 10:00:00,23676.83,23687.18,23663.23,23665.34,139183
2026-07-01 10:05:00,23665.34,23696.46,23656.7,23685.95,92537
2026-07-01 10:10:00,23685.95,23702.13,23663.35,23667.58,55157
2026-07-01 10:15:00,23667.58,23673.61,23634.2,23638.3,62314
2026-07-01 10:20:00,23638.3,23647.89,23626.17,23644.03,91696
2026-07-01 10:25:00,23644.03,23668.88,23636.36,23664.51,68484
2026-07-01 10:30:00,23664.51,23665.5,23643.53,23656.84,91836
2026-07-01 10:35:00,23656.84,23658.11,23616.99,23638.65,150176
2026-07-01 10:40:00,23638.65,23648.59,23638.55,23642.35,130170
2026-07-01 10:45:00,23642.35,23664.9,23633.56,23655.78,115109
2026-07-01 10:50:00,23655.78,23662.24,23629.23,23642.06,159807
2026-07-01 10:55:00,23642.06,23657.85,23626.64,23635.0,42126
2026-07-01 11:00:00,23635.0,23645.44,23626.61,23640.91,31973
2026-07-01 11:05:00,23640.91,23661.42,23627.9,23634.63,48244
2026-07-01 11:10:00,23634.63,23640.0,23577.06,23580.56,76654
2026-07-01 11:15:00,23580.56,23585.04,23557.65,23563.28,83611
2026-07-01 11:20:00,23563.28,23569.44,23526.44,23532.06,57396
2026-07-01 11:25:00,23532.06,23537.8,23488.64,23505.68,71694
2026-07-01 11:30:00,23505.68,23512.25,23482.82,23486.99,72959
2026-07-01 11:35:00,23486.99,23515.69,23484.64,23502.27,100626
2026-07-01 11:40:00,23502.27,23514.07,23471.16,23474.9,68514
2026-07-01 11:45:00,23474.9,23481.91,23443.95,23474.69,65462
2026-07-01 11:50:00,23474.69,23482.61,23462.22,23466.36,68864
2026-07-01 11:55:00,23466.36,23480.38,23462.61,23469.46,26635
2026-07-01 12:00:00,23469.46,23472.82,23428.07,23450.02,39131
2026-07-01 12:05:00,23450.02,23487.82,23440.76,23485.44,76244
2026-07-01 12:10:00,23485.44,23508.97,23483.57,23508.64,70921
2026-07-01 12:15:00,23508.64,23519.27,23502.33,23517.64,58131
2026-07-01 12:20:00,23517.64,23519.78,23481.44,23496.6,52219
2026-07-01 12:25:00,23496.6,23555.6,23494.35,23552.37,59036
2026-07-01 12:30:00,23552.37,23587.53,23552.3,23584.4,33088
2026-07-01 12:35:00,23584.4,23591.65,23565.1,23590.07,50691
2026-07-01 12:40:00,23590.07,23598.65,23579.87,23581.17,100054
2026-07-01 12:45:00,23581.17,23581.55,23556.37,23559.99,103773
2026-07-01 12:50:00,23559.99,23574.12,23544.56,23572.4,61906
2026-07-01 12:55:00,23572.4,23589.34,23568.83,23581.52,47786
2026-07-01 13:00:00,23581.52,23622.67,23576.92,23622.53,190341
2026-07-01 13:05:00,23622.53,23627.63,23605.41,23611.83,64981
2026-07-01 13:10:00,23611.83,23637.1,23607.92,23631.47,78747
2026-07-01 13:15:00,23631.47,23632.17,23584.4,23593.76,76792
2026-07-01 13:20:00,23593.76,23602.27,23582.21,23583.26,108153
2026-07-01 13:25:00,23583.26,23586.97,23552.31,23558.68,82020
2026-07-01 13:30:00,23558.68,23568.74,23534.28,23554.67,75823
2026-07-01 13:35:00,23554.67,23558.69,23534.21,23537.03,106829
2026-07-01 13:40:00,23537.03,23550.32,23517.86,23518.24,77193
2026-07-01 13:45:00,23518.24,23521.07,23483.42,23484.61,89258
2026-07-01 13:50:00,23484.61,23489.71,23461.33,23471.48,87301
2026-07-01 13:55:00,23471.48,23497.57,23464.48,23490.99,59590
2026-07-01 14:00:00,23490.99,23497.22,23485.14,23489.73,53993
2026-07-01 14:05:00,23489.73,23506.89,23484.54,23496.56,65783
2026-07-01 14:10:00,23496.56,23498.77,23481.14,23483.95,101635
2026-07-01 14:15:00,23483.95,23487.16,23472.04,23478.27,71234
2026-07-01 14:20:00,23478.27,23478.96,23456.15,23463.42,35295
2026-07-01 14:25:00,23463.42,23506.51,23458.43,23500.89,180990
2026-07-01 14:30:00,23500.89,23510.88,23467.37,23469.0,88304
2026-07-01 14:35:00,23469.0,23483.59,23453.11,23481.36,76254
2026-07-01 14:40:00,23481.36,23481.65,23441.15,23447.49,43825
2026-07-01 14:45:00,23447.49,23460.09,23395.07,23400.76,62403
2026-07-01 14:50:00,23400.76,23413.38,23361.13,23367.95,117038
2026-07-01 14:55:00,23367.95,23392.16,23367.46,23373.64,96681
2026-07-01 15:00:00,23373.64,23375.31,23318.12,23323.02,180447
2026-07-01 15:05:00,23323.02,23326.81,23261.93,23289.13,107091
2026-07-01 15:10:00,23289.13,23292.23,23250.92,23263.27,85111
2026-07-01 15:15:00,23263.27,23273.53,23215.45,23220.02,173222
2026-07-01 15:20:00,23220.02,23237.38,23177.18,23188.13,144885
2026-07-01 15:25:00,23188.13,23232.13,23154.19,23222.39,151692
2026-07-02 09:15:00,23106.53,23198.65,23100.45,23184.66,202541
2026-07-02 09:20:00,23184.66,23208.96,23148.51,23154.42,316996
2026-07-02 09:25:00,23154.42,23234.24,23150.87,23182.44,116156
2026-07-02 09:30:00,23182.44,23194.23,23172.77,23176.78,134430
2026-07-02 09:35:00,23176.78,23178.49,23144.12,23164.44,184596
2026-07-02 09:40:00,23164.44,23171.76,23143.16,23156.85,39187
2026-07-02 09:45:00,23156.85,23170.06,23094.36,23101.05,101903
2026-07-02 09:50:00,23101.05,23142.77,23095.08,23130.18,187779
2026-07-02 09:55:00,23130.18,23141.41,23119.26,23134.84,76298
2026-07-02 10:00:00,23134.84,23167.18,23119.77,23163.63,134525
2026-07-02 10:05:00,23163.63,23163.64,23128.23,23152.84,87334
2026-07-02 10:10:00,23152.84,23166.51,23124.29,23139.76,79346
2026-07-02 10:15:00,23139.76,23141.3,23113.95,23133.98,82003
2026-07-02 10:20:00,23133.98,23135.67,23117.98,23122.56,73769
2026-07-02 10:25:00,23122.56,23132.08,23105.51,23111.57,73583
2026-07-02 10:30:00,23111.57,23123.75,23109.98,23122.06,66609
2026-07-02 10:35:00,23122.06,23128.36,23095.38,23102.47,139970
2026-07-02 10:40:00,23102.47,23105.69,23089.24,23101.13,73364
2026-07-02 10:45:00,23101.13,23130.94,23095.45,23125.71,38997
2026-07-02 10:50:00,23125.71,23132.5,23102.46,23114.31,35662
2026-07-02 10:55:00,23114.31,23131.83,23109.84,23122.31,79963
2026-07-02 11:00:00,23122.31,23135.06,23109.2,23112.08,81154
2026-07-02 11:05:00,23112.08,23118.55,23093.25,23093.29,92306
2026-07-02 11:10:00,23093.29,23109.06,23089.58,23104.18,72114
2026-07-02 11:15:00,23104.18,23124.86,23095.58,23121.48,194730
2026-07-02 11:20:00,23121.48,23121.86,23091.95,23108.11,126654
2026-07-02 11:25:00,23108.11,23114.42,23097.93,23105.9,76457
2026-07-02 11:30:00,23105.9,23112.89,23093.71,23097.0,53105
2026-07-02 11:35:00,23097.0,23101.27,23077.21,23095.24,87018
2026-07-02 11:40:00,23095.24,23103.0,23085.52,23089.77,64637
2026-07-02 11:45:00,23089.77,23127.66,23089.4,23125.25,78241
2026-07-02 11:50:00,23125.25,23137.84,23096.95,23106.22,67445
2026-07-02 11:55:00,23106.22,23112.58,23087.14,23098.95,68154
2026-07-02 12:00:00,23098.95,23107.9,23093.54,23106.16,35959
2026-07-02 12:05:00,23106.16,23109.2,23090.88,23101.59,61402
2026-07-02 12:10:00,23101.59,23106.57,23084.97,23085.95,41881
2026-07-02 12:15:00,23085.95,23100.62,23079.8,23086.72,58595
2026-07-02 12:20:00,23086.72,23086.91,23052.97,23057.13,93966
2026-07-02 12:25:00,23057.13,23059.7,23040.74,23043.76,113503
2026-07-02 12:30:00,23043.76,23063.75,23025.53,23063.36,70434
2026-07-02 12:35:00,23063.36,23065.27,23048.77,23051.82,88925
2026-07-02 12:40:00,23051.82,23060.76,23044.71,23050.36,47559
2026-07-02 12:45:00,23050.36,23069.15,23036.86,23058.25,98832
2026-07-02 12:50:00,23058.25,23064.48,23051.0,23057.47,58711
2026-07-02 12:55:00,23057.47,23063.46,23013.92,23022.17,107285
2026-07-02 13:00:00,23022.17,23026.44,23004.52,23006.08,70780
2026-07-02 13:05:00,23006.08,23007.3,22971.04,22971.18,92550
2026-07-02 13:10:00,22971.18,22988.81,22952.52,22973.04,65541
2026-07-02 13:15:00,22973.04,22994.06,22966.7,22987.66,84589
2026-07-02 13:20:00,22987.66,22997.88,22966.2,22986.01,63689
2026-07-02 13:25:00,22986.01,22988.41,22975.75,22978.09,84509
2026-07-02 13:30:00,22978.09,22984.63,22970.64,22975.22,74971
2026-07-02 13:35:00,22975.22,23029.63,22963.08,23024.19,142630
2026-07-02 13:40:00,23024.19,23046.67,23021.2,23043.91,60768
2026-07-02 13:45:00,23043.91,23049.49,23016.33,23022.33,81072
2026-07-02 13:50:00,23022.33,23024.8,23000.05,23018.1,69293
2026-07-02 13:55:00,23018.1,23053.76,23015.3,23043.9,173123
2026-07-02 14:00:00,23043.9,23062.83,23028.94,23031.47,33159
2026-07-02 14:05:00,23031.47,23046.74,23023.27,23032.96,63942
2026-07-02 14:10:00,23032.96,23038.14,23019.48,23023.37,81938
2026-07-02 14:15:00,23023.37,23057.69,23016.39,23037.38,72947
2026-07-02 14:20:00,23037.38,23054.56,23026.31,23047.98,88676
2026-07-02 14:25:00,23047.98,23069.59,23041.22,23067.81,71155
2026-07-02 14:30:00,23067.81,23090.66,23060.49,23083.24,74029
2026-07-02 14:35:00,23083.24,23095.28,23071.36,23080.82,96689
2026-07-02 14:40:00,23080.82,23127.35,23075.06,23123.96,84916
2026-07-02 14:45:00,23123.96,23129.79,23103.07,23105.95,100261
2026-07-02 14:50:00,23105.95,23124.62,23094.47,23100.0,146366
2026-07-02 14:55:00,23100.0,23106.98,23091.1,23103.36,76276
2026-07-02 15:00:00,23103.36,23104.52,23088.8,23095.39,54245
2026-07-02 15:05:00,23095.39,23096.96,23052.3,23063.72,88553
2026-07-02 15:10:00,23063.72,23090.42,23062.73,23082.52,98766
2026-07-02 15:15:00,23082.52,23095.67,23043.33,23045.14,124111
2026-07-02 15:20:00,23045.14,23057.55,23042.56,23056.31,152097
2026-07-02 15:25:00,23056.31,23140.81,23055.35,23125.99,95383
2026-07-03 09:15:00,23138.89,23168.85,23099.3,23129.56,175337
2026-07-03 09:20:00,23129.56,23178.67,23079.25,23166.48,269650
2026-07-03 09:25:00,23166.48,23184.94,23153.46,23160.78,155576
2026-07-03 09:30:00,23160.78,23198.7,23142.3,23152.58,129424
2026-07-03 09:35:00,23152.58,23161.56,23129.01,23146.33,103419
2026-07-03 09:40:00,23146.33,23149.63,23086.63,23092.33,98812
2026-07-03 09:45:00,23092.33,23123.09,23071.82,23111.94,61261
2026-07-03 09:50:00,23111.94,23115.23,23051.82,23055.58,81631
2026-07-03 09:55:00,23055.58,23061.92,23007.52,23012.68,146978
2026-07-03 10:00:00,23012.68,23028.28,23000.0,23025.57,79982
2026-07-03 10:05:00,23025.57,23030.0,23002.11,23028.84,75360
2026-07-03 10:10:00,23028.84,23082.81,23017.8,23070.12,74289
2026-07-03 10:15:00,23070.12,23092.96,23062.01,23092.4,93995
2026-07-03 10:20:00,23092.4,23098.83,23063.07,23073.56,80265
2026-07-03 10:25:00,23073.56,23080.51,23050.38,23066.84,64771
2026-07-03 10:30:00,23066.84,23096.04,23059.6,23092.19,78950
2026-07-03 10:35:00,23092.19,23097.88,23070.34,23090.66,87044
2026-07-03 10:40:00,23090.66,23103.2,23085.82,23102.46,69588
2026-07-03 10:45:00,23102.46,23109.12,23088.07,23088.32,173143
2026-07-03 10:50:00,23088.32,23130.78,23084.91,23122.17,54907
2026-07-03 10:55:00,23122.17,23180.94,23115.8,23169.09,57117
2026-07-03 11:00:00,23169.09,23193.01,23163.23,23188.86,62337
2026-07-03 11:05:00,23188.86,23209.25,23188.34,23206.74,103632
2026-07-03 11:10:00,23206.74,23211.0,23161.89,23162.0,51912
2026-07-03 11:15:00,23162.0,23168.17,23153.03,23153.74,98857
2026-07-03 11:20:00,23153.74,23163.07,23144.29,23154.18,68027
2026-07-03 11:25:00,23154.18,23156.02,23120.1,23126.69,79159
2026-07-03 11:30:00,23126.69,23152.25,23121.39,23139.02,58585
2026-07-03 11:35:00,23139.02,23152.24,23126.03,23131.21,56496
2026-07-03 11:40:00,23131.21,23142.81,23123.02,23131.52,45068
2026-07-03 11:45:00,23131.52,23143.44,23124.2,23139.61,44505
2026-07-03 11:50:00,23139.61,23159.72,23127.73,23156.48,57495
2026-07-03 11:55:00,23156.48,23201.59,23134.5,23191.62,50951
2026-07-03 12:00:00,23191.62,23194.94,23147.1,23151.76,52000
2026-07-03 12:05:00,23151.76,23157.3,23125.43,23135.44,51129
2026-07-03 12:10:00,23135.44,23139.83,23118.17,23122.92,75807
2026-07-03 12:15:00,23122.92,23165.73,23105.05,23152.16,93820
2026-07-03 12:20:00,23152.16,23156.5,23132.54,23143.58,107523
2026-07-03 12:25:00,23143.58,23162.86,23128.06,23153.93,109063
2026-07-03 12:30:00,23153.93,23184.29,23145.31,23181.8,78247
2026-07-03 12:35:00,23181.8,23184.87,23161.24,23163.21,78814
2026-07-03 12:40:00,23163.21,23203.23,23159.72,23196.97,57846
2026-07-03 12:45:00,23196.97,23212.82,23192.94,23204.83,116410
2026-07-03 12:50:00,23204.83,23222.02,23175.3,23191.28,60288
2026-07-03 12:55:00,23191.28,23195.74,23168.49,23169.81,123956
2026-07-03 13:00:00,23169.81,23170.05,23138.94,23160.99,81655
2026-07-03 13:05:00,23160.99,23168.38,23151.35,23155.39,89160
2026-07-03 13:10:00,23155.39,23160.16,23130.8,23131.32,79096
2026-07-03 13:15:00,23131.32,23132.47,23097.14,23098.7,57247
2026-07-03 13:20:00,23098.7,23099.84,23065.37,23077.05,73057
2026-07-03 13:25:00,23077.05,23084.16,23054.75,23079.27,60532
2026-07-03 13:30:00,23079.27,23085.84,23037.6,23048.57,114544
2026-07-03 13:35:00,23048.57,23063.18,23029.12,23053.89,69440
2026-07-03 13:40:00,23053.89,23079.4,23047.49,23052.56,56753
2026-07-03 13:45:00,23052.56,23109.27,23048.88,23103.09,75794
2026-07-03 13:50:00,23103.09,23110.8,23085.04,23093.37,82383
2026-07-03 13:55:00,23093.37,23105.36,23074.47,23082.75,119847
2026-07-03 14:00:00,23082.75,23104.8,23073.37,23101.67,126489
2026-07-03 14:05:00,23101.67,23143.27,23094.52,23128.71,81891
2026-07-03 14:10:00,23128.71,23144.82,23124.14,23127.86,41038
2026-07-03 14:15:00,23127.86,23146.77,23124.53,23143.65,127790
2026-07-03 14:20:00,23143.65,23166.18,23142.35,23161.22,69073
2026-07-03 14:25:00,23161.22,23168.08,23152.47,23154.89,114108
2026-07-03 14:30:00,23154.89,23158.55,23141.51,23151.59,71559
2026-07-03 14:35:00,23151.59,23182.25,23151.24,23180.68,65346
2026-07-03 14:40:00,23180.68,23190.07,23147.59,23174.65,136065
2026-07-03 14:45:00,23174.65,23233.25,23172.09,23228.58,113510
2026-07-03 14:50:00,23228.58,23230.21,23206.01,23229.11,132846
2026-07-03 14:55:00,23229.11,23236.94,23167.88,23175.9,106499
2026-07-03 15:00:00,23175.9,23225.03,23166.68,23217.93,88963
2026-07-03 15:05:00,23217.93,23238.86,23188.49,23201.76,55596
2026-07-03 15:10:00,23201.76,23230.63,23192.9,23219.31,150801
2026-07-03 15:15:00,23219.31,23282.43,23196.27,23281.69,81253
2026-07-03 15:20:00,23281.69,23288.33,23210.61,23212.62,180150
2026-07-03 15:25:00,23212.62,23227.76,23181.31,23208.65,131889
2026-07-06 09:15:00,23210.23,23226.57,23181.84,23196.13,138016
2026-07-06 09:20:00,23196.13,23282.67,23189.41,23268.74,238178
2026-07-06 09:25:00,23268.74,23270.64,23217.88,23225.9,155851
2026-07-06 09:30:00,23225.9,23308.69,23224.72,23295.46,141582
2026-07-06 09:35:00,23295.46,23332.32,23279.73,23305.0,142634
2026-07-06 09:40:00,23305.0,23364.86,23304.62,23360.07,174083
2026-07-06 09:45:00,23360.07,23439.12,23347.06,23415.95,81277
2026-07-06 09:50:00,23415.95,23421.2,23387.34,23390.69,80401
2026-07-06 09:55:00,23390.69,23429.65,23386.5,23425.08,141603
2026-07-06 10:00:00,23425.08,23457.7,23391.02,23410.76,42587
2026-07-06 10:05:00,23410.76,23411.82,23332.4,23338.17,68554
2026-07-06 10:10:00,23338.17,23379.17,23334.55,23374.2,88946
2026-07-06 10:15:00,23374.2,23389.03,23368.64,23371.24,94376
2026-07-06 10:20:00,23371.24,23422.56,23367.07,23397.88,61661
2026-07-06 10:25:00,23397.88,23415.24,23386.23,23398.47,49139
2026-07-06 10:30:00,23398.47,23420.49,23386.75,23400.86,60419
2026-07-06 10:35:00,23400.86,23431.53,23396.1,23430.12,88750
2026-07-06 10:40:00,23430.12,23456.88,23424.55,23453.16,52224
2026-07-06 10:45:00,23453.16,23458.93,23431.11,23445.69,52599
2026-07-06 10:50:00,23445.69,23453.93,23445.67,23451.13,97898
2026-07-06 10:55:00,23451.13,23503.02,23438.89,23493.25,60336
2026-07-06 11:00:00,23493.25,23529.39,23483.35,23498.44,123469
2026-07-06 11:05:00,23498.44,23523.51,23496.17,23521.02,36209
2026-07-06 11:10:00,23521.02,23533.57,23510.26,23514.4,51283
2026-07-06 11:15:00,23514.4,23546.48,23512.11,23516.27,91059
2026-07-06 11:20:00,23516.27,23540.04,23512.96,23525.6,55263
2026-07-06 11:25:00,23525.6,23539.82,23512.52,23523.5,49599
2026-07-06 11:30:00,23523.5,23527.51,23498.26,23499.85,78583
2026-07-06 11:35:00,23499.85,23500.81,23442.98,23458.04,124120
2026-07-06 11:40:00,23458.04,23468.63,23444.01,23449.17,71861
2026-07-06 11:45:00,23449.17,23451.67,23428.9,23444.55,93285
2026-07-06 11:50:00,23444.55,23451.87,23434.71,23436.58,112569
2026-07-06 11:55:00,23436.58,23488.13,23428.75,23483.27,66544
2026-07-06 12:00:00,23483.27,23486.35,23445.7,23473.25,60132
2026-07-06 12:05:00,23473.25,23482.24,23424.59,23431.72,58863
2026-07-06 12:10:00,23431.72,23444.01,23421.64,23426.34,84742
2026-07-06 12:15:00,23426.34,23429.08,23398.48,23409.3,97217
2026-07-06 12:20:00,23409.3,23423.1,23377.04,23384.41,77384
2026-07-06 12:25:00,23384.41,23387.57,23351.49,23360.32,57084
2026-07-06 12:30:00,23360.32,23384.38,23358.42,23380.0,62044
2026-07-06 12:35:00,23380.0,23396.06,23378.44,23387.15,61029
2026-07-06 12:40:00,23387.15,23388.95,23354.38,23355.89,42222
2026-07-06 12:45:00,23355.89,23374.73,23347.23,23348.15,108251
2026-07-06 12:50:00,23348.15,23349.84,23325.07,23330.28,62520
2026-07-06 12:55:00,23330.28,23368.32,23328.16,23355.12,100644
2026-07-06 13:00:00,23355.12,23369.83,23326.81,23335.44,129186
2026-07-06 13:05:00,23335.44,23379.03,23333.65,23357.77,54965
2026-07-06 13:10:00,23357.77,23360.18,23303.96,23307.97,115970
2026-07-06 13:15:00,23307.97,23354.21,23307.01,23353.0,116838
2026-07-06 13:20:00,23353.0,23366.53,23349.09,23355.86,60259
2026-07-06 13:25:00,23355.86,23363.02,23348.96,23353.48,82493
2026-07-06 13:30:00,23353.48,23383.53,23351.86,23378.4,63273
2026-07-06 13:35:00,23378.4,23423.78,23373.46,23407.63,69897
2026-07-06 13:40:00,23407.63,23417.07,23401.29,23402.76,76913
2026-07-06 13:45:00,23402.76,23434.3,23396.77,23430.53,61288
2026-07-06 13:50:00,23430.53,23441.52,23415.7,23432.71,68292
2026-07-06 13:55:00,23432.71,23459.27,23432.14,23444.03,116371
2026-07-06 14:00:00,23444.03,23459.62,23416.39,23453.24,112552
2026-07-06 14:05:00,23453.24,23460.28,23436.52,23439.75,61361
2026-07-06 14:10:00,23439.75,23493.6,23436.25,23487.4,105141
2026-07-06 14:15:00,23487.4,23498.16,23443.49,23451.8,47768
2026-07-06 14:20:00,23451.8,23460.17,23430.09,23435.23,107343
2026-07-06 14:25:00,23435.23,23462.75,23433.19,23452.4,46260
2026-07-06 14:30:00,23452.4,23468.96,23420.7,23465.83,88506
2026-07-06 14:35:00,23465.83,23500.37,23465.25,23497.4,79273
2026-07-06 14:40:00,23497.4,23503.24,23479.94,23491.62,101646
2026-07-06 14:45:00,23491.62,23512.87,23438.92,23442.52,128240
2026-07-06 14:50:00,23442.52,23481.42,23441.69,23476.42,96808
2026-07-06 14:55:00,23476.42,23482.38,23422.61,23465.42,48692
2026-07-06 15:00:00,23465.42,23556.14,23459.0,23540.46,83699
2026-07-06 15:05:00,23540.46,23557.83,23521.72,23542.14,88020
2026-07-06 15:10:00,23542.14,23549.96,23487.89,23511.94,142747
2026-07-06 15:15:00,23511.94,23541.48,23497.7,23532.79,229834
2026-07-06 15:20:00,23532.79,23541.78,23498.29,23510.13,126747
2026-07-06 15:25:00,23510.13,23514.75,23462.46,23491.86,151924
2026-07-07 09:15:00,23381.15,23398.82,23338.94,23388.33,331888
2026-07-07 09:20:00,23388.33,23414.74,23348.37,23362.86,216839
2026-07-07 09:25:00,23362.86,23367.42,23333.78,23351.14,238215
2026-07-07 09:30:00,23351.14,23388.15,23323.02,23325.06,134517
2026-07-07 09:35:00,23325.06,23333.32,23287.37,23294.61,99683
2026-07-07 09:40:00,23294.61,23305.79,23279.48,23303.86,130628
2026-07-07 09:45:00,23303.86,23338.08,23278.07,23335.97,135054
2026-07-07 09:50:00,23335.97,23345.8,23302.65,23326.46,80339
2026-07-07 09:55:00,23326.46,23347.32,23314.09,23342.86,88338
2026-07-07 10:00:00,23342.86,23373.74,23342.5,23354.29,116626
2026-07-07 10:05:00,23354.29,23387.28,23324.49,23383.19,61302
2026-07-07 10:10:00,23383.19,23402.82,23369.42,23388.41,61675
2026-07-07 10:15:00,23388.41,23399.4,23384.69,23398.97,103832
2026-07-07 10:20:00,23398.97,23402.34,23349.13,23356.81,52695
2026-07-07 10:25:00,23356.81,23362.89,23305.25,23309.03,56599
2026-07-07 10:30:00,23309.03,23324.72,23288.69,23294.99,133815
2026-07-07 10:35:00,23294.99,23322.29,23274.56,23304.59,119166
2026-07-07 10:40:00,23304.59,23305.2,23260.99,23262.86,50968
2026-07-07 10:45:00,23262.86,23269.51,23238.87,23241.65,96002
2026-07-07 10:50:00,23241.65,23290.37,23236.85,23283.32,55510
2026-07-07 10:55:00,23283.32,23289.47,23254.05,23256.53,37811
2026-07-07 11:00:00,23256.53,23272.54,23235.59,23267.47,60023
2026-07-07 11:05:00,23267.47,23277.64,23253.64,23264.36,104107
2026-07-07 11:10:00,23264.36,23313.25,23260.9,23286.06,67108
2026-07-07 11:15:00,23286.06,23305.4,23275.07,23299.42,43796
2026-07-07 11:20:00,23299.42,23304.61,23260.26,23261.0,59332
2026-07-07 11:25:00,23261.0,23262.48,23229.19,23229.22,81964
2026-07-07 11:30:00,23229.22,23229.74,23195.57,23198.38,106703
2026-07-07 11:35:00,23198.38,23214.98,23182.42,23187.11,73724
2026-07-07 11:40:00,23187.11,23224.72,23185.68,23223.85,67757
2026-07-07 11:45:00,23223.85,23246.36,23214.35,23224.57,91862
2026-07-07 11:50:00,23224.57,23238.78,23214.69,23224.01,103918
2026-07-07 11:55:00,23224.01,23248.8,23212.75,23229.25,63484
2026-07-07 12:00:00,23229.25,23230.39,23192.68,23223.22,71357
2026-07-07 12:05:00,23223.22,23244.03,23205.84,23241.69,133237
2026-07-07 12:10:00,23241.69,23247.87,23213.46,23219.23,69833
2026-07-07 12:15:00,23219.23,23241.43,23214.63,23225.11,150746
2026-07-07 12:20:00,23225.11,23252.39,23224.85,23245.62,86341
2026-07-07 12:25:00,23245.62,23281.05,23245.11,23280.48,146309
2026-07-07 12:30:00,23280.48,23285.74,23261.37,23280.08,46230
2026-07-07 12:35:00,23280.08,23299.73,23278.66,23287.96,55919
2026-07-07 12:40:00,23287.96,23288.1,23255.83,23268.95,58426
2026-07-07 12:45:00,23268.95,23320.32,23265.09,23306.09,50963
2026-07-07 12:50:00,23306.09,23313.01,23288.25,23309.64,60094
2026-07-07 12:55:00,23309.64,23320.19,23295.69,23319.51,70807
2026-07-07 13:00:00,23319.51,23343.57,23315.52,23332.04,51106
2026-07-07 13:05:00,23332.04,23334.5,23311.5,23312.04,43953
2026-07-07 13:10:00,23312.04,23339.56,23309.83,23334.95,78844
2026-07-07 13:15:00,23334.95,23369.32,23328.88,23360.74,47588
2026-07-07 13:20:00,23360.74,23376.61,23354.73,23370.76,73289
2026-07-07 13:25:00,23370.76,23386.26,23366.21,23376.13,69148
2026-07-07 13:30:00,23376.13,23391.93,23375.07,23391.72,76675
2026-07-07 13:35:00,23391.72,23426.96,23377.99,23425.05,64646
2026-07-07 13:40:00,23425.05,23437.91,23413.94,23427.87,72739
2026-07-07 13:45:00,23427.87,23443.22,23423.71,23427.82,67786
2026-07-07 13:50:00,23427.82,23444.14,23412.23,23433.82,47920
2026-07-07 13:55:00,23433.82,23442.0,23419.3,23426.23,96609
2026-07-07 14:00:00,23426.23,23438.39,23409.06,23435.16,72771
2026-07-07 14:05:00,23435.16,23454.7,23432.37,23450.69,99415
2026-07-07 14:10:00,23450.69,23475.87,23443.04,23469.15,66484
2026-07-07 14:15:00,23469.15,23477.62,23458.04,23458.98,112062
2026-07-07 14:20:00,23458.98,23461.23,23432.55,23439.35,47777
2026-07-07 14:25:00,23439.35,23449.23,23391.1,23407.38,88479
2026-07-07 14:30:00,23407.38,23450.13,23395.29,23449.91,96596
2026-07-07 14:35:00,23449.91,23458.0,23423.26,23430.42,104601
2026-07-07 14:40:00,23430.42,23471.26,23427.08,23453.15,175234
2026-07-07 14:45:00,23453.15,23456.53,23428.46,23429.0,83442
2026-07-07 14:50:00,23429.0,23449.52,23409.44,23415.22,59756
2026-07-07 14:55:00,23415.22,23439.68,23408.46,23428.59,91827
2026-07-07 15:00:00,23428.59,23436.35,23403.92,23407.43,125075
2026-07-07 15:05:00,23407.43,23446.99,23401.89,23442.52,188997
2026-07-07 15:10:00,23442.52,23464.49,23397.2,23403.29,148986
2026-07-07 15:15:00,23403.29,23427.07,23401.99,23403.61,204110
2026-07-07 15:20:00,23403.61,23404.84,23355.22,23366.2,122766
2026-07-07 15:25:00,23366.2,23373.28,23300.71,23323.75,143078
2026-07-08 09:15:00,23297.95,23335.81,23217.42,23236.83,151402
2026-07-08 09:20:00,23236.83,23272.65,23227.48,23270.76,105189
2026-07-08 09:25:00,23270.76,23314.51,23264.98,23309.55,112957
2026-07-08 09:30:00,23309.55,23316.23,23251.37,23280.25,99668
2026-07-08 09:35:00,23280.25,23280.61,23247.75,23261.44,118334
2026-07-08 09:40:00,23261.44,23271.02,23179.74,23197.93,82745
2026-07-08 09:45:00,23197.93,23198.6,23167.66,23181.71,102567
2026-07-08 09:50:00,23181.71,23184.99,23140.88,23161.49,81868
2026-07-08 09:55:00,23161.49,23200.19,23159.0,23159.79,102776
2026-07-08 10:00:00,23159.79,23193.97,23151.73,23182.22,44317
2026-07-08 10:05:00,23182.22,23216.66,23177.15,23180.0,92368
2026-07-08 10:10:00,23180.0,23201.64,23163.01,23186.08,113518
2026-07-08 10:15:00,23186.08,23196.0,23144.77,23146.35,106480
2026-07-08 10:20:00,23146.35,23151.65,23123.86,23124.45,78530
2026-07-08 10:25:00,23124.45,23142.54,23121.18,23140.3,47502
2026-07-08 10:30:00,23140.3,23172.34,23139.78,23155.02,83396
2026-07-08 10:35:00,23155.02,23159.17,23130.44,23134.04,64175
2026-07-08 10:40:00,23134.04,23151.47,23111.58,23117.96,76486
2026-07-08 10:45:00,23117.96,23134.6,23092.29,23133.92,115108
2026-07-08 10:50:00,23133.92,23148.13,23115.02,23117.82,53203
2026-07-08 10:55:00,23117.82,23120.48,23092.26,23103.61,98316
2026-07-08 11:00:00,23103.61,23104.7,23065.04,23069.36,52632
2026-07-08 11:05:00,23069.36,23079.39,23045.24,23049.59,81962
2026-07-08 11:10:00,23049.59,23062.32,23031.64,23052.35,60529
2026-07-08 11:15:00,23052.35,23072.18,23047.86,23049.31,62025
2026-07-08 11:20:00,23049.31,23053.43,23025.05,23046.55,62529
2026-07-08 11:25:00,23046.55,23106.18,23036.47,23097.85,68040
2026-07-08 11:30:00,23097.85,23105.98,23083.07,23098.17,74634
2026-07-08 11:35:00,23098.17,23103.59,23079.99,23087.91,82191
2026-07-08 11:40:00,23087.91,23092.0,23050.82,23067.38,41577
2026-07-08 11:45:00,23067.38,23070.61,23025.98,23038.39,51413
2026-07-08 11:50:00,23038.39,23060.4,23020.65,23026.73,50156
2026-07-08 11:55:00,23026.73,23037.28,22984.63,22989.01,67909
2026-07-08 12:00:00,22989.01,23027.78,22971.47,23019.08,148536
2026-07-08 12:05:00,23019.08,23037.2,23012.93,23030.48,58762
2026-07-08 12:10:00,23030.48,23034.35,23016.19,23032.77,95577
2026-07-08 12:15:00,23032.77,23071.73,23026.09,23068.3,132740
2026-07-08 12:20:00,23068.3,23080.59,23054.41,23055.89,63899
2026-07-08 12:25:00,23055.89,23070.21,23040.15,23043.19,76262
2026-07-08 12:30:00,23043.19,23058.01,23022.03,23054.17,61852
2026-07-08 12:35:00,23054.17,23057.0,23038.02,23054.13,71911
2026-07-08 12:40:00,23054.13,23103.69,23052.09,23067.69,132054
2026-07-08 12:45:00,23067.69,23091.67,23067.41,23087.58,71225
2026-07-08 12:50:00,23087.58,23120.78,23083.75,23113.12,86605
2026-07-08 12:55:00,23113.12,23135.63,23110.65,23122.41,103812
2026-07-08 13:00:00,23122.41,23142.27,23119.14,23131.25,107289
2026-07-08 13:05:00,23131.25,23134.5,23095.29,23105.5,67776
2026-07-08 13:10:00,23105.5,23112.38,23065.99,23068.65,59909
2026-07-08 13:15:00,23068.65,23072.56,23040.83,23041.79,70583
2026-07-08 13:20:00,23041.79,23073.53,23028.08,23065.2,101702
2026-07-08 13:25:00,23065.2,23073.27,23048.79,23049.2,124454
2026-07-08 13:30:00,23049.2,23051.74,23033.3,23033.71,133262
2026-07-08 13:35:00,23033.71,23051.79,23020.16,23035.23,98930
2026-07-08 13:40:00,23035.23,23050.14,23017.59,23019.87,63949
2026-07-08 13:45:00,23019.87,23042.27,23015.18,23027.91,86228
2026-07-08 13:50:00,23027.91,23068.99,23024.52,23060.03,73224
2026-07-08 13:55:00,23060.03,23069.77,23039.82,23044.51,107096
2026-07-08 14:00:00,23044.51,23047.24,23030.67,23034.73,96566
2026-07-08 14:05:00,23034.73,23041.69,23019.15,23027.19,97982
2026-07-08 14:10:00,23027.19,23060.2,23022.58,23053.01,66300
2026-07-08 14:15:00,23053.01,23057.46,23032.1,23037.65,82228
2026-07-08 14:20:00,23037.65,23075.29,23032.17,23066.13,169371
2026-07-08 14:25:00,23066.13,23093.02,23066.08,23087.47,78680
2026-07-08 14:30:00,23087.47,23093.48,23049.13,23049.29,97849
2026-07-08 14:35:00,23049.29,23077.11,23040.22,23068.65,127435
2026-07-08 14:40:00,23068.65,23106.46,23051.87,23104.66,124108
2026-07-08 14:45:00,23104.66,23138.13,23104.22,23130.6,79275
2026-07-08 14:50:00,23130.6,23138.62,23100.06,23105.25,83409
2026-07-08 14:55:00,23105.25,23126.41,23091.45,23123.65,179588
2026-07-08 15:00:00,23123.65,23172.9,23111.3,23163.37,124479
2026-07-08 15:05:00,23163.37,23246.98,23161.61,23211.98,66041
2026-07-08 15:10:00,23211.98,23226.71,23193.3,23222.88,150754
2026-07-08 15:15:00,23222.88,23231.9,23182.16,23191.45,166514
2026-07-08 15:20:00,23191.45,23203.32,23156.68,23197.37,93774
2026-07-08 15:25:00,23197.37,23244.01,23186.29,23212.83,97147
2026-07-09 09:15:00,23174.2,23194.71,23010.48,23042.09,225189
2026-07-09 09:20:00,23042.09,23053.36,23007.85,23024.95,220620
2026-07-09 09:25:00,23024.95,23034.36,23015.94,23017.24,119177
2026-07-09 09:30:00,23017.24,23071.3,22998.89,23009.87,160737
2026-07-09 09:35:00,23009.87,23022.94,22984.58,23003.94,104543
2026-07-09 09:40:00,23003.94,23041.0,22983.68,22995.1,79447
2026-07-09 09:45:00,22995.1,23037.11,22984.7,23009.04,55615
2026-07-09 09:50:00,23009.04,23035.57,23007.0,23017.62,144769
2026-07-09 09:55:00,23017.62,23048.89,22994.7,23048.42,49314
2026-07-09 10:00:00,23048.42,23049.83,22993.77,23012.44,78210
2026-07-09 10:05:00,23012.44,23018.99,22981.24,22983.57,131962
2026-07-09 10:10:00,22983.57,22993.95,22967.37,22967.78,58171
2026-07-09 10:15:00,22967.78,23032.24,22954.74,23023.85,103280
2026-07-09 10:20:00,23023.85,23050.55,23013.03,23032.66,101594
2026-07-09 10:25:00,23032.66,23050.43,23031.55,23032.93,44400
2026-07-09 10:30:00,23032.93,23047.65,23023.67,23042.18,55905
2026-07-09 10:35:00,23042.18,23052.59,23041.86,23044.15,85045
2026-07-09 10:40:00,23044.15,23051.89,23032.02,23035.22,47199
2026-07-09 10:45:00,23035.22,23040.48,23031.75,23032.91,34977
2026-07-09 10:50:00,23032.91,23063.34,23025.08,23061.27,102213
2026-07-09 10:55:00,23061.27,23078.81,23040.23,23068.57,112811
2026-07-09 11:00:00,23068.57,23073.77,23048.83,23064.71,70218
2026-07-09 11:05:00,23064.71,23098.04,23050.41,23082.84,44860
2026-07-09 11:10:00,23082.84,23083.2,23050.03,23053.76,75762
2026-07-09 11:15:00,23053.76,23057.5,23006.89,23010.03,61520
2026-07-09 11:20:00,23010.03,23012.02,22968.25,22979.18,101800
2026-07-09 11:25:00,22979.18,22981.25,22948.51,22966.97,38283
2026-07-09 11:30:00,22966.97,22976.85,22959.18,22974.8,72816
2026-07-09 11:35:00,22974.8,22979.57,22948.19,22954.95,77195
2026-07-09 11:40:00,22954.95,22979.11,22948.87,22978.45,87335
2026-07-09 11:45:00,22978.45,22989.09,22970.29,22981.42,65225
2026-07-09 11:50:00,22981.42,22996.26,22956.78,22990.34,62866
2026-07-09 11:55:00,22990.34,23002.02,22969.8,22995.53,70050
2026-07-09 12:00:00,22995.53,22995.88,22969.34,22978.62,135571
2026-07-09 12:05:00,22978.62,23012.32,22965.05,22977.26,82869
2026-07-09 12:10:00,22977.26,23000.06,22968.81,22976.34,79130
2026-07-09 12:15:00,22976.34,22978.16,22950.04,22958.3,125416
2026-07-09 12:20:00,22958.3,22959.85,22927.14,22935.95,89464
2026-07-09 12:25:00,22935.95,22942.08,22923.64,22941.85,80333
2026-07-09 12:30:00,22941.85,22949.17,22920.99,22945.93,81208
2026-07-09 12:35:00,22945.93,22968.59,22941.99,22946.78,43832
2026-07-09 12:40:00,22946.78,22962.85,22903.42,22909.9,35492
2026-07-09 12:45:00,22909.9,22966.42,22908.83,22964.28,56750
2026-07-09 12:50:00,22964.28,22982.16,22951.66,22952.12,44498
2026-07-09 12:55:00,22952.12,22960.26,22936.43,22958.17,57421
2026-07-09 13:00:00,22958.17,22991.05,22955.94,22990.32,105119
2026-07-09 13:05:00,22990.32,23000.27,22970.31,22995.03,48099
2026-07-09 13:10:00,22995.03,23002.81,22989.66,22993.07,67188
2026-07-09 13:15:00,22993.07,23031.75,22992.03,23021.77,137364
2026-07-09 13:20:00,23021.77,23058.89,23017.63,23054.6,86392
2026-07-09 13:25:00,23054.6,23070.44,23039.41,23064.14,58664
2026-07-09 13:30:00,23064.14,23068.52,23006.2,23009.16,47358
2026-07-09 13:35:00,23009.16,23013.17,22989.94,23001.72,110680
2026-07-09 13:40:00,23001.72,23022.56,22990.79,23017.56,35734
2026-07-09 13:45:00,23017.56,23018.5,22958.87,22970.37,124810
2026-07-09 13:50:00,22970.37,22986.79,22966.07,22984.18,64446
2026-07-09 13:55:00,22984.18,22984.73,22964.51,22965.08,50376
2026-07-09 14:00:00,22965.08,23038.49,22959.54,23038.06,54649
2026-07-09 14:05:00,23038.06,23039.79,22987.56,22991.58,64855
2026-07-09 14:10:00,22991.58,23017.69,22986.6,23012.32,66811
2026-07-09 14:15:00,23012.32,23027.39,22997.81,23012.88,87317
2026-07-09 14:20:00,23012.88,23020.06,22973.94,22977.04,78313
2026-07-09 14:25:00,22977.04,22983.77,22955.85,22966.49,64514
2026-07-09 14:30:00,22966.49,22989.05,22960.23,22964.04,53801
2026-07-09 14:35:00,22964.04,22970.02,22928.18,22930.89,122144
2026-07-09 14:40:00,22930.89,22938.21,22910.75,22914.68,83436
2026-07-09 14:45:00,22914.68,22939.01,22897.59,22907.47,58057
2026-07-09 14:50:00,22907.47,22970.09,22896.49,22954.03,94855
2026-07-09 14:55:00,22954.03,22961.0,22921.03,22944.45,124819
2026-07-09 15:00:00,22944.45,22950.94,22911.51,22924.47,151665
2026-07-09 15:05:00,22924.47,22926.11,22868.59,22894.57,152788
2026-07-09 15:10:00,22894.57,22910.81,22841.23,22878.89,105631
2026-07-09 15:15:00,22878.89,22882.46,22853.25,22854.95,82807
2026-07-09 15:20:00,22854.95,22880.13,22846.73,22871.79,122550
2026-07-09 15:25:00,22871.79,22917.45,22835.23,22898.72,280737
2026-07-10 09:15:00,23004.34,23011.59,22976.39,23006.99,89938
2026-07-10 09:20:00,23006.99,23011.93,22912.37,22948.21,170511
2026-07-10 09:25:00,22948.21,23016.3,22914.13,23015.54,169606
2026-07-10 09:30:00,23015.54,23066.8,23015.31,23050.63,112651
2026-07-10 09:35:00,23050.63,23057.57,22987.83,22990.5,105607
2026-07-10 09:40:00,22990.5,22992.67,22912.82,22932.09,99680
2026-07-10 09:45:00,22932.09,22966.15,22913.03,22956.08,132244
2026-07-10 09:50:00,22956.08,22961.69,22909.23,22915.69,152346
2026-07-10 09:55:00,22915.69,22925.07,22892.59,22904.78,136558
2026-07-10 10:00:00,22904.78,22911.38,22878.87,22885.87,51867
2026-07-10 10:05:00,22885.87,22904.12,22867.16,22899.83,62190
2026-07-10 10:10:00,22899.83,22911.29,22879.87,22887.38,98226
2026-07-10 10:15:00,22887.38,22902.49,22874.04,22897.91,73601
2026-07-10 10:20:00,22897.91,22907.47,22873.72,22876.36,83900
2026-07-10 10:25:00,22876.36,22897.29,22871.5,22883.14,64333
2026-07-10 10:30:00,22883.14,22887.47,22861.43,22866.68,109431
2026-07-10 10:35:00,22866.68,22913.99,22862.84,22903.44,67878
2026-07-10 10:40:00,22903.44,22923.38,22901.95,22912.81,81487
2026-07-10 10:45:00,22912.81,22920.73,22873.8,22878.29,94942
2026-07-10 10:50:00,22878.29,22891.8,22850.86,22873.39,66998
2026-07-10 10:55:00,22873.39,22875.15,22842.27,22868.81,75229
2026-07-10 11:00:00,22868.81,22892.8,22864.65,22872.15,105029
2026-07-10 11:05:00,22872.15,22887.28,22871.55,22883.6,84867
2026-07-10 11:10:00,22883.6,22886.53,22841.16,22846.27,83641
2026-07-10 11:15:00,22846.27,22856.39,22833.42,22844.47,103362
2026-07-10 11:20:00,22844.47,22857.39,22827.38,22840.21,68347
2026-07-10 11:25:00,22840.21,22864.75,22816.27,22821.8,78888
2026-07-10 11:30:00,22821.8,22859.83,22819.84,22840.82,75500
2026-07-10 11:35:00,22840.82,22878.04,22821.73,22873.27,49599
2026-07-10 11:40:00,22873.27,22885.42,22860.67,22876.32,165135
2026-07-10 11:45:00,22876.32,22890.07,22875.88,22890.02,51775
2026-07-10 11:50:00,22890.02,22900.67,22875.57,22888.44,91952
2026-07-10 11:55:00,22888.44,22902.64,22858.01,22865.85,80610
2026-07-10 12:00:00,22865.85,22876.71,22858.99,22870.03,48186
2026-07-10 12:05:00,22870.03,22871.59,22844.71,22865.74,84021
2026-07-10 12:10:00,22865.74,22882.81,22859.49,22879.02,51626
2026-07-10 12:15:00,22879.02,22883.74,22854.93,22856.51,89378
2026-07-10 12:20:00,22856.51,22895.8,22855.52,22880.71,69364
2026-07-10 12:25:00,22880.71,22891.43,22864.45,22880.07,47960
2026-07-10 12:30:00,22880.07,22887.95,22846.9,22868.02,67915
2026-07-10 12:35:00,22868.02,22906.31,22848.67,22901.31,34113
2026-07-10 12:40:00,22901.31,22932.42,22891.59,22928.89,79988
2026-07-10 12:45:00,22928.89,22941.8,22914.44,22926.05,84075
2026-07-10 12:50:00,22926.05,22931.38,22902.92,22903.76,129733
2026-07-10 12:55:00,22903.76,22916.76,22902.92,22914.95,104416
2026-07-10 13:00:00,22914.95,22922.1,22888.25,22899.82,72529
2026-07-10 13:05:00,22899.82,22912.62,22887.2,22907.97,91668
2026-07-10 13:10:00,22907.97,22947.18,22906.05,22939.0,72196
2026-07-10 13:15:00,22939.0,22943.39,22925.9,22938.2,71864
2026-07-10 13:20:00,22938.2,22973.62,22925.35,22968.2,48039
2026-07-10 13:25:00,22968.2,23013.42,22957.78,23003.39,46849
2026-07-10 13:30:00,23003.39,23008.0,22975.14,22984.28,49257
2026-07-10 13:35:00,22984.28,23038.4,22973.83,23006.17,80948
2026-07-10 13:40:00,23006.17,23009.46,22983.04,22997.56,76706
2026-07-10 13:45:00,22997.56,23053.84,22985.07,23047.26,60689
2026-07-10 13:50:00,23047.26,23053.57,23023.58,23026.63,78667
2026-07-10 13:55:00,23026.63,23037.73,22999.56,23010.14,82678
2026-07-10 14:00:00,23010.14,23028.54,23002.41,23019.66,170884
2026-07-10 14:05:00,23019.66,23060.83,23014.9,23058.22,83864
2026-07-10 14:10:00,23058.22,23058.67,23021.94,23043.27,87236
2026-07-10 14:15:00,23043.27,23087.74,23039.88,23080.53,213173
2026-07-10 14:20:00,23080.53,23126.98,23080.05,23098.17,130534
2026-07-10 14:25:00,23098.17,23128.59,23095.02,23115.37,84880
2026-07-10 14:30:00,23115.37,23161.24,23106.29,23157.65,90167
2026-07-10 14:35:00,23157.65,23218.86,23153.81,23217.21,119229
2026-07-10 14:40:00,23217.21,23269.86,23216.65,23264.93,92557
2026-07-10 14:45:00,23264.93,23269.28,23255.13,23256.31,52637
2026-07-10 14:50:00,23256.31,23314.02,23254.74,23311.29,154024
2026-07-10 14:55:00,23311.29,23312.33,23268.2,23273.87,120128
2026-07-10 15:00:00,23273.87,23297.32,23271.15,23282.14,106060
2026-07-10 15:05:00,23282.14,23288.94,23218.63,23222.38,75498
2026-07-10 15:10:00,23222.38,23246.5,23219.71,23228.81,86722
2026-07-10 15:15:00,23228.81,23236.8,23196.51,23232.13,186285
2026-07-10 15:20:00,23232.13,23238.83,23192.61,23222.71,194212
2026-07-10 15:25:00,23222.71,23277.22,23193.43,23206.07,111048
2026-07-13 09:15:00,23227.94,23255.78,23188.24,23205.12,187398
2026-07-13 09:20:00,23205.12,23288.94,23199.96,23258.12,85828
2026-07-13 09:25:00,23258.12,23299.58,23170.16,23194.17,116799
2026-07-13 09:30:00,23194.17,23218.18,23181.15,23205.04,194901
2026-07-13 09:35:00,23205.04,23247.2,23163.84,23168.54,184456
2026-07-13 09:40:00,23168.54,23178.08,23148.68,23174.14,131043
2026-07-13 09:45:00,23174.14,23241.88,23171.35,23235.48,104017
2026-07-13 09:50:00,23235.48,23243.74,23191.51,23205.9,284717
2026-07-13 09:55:00,23205.9,23229.55,23194.77,23219.81,140277
2026-07-13 10:00:00,23219.81,23236.75,23215.83,23232.58,101451
2026-07-13 10:05:00,23232.58,23251.52,23223.12,23247.45,50285
2026-07-13 10:10:00,23247.45,23265.12,23236.15,23242.23,78374
2026-07-13 10:15:00,23242.23,23260.11,23228.67,23233.23,175652
2026-07-13 10:20:00,23233.23,23248.31,23223.88,23230.25,118356
2026-07-13 10:25:00,23230.25,23241.23,23221.35,23240.36,94172
2026-07-13 10:30:00,23240.36,23305.89,23232.35,23279.13,65133
2026-07-13 10:35:00,23279.13,23279.27,23248.05,23269.77,127864
2026-07-13 10:40:00,23269.77,23287.73,23225.97,23241.99,136420
2026-07-13 10:45:00,23241.99,23269.47,23238.7,23242.53,58804
2026-07-13 10:50:00,23242.53,23255.02,23216.72,23234.77,34294
2026-07-13 10:55:00,23234.77,23239.63,23199.15,23206.16,50318
2026-07-13 11:00:00,23206.16,23276.38,23202.07,23270.63,57223
2026-07-13 11:05:00,23270.63,23277.54,23262.8,23266.04,61508
2026-07-13 11:10:00,23266.04,23266.61,23228.36,23230.43,87550
2026-07-13 11:15:00,23230.43,23246.2,23223.97,23241.18,58363
2026-07-13 11:20:00,23241.18,23249.1,23210.24,23221.33,75739
2026-07-13 11:25:00,23221.33,23236.81,23214.41,23219.05,62424
2026-07-13 11:30:00,23219.05,23223.66,23195.33,23222.21,103876
2026-07-13 11:35:00,23222.21,23236.12,23216.83,23224.76,69470
2026-07-13 11:40:00,23224.76,23249.19,23223.92,23235.18,183595
2026-07-13 11:45:00,23235.18,23253.3,23218.62,23225.32,42353
2026-07-13 11:50:00,23225.32,23243.29,23224.16,23228.91,108960
2026-07-13 11:55:00,23228.91,23258.34,23225.26,23225.66,42365
2026-07-13 12:00:00,23225.66,23247.98,23218.42,23238.64,76020
2026-07-13 12:05:00,23238.64,23247.5,23217.36,23234.44,75775
2026-07-13 12:10:00,23234.44,23236.67,23223.2,23231.3,51917
2026-07-13 12:15:00,23231.3,23238.72,23202.65,23207.22,175911
2026-07-13 12:20:00,23207.22,23213.77,23141.57,23143.87,49761
2026-07-13 12:25:00,23143.87,23174.78,23138.4,23173.5,78697
2026-07-13 12:30:00,23173.5,23181.61,23165.52,23170.51,46586
2026-07-13 12:35:00,23170.51,23173.7,23145.28,23170.51,52832
2026-07-13 12:40:00,23170.51,23179.29,23164.4,23172.6,85533
2026-07-13 12:45:00,23172.6,23196.16,23169.67,23180.61,68091
2026-07-13 12:50:00,23180.61,23184.12,23159.67,23163.94,82671
2026-07-13 12:55:00,23163.94,23175.75,23161.18,23163.03,141319
2026-07-13 13:00:00,23163.03,23209.31,23157.06,23179.71,90588
2026-07-13 13:05:00,23179.71,23205.52,23176.48,23204.86,94384
2026-07-13 13:10:00,23204.86,23221.42,23201.35,23210.03,55018
2026-07-13 13:15:00,23210.03,23212.03,23161.98,23168.93,82627
2026-07-13 13:20:00,23168.93,23223.1,23166.54,23220.5,71552
2026-07-13 13:25:00,23220.5,23234.37,23213.8,23224.99,115013
2026-07-13 13:30:00,23224.99,23243.02,23216.49,23218.62,49202
2026-07-13 13:35:00,23218.62,23254.12,23205.21,23249.29,88868
2026-07-13 13:40:00,23249.29,23253.81,23221.43,23223.57,86812
2026-07-13 13:45:00,23223.57,23265.85,23211.01,23254.74,112552
2026-07-13 13:50:00,23254.74,23276.41,23241.88,23271.57,80667
2026-07-13 13:55:00,23271.57,23278.13,23248.92,23250.56,149904
2026-07-13 14:00:00,23250.56,23254.31,23231.73,23239.89,95029
2026-07-13 14:05:00,23239.89,23256.41,23233.33,23247.28,121465
2026-07-13 14:10:00,23247.28,23257.23,23232.44,23241.01,38292
2026-07-13 14:15:00,23241.01,23262.83,23237.86,23241.71,96066
2026-07-13 14:20:00,23241.71,23246.93,23211.7,23221.69,117902
2026-07-13 14:25:00,23221.69,23247.24,23207.88,23243.06,64778
2026-07-13 14:30:00,23243.06,23277.65,23235.96,23257.62,74979
2026-07-13 14:35:00,23257.62,23281.04,23229.21,23236.37,86467
2026-07-13 14:40:00,23236.37,23265.15,23225.48,23229.78,54883
2026-07-13 14:45:00,23229.78,23235.68,23201.38,23218.02,55602
2026-07-13 14:50:00,23218.02,23218.34,23179.4,23181.4,91648
2026-07-13 14:55:00,23181.4,23230.91,23180.24,23230.31,135955
2026-07-13 15:00:00,23230.31,23255.85,23227.08,23248.15,118064
2026-07-13 15:05:00,23248.15,23259.88,23188.95,23190.87,53666
2026-07-13 15:10:00,23190.87,23269.68,23180.08,23256.89,105415
2026-07-13 15:15:00,23256.89,23321.99,23247.71,23319.04,173698
2026-07-13 15:20:00,23319.04,23365.44,23304.66,23317.56,188242
2026-07-13 15:25:00,23317.56,23433.68,23309.7,23425.03,130719
2026-07-14 09:15:00,23492.91,23523.19,23430.88,23521.71,236225
2026-07-14 09:20:00,23521.71,23549.4,23466.95,23474.8,136332
2026-07-14 09:25:00,23474.8,23488.83,23426.63,23479.51,113538
2026-07-14 09:30:00,23479.51,23488.34,23453.16,23485.17,58055
2026-07-14 09:35:00,23485.17,23535.98,23483.06,23530.15,66791
2026-07-14 09:40:00,23530.15,23542.88,23522.57,23523.35,138073
2026-07-14 09:45:00,23523.35,23586.01,23510.02,23553.77,175807
2026-07-14 09:50:00,23553.77,23570.69,23541.04,23558.96,37007
2026-07-14 09:55:00,23558.96,23565.92,23510.36,23518.2,69205
2026-07-14 10:00:00,23518.2,23524.6,23478.59,23479.92,113483
2026-07-14 10:05:00,23479.92,23501.15,23433.97,23437.98,100275
2026-07-14 10:10:00,23437.98,23440.01,23423.06,23425.91,67998
2026-07-14 10:15:00,23425.91,23445.39,23415.34,23442.93,60620
2026-07-14 10:20:00,23442.93,23466.23,23431.82,23462.83,113811
2026-07-14 10:25:00,23462.83,23476.11,23454.17,23469.51,46770
2026-07-14 10:30:00,23469.51,23489.18,23465.28,23482.06,79839
2026-07-14 10:35:00,23482.06,23501.27,23477.48,23493.32,87027
2026-07-14 10:40:00,23493.32,23507.69,23484.22,23506.84,56409
2026-07-14 10:45:00,23506.84,23517.0,23496.24,23509.72,65539
2026-07-14 10:50:00,23509.72,23535.61,23507.19,23513.19,70969
2026-07-14 10:55:00,23513.19,23515.54,23481.2,23503.64,47555
2026-07-14 11:00:00,23503.64,23518.51,23498.62,23517.6,97478
2026-07-14 11:05:00,23517.6,23523.95,23487.73,23497.87,101312
2026-07-14 11:10:00,23497.87,23528.86,23492.58,23520.51,129236
2026-07-14 11:15:00,23520.51,23521.35,23498.39,23510.7,84558
2026-07-14 11:20:00,23510.7,23536.04,23499.96,23520.69,70014
2026-07-14 11:25:00,23520.69,23526.5,23493.08,23501.61,70698
2026-07-14 11:30:00,23501.61,23544.26,23496.67,23542.11,57551
2026-07-14 11:35:00,23542.11,23567.54,23530.34,23561.97,104765
2026-07-14 11:40:00,23561.97,23568.34,23507.29,23510.52,77830
2026-07-14 11:45:00,23510.52,23553.46,23503.23,23552.31,97137
2026-07-14 11:50:00,23552.31,23570.73,23543.06,23549.78,150076
2026-07-14 11:55:00,23549.78,23566.51,23531.39,23532.81,80060
2026-07-14 12:00:00,23532.81,23538.98,23519.94,23531.67,123182
2026-07-14 12:05:00,23531.67,23536.39,23483.95,23486.92,76400
2026-07-14 12:10:00,23486.92,23487.93,23435.66,23449.01,119153
2026-07-14 12:15:00,23449.01,23485.54,23438.28,23484.24,103125
2026-07-14 12:20:00,23484.24,23495.43,23483.39,23489.51,77710
2026-07-14 12:25:00,23489.51,23516.54,23487.58,23497.46,88372
2026-07-14 12:30:00,23497.46,23501.77,23461.08,23470.64,79532
2026-07-14 12:35:00,23470.64,23488.45,23469.23,23482.87,65522
2026-07-14 12:40:00,23482.87,23504.28,23475.3,23497.04,56249
2026-07-14 12:45:00,23497.04,23537.74,23491.9,23532.4,104597
2026-07-14 12:50:00,23532.4,23550.33,23511.53,23513.84,92772
2026-07-14 12:55:00,23513.84,23520.23,23498.03,23515.38,96423
2026-07-14 13:00:00,23515.38,23540.62,23509.44,23527.51,70699
2026-07-14 13:05:00,23527.51,23576.7,23525.04,23569.72,56559
2026-07-14 13:10:00,23569.72,23582.17,23562.45,23567.56,123738
2026-07-14 13:15:00,23567.56,23593.58,23562.44,23587.57,64755
2026-07-14 13:20:00,23587.57,23603.79,23576.6,23603.18,116182
2026-07-14 13:25:00,23603.18,23610.82,23575.24,23579.59,92897
2026-07-14 13:30:00,23579.59,23608.8,23579.24,23603.04,55169
2026-07-14 13:35:00,23603.04,23636.29,23581.01,23581.66,111038
2026-07-14 13:40:00,23581.66,23582.51,23552.16,23557.54,78692
2026-07-14 13:45:00,23557.54,23574.6,23552.63,23568.99,84477
2026-07-14 13:50:00,23568.99,23610.02,23555.97,23603.5,149056
2026-07-14 13:55:00,23603.5,23624.8,23593.71,23605.89,119090
2026-07-14 14:00:00,23605.89,23619.58,23594.87,23596.17,92771
2026-07-14 14:05:00,23596.17,23637.0,23591.84,23636.78,91418
2026-07-14 14:10:00,23636.78,23664.84,23620.37,23623.28,85492
2026-07-14 14:15:00,23623.28,23627.28,23586.63,23601.43,115931
2026-07-14 14:20:00,23601.43,23644.66,23594.96,23631.79,93996
2026-07-14 14:25:00,23631.79,23643.12,23627.18,23642.68,52579
2026-07-14 14:30:00,23642.68,23645.14,23611.72,23622.86,52882
2026-07-14 14:35:00,23622.86,23627.13,23605.14,23620.74,48266
2026-07-14 14:40:00,23620.74,23632.58,23610.09,23617.51,46926
2026-07-14 14:45:00,23617.51,23655.72,23609.64,23636.32,102430
2026-07-14 14:50:00,23636.32,23659.71,23621.83,23627.75,71957
2026-07-14 14:55:00,23627.75,23661.38,23609.84,23615.03,97176
2026-07-14 15:00:00,23615.03,23661.37,23585.95,23653.3,89019
2026-07-14 15:05:00,23653.3,23678.9,23624.2,23673.32,161291
2026-07-14 15:10:00,23673.32,23676.94,23599.12,23603.16,189608
2026-07-14 15:15:00,23603.16,23607.56,23562.64,23585.64,159345
2026-07-14 15:20:00,23585.64,23598.93,23555.1,23573.21,148266
2026-07-14 15:25:00,23573.21,23590.7,23566.93,23573.88,163089
2026-07-15 09:15:00,23617.57,23627.4,23538.68,23553.92,223915
2026-07-15 09:20:00,23553.92,23598.56,23535.23,23566.26,335535
2026-07-15 09:25:00,23566.26,23587.34,23548.74,23549.96,204615
2026-07-15 09:30:00,23549.96,23562.72,23487.47,23534.74,107086
2026-07-15 09:35:00,23534.74,23598.61,23522.97,23589.75,113016
2026-07-15 09:40:00,23589.75,23626.58,23589.69,23615.57,111427
2026-07-15 09:45:00,23615.57,23672.11,23608.52,23653.1,133011
2026-07-15 09:50:00,23653.1,23680.5,23641.27,23651.73,91447
2026-07-15 09:55:00,23651.73,23681.07,23643.29,23645.55,73571
2026-07-15 10:00:00,23645.55,23653.63,23579.64,23580.55,74955
2026-07-15 10:05:00,23580.55,23593.17,23570.88,23580.16,37805
2026-07-15 10:10:00,23580.16,23589.56,23542.9,23557.83,83099
2026-07-15 10:15:00,23557.83,23582.7,23551.5,23552.71,60209
2026-07-15 10:20:00,23552.71,23570.29,23530.51,23531.57,78860
2026-07-15 10:25:00,23531.57,23544.67,23516.75,23518.26,61819
2026-07-15 10:30:00,23518.26,23533.68,23489.86,23526.39,100064
2026-07-15 10:35:00,23526.39,23528.07,23507.95,23516.27,152435
2026-07-15 10:40:00,23516.27,23546.63,23499.78,23534.36,81814
2026-07-15 10:45:00,23534.36,23552.6,23531.67,23548.86,112513
2026-07-15 10:50:00,23548.86,23554.64,23529.69,23536.72,62443
2026-07-15 10:55:00,23536.72,23544.33,23534.95,23543.58,64841
2026-07-15 11:00:00,23543.58,23588.37,23541.16,23573.51,123212
2026-07-15 11:05:00,23573.51,23621.47,23569.69,23590.51,101649
2026-07-15 11:10:00,23590.51,23629.01,23589.86,23627.73,76556
2026-07-15 11:15:00,23627.73,23632.56,23600.47,23602.24,48036
2026-07-15 11:20:00,23602.24,23607.28,23576.38,23607.07,89480
2026-07-15 11:25:00,23607.07,23630.25,23603.15,23622.8,69770
2026-07-15 11:30:00,23622.8,23623.2,23590.62,23616.35,98913
2026-07-15 11:35:00,23616.35,23619.56,23581.48,23583.33,67407
2026-07-15 11:40:00,23583.33,23588.31,23556.41,23572.01,71887
2026-07-15 11:45:00,23572.01,23585.96,23544.3,23575.42,93071
2026-07-15 11:50:00,23575.42,23610.32,23568.71,23584.91,88510
2026-07-15 11:55:00,23584.91,23599.92,23563.76,23597.83,81210
2026-07-15 12:00:00,23597.83,23599.18,23563.23,23587.94,55698
2026-07-15 12:05:00,23587.94,23590.95,23568.49,23575.07,65218
2026-07-15 12:10:00,23575.07,23577.6,23560.07,23572.99,66247
2026-07-15 12:15:00,23572.99,23586.64,23567.18,23585.98,101307
2026-07-15 12:20:00,23585.98,23602.43,23576.28,23595.72,72086
2026-07-15 12:25:00,23595.72,23611.23,23582.52,23601.74,70191
2026-07-15 12:30:00,23601.74,23619.19,23592.37,23609.8,55491
2026-07-15 12:35:00,23609.8,23611.9,23590.51,23598.38,50136
2026-07-15 12:40:00,23598.38,23619.7,23591.33,23617.58,38389
2026-07-15 12:45:00,23617.58,23620.02,23560.08,23564.82,130672
2026-07-15 12:50:00,23564.82,23577.63,23540.79,23564.49,50121
2026-07-15 12:55:00,23564.49,23582.54,23547.98,23549.48,99179
2026-07-15 13:00:00,23549.48,23559.97,23532.94,23548.88,116002
2026-07-15 13:05:00,23548.88,23588.38,23548.26,23578.42,55327
2026-07-15 13:10:00,23578.42,23584.8,23530.05,23531.05,45320
2026-07-15 13:15:00,23531.05,23565.92,23529.67,23557.13,45282
2026-07-15 13:20:00,23557.13,23590.94,23554.96,23579.88,64228
2026-07-15 13:25:00,23579.88,23602.67,23568.0,23584.39,69865
2026-07-15 13:30:00,23584.39,23600.52,23565.74,23579.31,145470
2026-07-15 13:35:00,23579.31,23616.52,23575.11,23606.63,60684
2026-07-15 13:40:00,23606.63,23632.75,23598.72,23609.21,55444
2026-07-15 13:45:00,23609.21,23625.41,23598.34,23619.04,45725
2026-07-15 13:50:00,23619.04,23640.81,23609.75,23632.4,51242
2026-07-15 13:55:00,23632.4,23671.15,23631.75,23644.28,43976
2026-07-15 14:00:00,23644.28,23657.08,23636.51,23648.71,83669
2026-07-15 14:05:00,23648.71,23661.96,23627.05,23659.59,99909
2026-07-15 14:10:00,23659.59,23673.89,23639.48,23641.55,66550
2026-07-15 14:15:00,23641.55,23648.01,23599.93,23608.95,75161
2026-07-15 14:20:00,23608.95,23625.47,23585.99,23616.72,49037
2026-07-15 14:25:00,23616.72,23623.2,23590.94,23605.17,98912
2026-07-15 14:30:00,23605.17,23611.34,23599.3,23608.84,87258
2026-07-15 14:35:00,23608.84,23609.33,23562.53,23593.24,84218
2026-07-15 14:40:00,23593.24,23630.38,23583.2,23629.11,128738
2026-07-15 14:45:00,23629.11,23651.33,23627.26,23634.5,106959
2026-07-15 14:50:00,23634.5,23649.97,23632.17,23633.67,117467
2026-07-15 14:55:00,23633.67,23648.46,23610.2,23618.53,133729
2026-07-15 15:00:00,23618.53,23629.66,23590.06,23593.46,104535
2026-07-15 15:05:00,23593.46,23615.41,23580.16,23607.06,167867
2026-07-15 15:10:00,23607.06,23636.47,23563.65,23568.18,109144
2026-07-15 15:15:00,23568.18,23593.99,23529.42,23578.77,88955
2026-07-15 15:20:00,23578.77,23594.06,23558.18,23591.03,87069
2026-07-15 15:25:00,23591.03,23661.88,23588.37,23661.6,138554
2026-07-16 09:15:00,23516.16,23527.17,23472.68,23511.12,266188
2026-07-16 09:20:00,23511.12,23560.34,23474.75,23510.97,121871
2026-07-16 09:25:00,23510.97,23519.49,23418.54,23452.29,184705
2026-07-16 09:30:00,23452.29,23524.27,23431.86,23502.28,120198
2026-07-16 09:35:00,23502.28,23507.03,23471.15,23491.38,164998
2026-07-16 09:40:00,23491.38,23493.16,23447.25,23475.91,152974
2026-07-16 09:45:00,23475.91,23487.58,23453.04,23478.26,60550
2026-07-16 09:50:00,23478.26,23490.29,23449.96,23485.93,163388
2026-07-16 09:55:00,23485.93,23490.51,23453.04,23456.47,106393
2026-07-16 10:00:00,23456.47,23488.19,23447.06,23487.47,140121
2026-07-16 10:05:00,23487.47,23529.35,23486.41,23522.07,73830
2026-07-16 10:10:00,23522.07,23532.45,23503.35,23504.8,87018
2026-07-16 10:15:00,23504.8,23509.13,23458.35,23461.81,103482
2026-07-16 10:20:00,23461.81,23464.01,23442.08,23460.77,108637
2026-07-16 10:25:00,23460.77,23462.1,23430.24,23449.49,93239
2026-07-16 10:30:00,23449.49,23468.47,23440.52,23465.83,112490
2026-07-16 10:35:00,23465.83,23466.76,23417.86,23433.77,75830
2026-07-16 10:40:00,23433.77,23435.61,23422.11,23434.12,93858
2026-07-16 10:45:00,23434.12,23472.73,23425.43,23469.64,44215
2026-07-16 10:50:00,23469.64,23486.62,23466.22,23476.07,112998
2026-07-16 10:55:00,23476.07,23515.85,23471.16,23504.09,65195
2026-07-16 11:00:00,23504.09,23528.94,23500.97,23501.63,74493
2026-07-16 11:05:00,23501.63,23506.21,23456.62,23461.77,101852
2026-07-16 11:10:00,23461.77,23483.49,23457.24,23477.49,64298
2026-07-16 11:15:00,23477.49,23493.14,23465.97,23468.62,101300
2026-07-16 11:20:00,23468.62,23469.7,23443.75,23450.36,88316
2026-07-16 11:25:00,23450.36,23465.38,23449.27,23464.28,86134
2026-07-16 11:30:00,23464.28,23524.91,23458.45,23521.16,79047
2026-07-16 11:35:00,23521.16,23521.55,23487.77,23512.64,73558
2026-07-16 11:40:00,23512.64,23516.77,23500.03,23514.52,76159
2026-07-16 11:45:00,23514.52,23523.06,23483.97,23487.51,58178
2026-07-16 11:50:00,23487.51,23503.81,23483.3,23496.63,68297
2026-07-16 11:55:00,23496.63,23501.9,23476.52,23480.58,86188
2026-07-16 12:00:00,23480.58,23506.52,23479.17,23501.65,94858
2026-07-16 12:05:00,23501.65,23504.22,23470.39,23478.38,58141
2026-07-16 12:10:00,23478.38,23479.96,23439.48,23448.58,132028
2026-07-16 12:15:00,23448.58,23460.78,23435.96,23455.49,80040
2026-07-16 12:20:00,23455.49,23457.6,23431.17,23440.17,69658
2026-07-16 12:25:00,23440.17,23442.55,23396.8,23398.9,53386
2026-07-16 12:30:00,23398.9,23403.19,23396.51,23397.86,70352
2026-07-16 12:35:00,23397.86,23409.0,23385.98,23404.5,67633
2026-07-16 12:40:00,23404.5,23451.53,23403.9,23449.28,65591
2026-07-16 12:45:00,23449.28,23458.14,23414.81,23419.65,66252
2026-07-16 12:50:00,23419.65,23484.56,23416.3,23451.3,48851
2026-07-16 12:55:00,23451.3,23458.86,23442.45,23456.56,71874
2026-07-16 13:00:00,23456.56,23462.81,23447.34,23459.36,54702
2026-07-16 13:05:00,23459.36,23475.77,23456.03,23460.47,78729
2026-07-16 13:10:00,23460.47,23488.38,23460.4,23472.26,99589
2026-07-16 13:15:00,23472.26,23500.36,23471.26,23496.8,97180
2026-07-16 13:20:00,23496.8,23523.98,23491.74,23509.16,54017
2026-07-16 13:25:00,23509.16,23511.58,23484.78,23486.56,60672
2026-07-16 13:30:00,23486.56,23492.79,23469.11,23477.79,93326
2026-07-16 13:35:00,23477.79,23485.58,23437.2,23442.46,111852
2026-07-16 13:40:00,23442.46,23449.53,23428.74,23435.11,77096
2026-07-16 13:45:00,23435.11,23440.5,23408.28,23415.95,60825
2026-07-16 13:50:00,23415.95,23454.72,23410.18,23446.79,121588
2026-07-16 13:55:00,23446.79,23480.03,23429.34,23476.03,42840
2026-07-16 14:00:00,23476.03,23523.4,23473.88,23504.26,54980
2026-07-16 14:05:00,23504.26,23513.23,23489.83,23497.68,97717
2026-07-16 14:10:00,23497.68,23498.69,23467.14,23480.86,51995
2026-07-16 14:15:00,23480.86,23486.87,23457.24,23483.85,121857
2026-07-16 14:20:00,23483.85,23490.89,23450.24,23472.25,88219
2026-07-16 14:25:00,23472.25,23474.77,23441.15,23444.46,114436
2026-07-16 14:30:00,23444.46,23467.32,23438.75,23451.87,64087
2026-07-16 14:35:00,23451.87,23480.95,23448.62,23473.24,77490
2026-07-16 14:40:00,23473.24,23508.18,23470.72,23473.45,101410
2026-07-16 14:45:00,23473.45,23522.0,23470.99,23501.61,70140
2026-07-16 14:50:00,23501.61,23515.93,23462.39,23465.18,88521
2026-07-16 14:55:00,23465.18,23470.9,23442.52,23457.72,61877
2026-07-16 15:00:00,23457.72,23469.1,23455.21,23458.12,81012
2026-07-16 15:05:00,23458.12,23469.71,23442.19,23456.71,90819
2026-07-16 15:10:00,23456.71,23457.09,23428.61,23431.19,82536
2026-07-16 15:15:00,23431.19,23488.02,23427.91,23481.03,79757
2026-07-16 15:20:00,23481.03,23499.62,23434.45,23443.35,153081
2026-07-16 15:25:00,23443.35,23471.17,23385.67,23405.94,54394
2026-07-17 09:15:00,23388.08,23461.85,23383.87,23454.17,170414
2026-07-17 09:20:00,23454.17,23486.64,23361.81,23384.56,289325
2026-07-17 09:25:00,23384.56,23396.9,23333.6,23376.82,134359
2026-07-17 09:30:00,23376.82,23436.75,23354.56,23414.62,159145
2026-07-17 09:35:00,23414.62,23428.8,23357.44,23357.79,112226
2026-07-17 09:40:00,23357.79,23377.91,23349.88,23373.73,112146
2026-07-17 09:45:00,23373.73,23379.53,23350.25,23370.1,160008
2026-07-17 09:50:00,23370.1,23407.99,23367.42,23404.36,66752
2026-07-17 09:55:00,23404.36,23409.99,23382.57,23384.13,61343
2026-07-17 10:00:00,23384.13,23428.57,23379.62,23416.86,120813
2026-07-17 10:05:00,23416.86,23452.96,23406.49,23447.07,156507
2026-07-17 10:10:00,23447.07,23449.82,23410.55,23417.17,59449
2026-07-17 10:15:00,23417.17,23439.88,23404.72,23432.9,96795
2026-07-17 10:20:00,23432.9,23448.82,23414.47,23425.69,60735
2026-07-17 10:25:00,23425.69,23427.09,23389.92,23391.49,133093
2026-07-17 10:30:00,23391.49,23409.39,23383.47,23407.22,60609
2026-07-17 10:35:00,23407.22,23455.58,23401.29,23451.18,31962
2026-07-17 10:40:00,23451.18,23455.61,23406.1,23410.03,207603
2026-07-17 10:45:00,23410.03,23418.95,23394.76,23396.82,70795
2026-07-17 10:50:00,23396.82,23399.65,23368.19,23375.96,139560
2026-07-17 10:55:00,23375.96,23391.42,23367.43,23380.02,63552
2026-07-17 11:00:00,23380.02,23405.26,23361.64,23404.98,109945
2026-07-17 11:05:00,23404.98,23409.52,23357.99,23361.63,65552
2026-07-17 11:10:00,23361.63,23363.88,23325.9,23328.83,68492
2026-07-17 11:15:00,23328.83,23354.33,23323.52,23324.43,87310
2026-07-17 11:20:00,23324.43,23348.88,23322.53,23329.55,118205
2026-07-17 11:25:00,23329.55,23333.93,23284.16,23294.9,52998
2026-07-17 11:30:00,23294.9,23308.83,23269.0,23288.68,56317
2026-07-17 11:35:00,23288.68,23316.11,23284.88,23313.45,67402
2026-07-17 11:40:00,23313.45,23340.39,23313.42,23334.0,110795
2026-07-17 11:45:00,23334.0,23336.41,23315.37,23328.26,55681
2026-07-17 11:50:00,23328.26,23330.68,23304.1,23319.21,48870
2026-07-17 11:55:00,23319.21,23332.69,23275.92,23291.93,103524
2026-07-17 12:00:00,23291.93,23313.54,23287.18,23305.33,99167
2026-07-17 12:05:00,23305.33,23309.54,23283.46,23290.64,102565
2026-07-17 12:10:00,23290.64,23308.9,23290.43,23301.16,60813
2026-07-17 12:15:00,23301.16,23322.72,23299.84,23308.2,45388
2026-07-17 12:20:00,23308.2,23378.39,23297.79,23372.06,89787
2026-07-17 12:25:00,23372.06,23377.55,23356.43,23359.09,104231
2026-07-17 12:30:00,23359.09,23360.65,23339.66,23348.43,112547
2026-07-17 12:35:00,23348.43,23368.28,23348.18,23359.5,51682
2026-07-17 12:40:00,23359.5,23409.01,23354.67,23401.93,90448
2026-07-17 12:45:00,23401.93,23414.26,23396.03,23397.1,66187
2026-07-17 12:50:00,23397.1,23398.01,23369.74,23381.9,72238
2026-07-17 12:55:00,23381.9,23412.09,23380.34,23398.71,65987
2026-07-17 13:00:00,23398.71,23402.88,23384.29,23387.07,128255
2026-07-17 13:05:00,23387.07,23394.71,23354.68,23367.83,63902
2026-07-17 13:10:00,23367.83,23369.81,23321.71,23334.67,42517
2026-07-17 13:15:00,23334.67,23345.63,23332.26,23343.93,66642
2026-07-17 13:20:00,23343.93,23346.85,23316.5,23326.74,68469
2026-07-17 13:25:00,23326.74,23343.23,23319.81,23322.73,83973
2026-07-17 13:30:00,23322.73,23356.4,23319.76,23350.04,91417
2026-07-17 13:35:00,23350.04,23357.47,23345.03,23348.2,79451
2026-07-17 13:40:00,23348.2,23414.31,23343.96,23411.77,119463
2026-07-17 13:45:00,23411.77,23413.45,23368.51,23377.96,79462
2026-07-17 13:50:00,23377.96,23390.81,23365.95,23366.79,94152
2026-07-17 13:55:00,23366.79,23380.5,23345.33,23350.95,82256
2026-07-17 14:00:00,23350.95,23357.03,23331.44,23340.15,98178
2026-07-17 14:05:00,23340.15,23348.71,23306.26,23306.51,62967
2026-07-17 14:10:00,23306.51,23321.51,23272.73,23282.4,67855
2026-07-17 14:15:00,23282.4,23334.2,23278.55,23305.89,76407
2026-07-17 14:20:00,23305.89,23310.36,23270.94,23274.84,67394
2026-07-17 14:25:00,23274.84,23276.67,23231.07,23253.09,96021
2026-07-17 14:30:00,23253.09,23261.87,23216.08,23247.7,93881
2026-07-17 14:35:00,23247.7,23264.61,23238.59,23241.08,55066
2026-07-17 14:40:00,23241.08,23244.32,23209.1,23228.46,100864
2026-07-17 14:45:00,23228.46,23246.94,23224.26,23234.09,62701
2026-07-17 14:50:00,23234.09,23236.62,23186.55,23189.26,132691
2026-07-17 14:55:00,23189.26,23248.67,23187.71,23232.53,58513
2026-07-17 15:00:00,23232.53,23283.15,23224.99,23279.16,144235
2026-07-17 15:05:00,23279.16,23284.35,23246.77,23271.88,118576
2026-07-17 15:10:00,23271.88,23282.14,23221.76,23227.17,113253
2026-07-17 15:15:00,23227.17,23239.41,23184.8,23186.71,117678
2026-07-17 15:20:00,23186.71,23199.89,23154.54,23161.99,228232
2026-07-17 15:25:00,23161.99,23168.47,23113.06,23115.79,123611
2026-07-20 09:15:00,23129.37,23170.55,23100.0,23162.05,193045
2026-07-20 09:20:00,23162.05,23171.59,23062.71,23065.41,165673
2026-07-20 09:25:00,23065.41,23107.99,23042.43,23079.3,220100
2026-07-20 09:30:00,23079.3,23098.79,23047.95,23047.97,139287
2026-07-20 09:35:00,23047.97,23048.98,23014.89,23042.69,98767
2026-07-20 09:40:00,23042.69,23090.41,23031.06,23089.02,119135
2026-07-20 09:45:00,23089.02,23159.81,23082.52,23149.12,77838
2026-07-20 09:50:00,23149.12,23205.11,23140.33,23196.38,151378
2026-07-20 09:55:00,23196.38,23211.65,23185.1,23194.73,76300
2026-07-20 10:00:00,23194.73,23201.22,23164.1,23183.66,92514
2026-07-20 10:05:00,23183.66,23199.44,23176.19,23191.39,66659
2026-07-20 10:10:00,23191.39,23229.55,23187.64,23228.39,138243
2026-07-20 10:15:00,23228.39,23275.03,23225.13,23256.93,97083
2026-07-20 10:20:00,23256.93,23259.73,23220.85,23229.19,83371
2026-07-20 10:25:00,23229.19,23235.21,23202.37,23204.05,85726
2026-07-20 10:30:00,23204.05,23241.5,23201.34,23228.44,73686
2026-07-20 10:35:00,23228.44,23246.13,23209.21,23215.13,152067
2026-07-20 10:40:00,23215.13,23265.14,23209.58,23263.73,128728
2026-07-20 10:45:00,23263.73,23304.04,23262.84,23294.34,79793
2026-07-20 10:50:00,23294.34,23305.54,23289.08,23304.94,101296
2026-07-20 10:55:00,23304.94,23309.43,23285.06,23308.86,65370
2026-07-20 11:00:00,23308.86,23315.83,23296.53,23309.68,66889
2026-07-20 11:05:00,23309.68,23315.89,23275.41,23289.62,100270
2026-07-20 11:10:00,23289.62,23308.69,23271.52,23306.94,121036
2026-07-20 11:15:00,23306.94,23313.34,23289.0,23302.56,86035
2026-07-20 11:20:00,23302.56,23310.49,23267.18,23287.74,106946
2026-07-20 11:25:00,23287.74,23326.65,23283.51,23305.41,57299
2026-07-20 11:30:00,23305.41,23336.01,23302.91,23320.22,155827
2026-07-20 11:35:00,23320.22,23326.97,23298.12,23322.87,74915
2026-07-20 11:40:00,23322.87,23328.56,23293.59,23301.68,94304
2026-07-20 11:45:00,23301.68,23335.21,23297.15,23331.15,89542
2026-07-20 11:50:00,23331.15,23331.87,23286.76,23295.28,85983
2026-07-20 11:55:00,23295.28,23310.24,23276.28,23287.27,61060
2026-07-20 12:00:00,23287.27,23306.13,23273.3,23277.2,52182
2026-07-20 12:05:00,23277.2,23299.45,23273.13,23295.32,110701
2026-07-20 12:10:00,23295.32,23302.6,23284.97,23291.62,46694
2026-07-20 12:15:00,23291.62,23313.34,23289.69,23296.58,73313
2026-07-20 12:20:00,23296.58,23309.11,23294.86,23298.27,87770
2026-07-20 12:25:00,23298.27,23304.22,23279.88,23293.21,110053
2026-07-20 12:30:00,23293.21,23343.27,23292.69,23341.85,62867
2026-07-20 12:35:00,23341.85,23348.84,23333.48,23341.32,101318
2026-07-20 12:40:00,23341.32,23358.29,23336.36,23357.9,101396
2026-07-20 12:45:00,23357.9,23380.89,23357.33,23365.07,60000
2026-07-20 12:50:00,23365.07,23370.66,23323.24,23324.5,144807
2026-07-20 12:55:00,23324.5,23334.13,23312.81,23330.26,105068
2026-07-20 13:00:00,23330.26,23330.88,23323.13,23324.43,96185
2026-07-20 13:05:00,23324.43,23329.54,23263.16,23269.68,70667
2026-07-20 13:10:00,23269.68,23278.41,23229.82,23249.07,42564
2026-07-20 13:15:00,23249.07,23250.47,23219.32,23220.33,87715
2026-07-20 13:20:00,23220.33,23224.34,23187.62,23205.22,93069
2026-07-20 13:25:00,23205.22,23225.19,23193.33,23212.11,62434
2026-07-20 13:30:00,23212.11,23260.28,23198.38,23259.26,80787
2026-07-20 13:35:00,23259.26,23264.19,23227.61,23239.42,110471
2026-07-20 13:40:00,23239.42,23284.27,23233.7,23278.57,84400
2026-07-20 13:45:00,23278.57,23293.93,23269.87,23293.82,68765
2026-07-20 13:50:00,23293.82,23297.43,23285.58,23295.89,133371
2026-07-20 13:55:00,23295.89,23338.17,23289.34,23334.71,100242
2026-07-20 14:00:00,23334.71,23343.19,23318.87,23325.67,52081
2026-07-20 14:05:00,23325.67,23356.67,23321.05,23351.53,39990
2026-07-20 14:10:00,23351.53,23354.91,23312.8,23317.29,94656
2026-07-20 14:15:00,23317.29,23331.92,23317.17,23323.67,57420
2026-07-20 14:20:00,23323.67,23329.39,23292.04,23313.64,145505
2026-07-20 14:25:00,23313.64,23354.38,23308.0,23340.05,75700
2026-07-20 14:30:00,23340.05,23365.98,23339.74,23348.81,79146
2026-07-20 14:35:00,23348.81,23384.75,23348.34,23379.91,73500
2026-07-20 14:40:00,23379.91,23388.56,23352.89,23358.86,80234
2026-07-20 14:45:00,23358.86,23405.23,23351.03,23405.19,140530
2026-07-20 14:50:00,23405.19,23445.88,23405.11,23413.16,40759
2026-07-20 14:55:00,23413.16,23451.7,23400.82,23437.74,97245
2026-07-20 15:00:00,23437.74,23460.95,23405.3,23418.81,118439
2026-07-20 15:05:00,23418.81,23489.37,23417.79,23488.22,83417
2026-07-20 15:10:00,23488.22,23546.61,23467.6,23534.65,110381
2026-07-20 15:15:00,23534.65,23536.64,23500.78,23518.8,133959
2026-07-20 15:20:00,23518.8,23534.77,23492.12,23501.27,156508
2026-07-20 15:25:00,23501.27,23585.74,23496.0,23559.28,69288
2026-07-21 09:15:00,23441.16,23442.01,23290.29,23303.86,283856
2026-07-21 09:20:00,23303.86,23334.99,23244.1,23292.99,227127
2026-07-21 09:25:00,23292.99,23344.94,23285.5,23317.67,143293
2026-07-21 09:30:00,23317.67,23360.92,23304.22,23310.38,128287
2026-07-21 09:35:00,23310.38,23356.26,23292.26,23341.6,216068
2026-07-21 09:40:00,23341.6,23419.82,23337.44,23416.63,138392
2026-07-21 09:45:00,23416.63,23492.99,23388.35,23492.89,129021
2026-07-21 09:50:00,23492.89,23520.04,23480.82,23506.83,150819
2026-07-21 09:55:00,23506.83,23554.17,23502.93,23553.41,137736
2026-07-21 10:00:00,23553.41,23558.93,23486.3,23491.47,76598
2026-07-21 10:05:00,23491.47,23493.77,23451.03,23459.75,121235
2026-07-21 10:10:00,23459.75,23505.39,23439.04,23479.44,107142
2026-07-21 10:15:00,23479.44,23483.84,23471.06,23481.48,119466
2026-07-21 10:20:00,23481.48,23535.9,23476.75,23510.9,80132
2026-07-21 10:25:00,23510.9,23591.01,23508.76,23577.65,64098
2026-07-21 10:30:00,23577.65,23589.69,23558.17,23575.72,50481
2026-07-21 10:35:00,23575.72,23578.97,23554.29,23555.89,115206
2026-07-21 10:40:00,23555.89,23574.72,23548.61,23559.51,50067
2026-07-21 10:45:00,23559.51,23565.46,23494.01,23506.65,127267
2026-07-21 10:50:00,23506.65,23517.36,23482.1,23494.31,71604
2026-07-21 10:55:00,23494.31,23510.4,23486.76,23500.37,111497
2026-07-21 11:00:00,23500.37,23525.17,23497.17,23504.1,77275
2026-07-21 11:05:00,23504.1,23509.91,23479.73,23503.08,94542
2026-07-21 11:10:00,23503.08,23534.3,23486.51,23511.13,72157
2026-07-21 11:15:00,23511.13,23529.29,23506.44,23524.91,43263
2026-07-21 11:20:00,23524.91,23526.35,23495.94,23500.61,73013
2026-07-21 11:25:00,23500.61,23525.51,23489.14,23509.25,147857
2026-07-21 11:30:00,23509.25,23510.55,23453.44,23457.19,59194
2026-07-21 11:35:00,23457.19,23470.45,23423.31,23433.7,99938
2026-07-21 11:40:00,23433.7,23452.62,23409.28,23423.18,50150
2026-07-21 11:45:00,23423.18,23429.26,23415.96,23425.11,124545
2026-07-21 11:50:00,23425.11,23447.26,23401.87,23405.75,110590
2026-07-21 11:55:00,23405.75,23410.01,23389.16,23398.8,68017
2026-07-21 12:00:00,23398.8,23415.5,23319.22,23326.82,83146
2026-07-21 12:05:00,23326.82,23366.42,23323.26,23362.13,93494
2026-07-21 12:10:00,23362.13,23372.5,23356.78,23371.23,84057
2026-07-21 12:15:00,23371.23,23376.38,23351.9,23361.67,125657
2026-07-21 12:20:00,23361.67,23407.59,23357.48,23401.2,79501
2026-07-21 12:25:00,23401.2,23420.75,23387.83,23414.15,84170
2026-07-21 12:30:00,23414.15,23454.14,23399.57,23453.89,100722
2026-07-21 12:35:00,23453.89,23499.7,23451.86,23484.11,39698
2026-07-21 12:40:00,23484.11,23491.45,23429.74,23439.79,41704
2026-07-21 12:45:00,23439.79,23472.87,23433.55,23453.83,82251
2026-07-21 12:50:00,23453.83,23456.42,23374.9,23401.62,120281
2026-07-21 12:55:00,23401.62,23451.3,23400.44,23447.37,88704
2026-07-21 13:00:00,23447.37,23462.08,23444.88,23456.46,79946
2026-07-21 13:05:00,23456.46,23481.26,23446.05,23467.17,117313
2026-07-21 13:10:00,23467.17,23505.0,23457.99,23494.06,83488
2026-07-21 13:15:00,23494.06,23504.8,23474.79,23488.37,89581
2026-07-21 13:20:00,23488.37,23502.45,23459.42,23464.31,85425
2026-07-21 13:25:00,23464.31,23474.78,23448.24,23466.77,93613
2026-07-21 13:30:00,23466.77,23469.01,23429.16,23448.22,88015
2026-07-21 13:35:00,23448.22,23480.65,23448.01,23467.0,170675
2026-07-21 13:40:00,23467.0,23467.66,23421.14,23421.42,68648
2026-07-21 13:45:00,23421.42,23440.11,23394.01,23411.3,84615
2026-07-21 13:50:00,23411.3,23420.8,23390.66,23411.29,63303
2026-07-21 13:55:00,23411.29,23424.64,23397.71,23409.77,142973
2026-07-21 14:00:00,23409.77,23417.02,23380.67,23409.49,90657
2026-07-21 14:05:00,23409.49,23421.76,23403.61,23414.99,117176
2026-07-21 14:10:00,23414.99,23464.15,23412.43,23462.83,64246
2026-07-21 14:15:00,23462.83,23477.34,23415.37,23435.51,66082
2026-07-21 14:20:00,23435.51,23481.65,23428.54,23474.58,102807
2026-07-21 14:25:00,23474.58,23496.46,23470.41,23475.05,120724
2026-07-21 14:30:00,23475.05,23475.89,23457.09,23470.18,93153
2026-07-21 14:35:00,23470.18,23471.48,23424.02,23433.01,153017
2026-07-21 14:40:00,23433.01,23486.98,23417.2,23469.39,73258
2026-07-21 14:45:00,23469.39,23499.15,23456.06,23488.35,120840
2026-07-21 14:50:00,23488.35,23549.89,23476.76,23545.25,87376
2026-07-21 14:55:00,23545.25,23567.93,23511.3,23527.76,70040
2026-07-21 15:00:00,23527.76,23569.95,23522.98,23564.31,93156
2026-07-21 15:05:00,23564.31,23623.21,23552.03,23566.68,103666
2026-07-21 15:10:00,23566.68,23575.66,23502.38,23523.22,144011
2026-07-21 15:15:00,23523.22,23535.38,23503.54,23517.63,136870
2026-07-21 15:20:00,23517.63,23540.31,23438.65,23480.66,140902
2026-07-21 15:25:00,23480.66,23516.13,23466.4,23470.68,159423
2026-07-22 09:15:00,23621.63,23648.73,23541.37,23545.95,124750
2026-07-22 09:20:00,23545.95,23587.4,23534.07,23542.63,115792
2026-07-22 09:25:00,23542.63,23563.82,23492.08,23492.32,112804
2026-07-22 09:30:00,23492.32,23563.11,23483.82,23521.61,136557
2026-07-22 09:35:00,23521.61,23575.61,23510.9,23572.72,109595
2026-07-22 09:40:00,23572.72,23609.39,23555.65,23601.18,83449
2026-07-22 09:45:00,23601.18,23601.36,23522.1,23523.22,60173
2026-07-22 09:50:00,23523.22,23526.03,23479.58,23495.18,122670
2026-07-22 09:55:00,23495.18,23512.72,23487.2,23492.9,88155
2026-07-22 10:00:00,23492.9,23518.13,23490.99,23496.23,96328
2026-07-22 10:05:00,23496.23,23521.62,23486.63,23499.37,111597
2026-07-22 10:10:00,23499.37,23521.14,23480.3,23485.28,74497
2026-07-22 10:15:00,23485.28,23501.69,23470.78,23476.66,43796
2026-07-22 10:20:00,23476.66,23526.14,23466.76,23511.71,83138
2026-07-22 10:25:00,23511.71,23523.1,23505.63,23516.88,43630
2026-07-22 10:30:00,23516.88,23527.88,23507.64,23513.2,72651
2026-07-22 10:35:00,23513.2,23522.46,23476.16,23476.22,55512
2026-07-22 10:40:00,23476.22,23507.08,23464.84,23497.59,39670
2026-07-22 10:45:00,23497.59,23568.82,23493.44,23553.68,68302
2026-07-22 10:50:00,23553.68,23563.51,23539.15,23550.56,64509
2026-07-22 10:55:00,23550.56,23566.47,23544.27,23553.15,36265
2026-07-22 11:00:00,23553.15,23571.79,23540.12,23543.95,83824
2026-07-22 11:05:00,23543.95,23563.36,23537.13,23552.23,58209
2026-07-22 11:10:00,23552.23,23586.26,23540.44,23585.87,72250
2026-07-22 11:15:00,23585.87,23615.42,23576.13,23612.95,68849
2026-07-22 11:20:00,23612.95,23646.12,23605.0,23636.16,63331
2026-07-22 11:25:00,23636.16,23650.62,23623.02,23632.07,60612
2026-07-22 11:30:00,23632.07,23659.67,23628.83,23657.9,81178
2026-07-22 11:35:00,23657.9,23685.01,23650.21,23660.55,93529
2026-07-22 11:40:00,23660.55,23691.97,23648.79,23689.17,108700
2026-07-22 11:45:00,23689.17,23743.18,23686.44,23743.05,47513
2026-07-22 11:50:00,23743.05,23749.61,23715.3,23719.69,47455
2026-07-22 11:55:00,23719.69,23723.2,23708.89,23713.56,161133
2026-07-22 12:00:00,23713.56,23761.09,23703.8,23758.13,86175
2026-07-22 12:05:00,23758.13,23761.49,23716.32,23730.93,95395
2026-07-22 12:10:00,23730.93,23743.69,23705.38,23705.76,55985
2026-07-22 12:15:00,23705.76,23715.1,23664.22,23665.15,40891
2026-07-22 12:20:00,23665.15,23691.18,23651.73,23666.71,46204
2026-07-22 12:25:00,23666.71,23677.12,23648.68,23672.06,56042
2026-07-22 12:30:00,23672.06,23703.53,23660.15,23702.2,117852
2026-07-22 12:35:00,23702.2,23712.14,23673.54,23677.58,46894
2026-07-22 12:40:00,23677.58,23682.82,23616.49,23619.23,79182
2026-07-22 12:45:00,23619.23,23624.74,23610.06,23616.88,71651
2026-07-22 12:50:00,23616.88,23624.43,23605.35,23609.17,47712
2026-07-22 12:55:00,23609.17,23610.09,23554.13,23567.18,68116
2026-07-22 13:00:00,23567.18,23574.44,23537.51,23538.68,90455
2026-07-22 13:05:00,23538.68,23621.68,23531.94,23620.8,44016
2026-07-22 13:10:00,23620.8,23652.96,23620.48,23645.01,64338
2026-07-22 13:15:00,23645.01,23656.55,23627.92,23634.97,65124
2026-07-22 13:20:00,23634.97,23675.33,23630.94,23674.46,99244
2026-07-22 13:25:00,23674.46,23694.51,23664.21,23690.05,129085
2026-07-22 13:30:00,23690.05,23707.73,23677.54,23702.54,86784
2026-07-22 13:35:00,23702.54,23712.68,23683.35,23706.11,67630
2026-07-22 13:40:00,23706.11,23718.46,23685.67,23693.27,75995
2026-07-22 13:45:00,23693.27,23695.2,23679.28,23693.01,72965
2026-07-22 13:50:00,23693.01,23734.62,23686.94,23694.53,27181
2026-07-22 13:55:00,23694.53,23697.33,23658.33,23662.33,106058
2026-07-22 14:00:00,23662.33,23679.18,23650.71,23655.8,45333
2026-07-22 14:05:00,23655.8,23718.16,23651.22,23713.8,91545
2026-07-22 14:10:00,23713.8,23721.78,23673.36,23697.18,49333
2026-07-22 14:15:00,23697.18,23717.98,23693.29,23698.46,60059
2026-07-22 14:20:00,23698.46,23736.9,23694.85,23711.29,72525
2026-07-22 14:25:00,23711.29,23720.46,23676.22,23678.22,89320
2026-07-22 14:30:00,23678.22,23678.94,23641.99,23645.8,65692
2026-07-22 14:35:00,23645.8,23646.26,23611.11,23614.4,137321
2026-07-22 14:40:00,23614.4,23621.86,23581.93,23620.7,114886
2026-07-22 14:45:00,23620.7,23626.66,23579.86,23582.3,85311
2026-07-22 14:50:00,23582.3,23592.47,23551.45,23571.27,109687
2026-07-22 14:55:00,23571.27,23579.64,23515.89,23553.98,98957
2026-07-22 15:00:00,23553.98,23636.34,23547.92,23626.65,90450
2026-07-22 15:05:00,23626.65,23674.37,23604.19,23664.21,258684
2026-07-22 15:10:00,23664.21,23685.68,23620.53,23622.21,138062
2026-07-22 15:15:00,23622.21,23658.39,23612.04,23621.79,95457
2026-07-22 15:20:00,23621.79,23683.59,23605.94,23652.3,163536
2026-07-22 15:25:00,23652.3,23663.17,23597.26,23610.24,89641
2026-07-23 09:15:00,23589.33,23645.6,23573.07,23597.7,118098
2026-07-23 09:20:00,23597.7,23600.07,23517.08,23539.71,78554
2026-07-23 09:25:00,23539.71,23554.62,23487.46,23494.87,134662
2026-07-23 09:30:00,23494.87,23518.29,23480.34,23487.29,133785
2026-07-23 09:35:00,23487.29,23524.23,23444.73,23462.77,205487
2026-07-23 09:40:00,23462.77,23467.91,23392.26,23411.61,137468
2026-07-23 09:45:00,23411.61,23462.75,23405.75,23456.0,216778
2026-07-23 09:50:00,23456.0,23463.08,23405.91,23428.9,62335
2026-07-23 09:55:00,23428.9,23466.72,23360.36,23366.31,60502
2026-07-23 10:00:00,23366.31,23369.06,23333.68,23359.97,60024
2026-07-23 10:05:00,23359.97,23393.54,23346.99,23393.51,102217
2026-07-23 10:10:00,23393.51,23466.09,23388.39,23464.35,134909
2026-07-23 10:15:00,23464.35,23480.11,23405.32,23406.34,81290
2026-07-23 10:20:00,23406.34,23429.32,23396.6,23427.36,54768
2026-07-23 10:25:00,23427.36,23427.41,23384.44,23395.74,42382
2026-07-23 10:30:00,23395.74,23399.79,23357.38,23398.5,96984
2026-07-23 10:35:00,23398.5,23398.65,23377.18,23380.78,102766
2026-07-23 10:40:00,23380.78,23415.49,23377.64,23408.8,102438
2026-07-23 10:45:00,23408.8,23425.16,23397.09,23400.67,97471
2026-07-23 10:50:00,23400.67,23440.95,23395.68,23438.15,179838
2026-07-23 10:55:00,23438.15,23444.17,23407.8,23443.08,27657
2026-07-23 11:00:00,23443.08,23503.98,23430.06,23497.03,81174
2026-07-23 11:05:00,23497.03,23561.91,23495.66,23558.35,104079
2026-07-23 11:10:00,23558.35,23563.68,23535.37,23546.92,81731
2026-07-23 11:15:00,23546.92,23552.31,23524.9,23535.5,101812
2026-07-23 11:20:00,23535.5,23539.92,23518.67,23520.81,38945
2026-07-23 11:25:00,23520.81,23551.37,23513.32,23548.23,51730
2026-07-23 11:30:00,23548.23,23567.59,23533.63,23551.9,75023
2026-07-23 11:35:00,23551.9,23558.9,23535.54,23540.04,42195
2026-07-23 11:40:00,23540.04,23558.75,23532.4,23538.37,103613
2026-07-23 11:45:00,23538.37,23562.53,23529.7,23558.87,59423
2026-07-23 11:50:00,23558.87,23573.81,23549.01,23571.93,62749
2026-07-23 11:55:00,23571.93,23579.88,23560.83,23577.25,42537
2026-07-23 12:00:00,23577.25,23586.85,23506.76,23510.58,213871
2026-07-23 12:05:00,23510.58,23516.59,23479.36,23485.69,53926
2026-07-23 12:10:00,23485.69,23506.76,23483.27,23502.17,52661
2026-07-23 12:15:00,23502.17,23508.82,23441.64,23451.13,107614
2026-07-23 12:20:00,23451.13,23484.03,23446.89,23474.36,60302
2026-07-23 12:25:00,23474.36,23474.72,23408.96,23414.03,82548
2026-07-23 12:30:00,23414.03,23440.48,23409.36,23435.72,85098
2026-07-23 12:35:00,23435.72,23459.88,23432.18,23447.95,57524
2026-07-23 12:40:00,23447.95,23498.87,23444.36,23493.51,59953
2026-07-23 12:45:00,23493.51,23524.34,23485.33,23513.49,114107
2026-07-23 12:50:00,23513.49,23559.12,23512.26,23556.42,117176
2026-07-23 12:55:00,23556.42,23556.74,23531.97,23538.55,98238
2026-07-23 13:00:00,23538.55,23542.2,23489.3,23494.3,198796
2026-07-23 13:05:00,23494.3,23507.11,23484.4,23488.13,56989
2026-07-23 13:10:00,23488.13,23528.92,23487.31,23521.91,77348
2026-07-23 13:15:00,23521.91,23539.89,23513.92,23529.76,68106
2026-07-23 13:20:00,23529.76,23535.17,23505.65,23510.52,85125
2026-07-23 13:25:00,23510.52,23527.28,23491.04,23507.8,125261
2026-07-23 13:30:00,23507.8,23523.71,23492.93,23497.81,110407
2026-07-23 13:35:00,23497.81,23581.36,23481.86,23574.96,67387
2026-07-23 13:40:00,23574.96,23598.6,23572.43,23582.34,73158
2026-07-23 13:45:00,23582.34,23637.56,23572.86,23622.4,61050
2026-07-23 13:50:00,23622.4,23666.1,23610.62,23665.99,61434
2026-07-23 13:55:00,23665.99,23685.92,23653.13,23669.92,70400
2026-07-23 14:00:00,23669.92,23670.89,23630.56,23630.59,81479
2026-07-23 14:05:00,23630.59,23636.94,23611.28,23611.44,60519
2026-07-23 14:10:00,23611.44,23665.06,23602.58,23659.71,56287
2026-07-23 14:15:00,23659.71,23668.74,23625.87,23633.22,77172
2026-07-23 14:20:00,23633.22,23635.14,23604.53,23613.01,108042
2026-07-23 14:25:00,23613.01,23623.27,23602.97,23613.85,119585
2026-07-23 14:30:00,23613.85,23634.83,23598.25,23629.95,109936
2026-07-23 14:35:00,23629.95,23664.92,23624.37,23650.2,82611
2026-07-23 14:40:00,23650.2,23663.76,23608.96,23614.7,46707
2026-07-23 14:45:00,23614.7,23621.74,23569.61,23574.61,61737
2026-07-23 14:50:00,23574.61,23608.62,23563.78,23602.7,141732
2026-07-23 14:55:00,23602.7,23626.92,23557.58,23577.38,61063
2026-07-23 15:00:00,23577.38,23624.96,23568.9,23622.27,83830
2026-07-23 15:05:00,23622.27,23633.12,23548.31,23557.57,96589
2026-07-23 15:10:00,23557.57,23635.58,23547.15,23612.87,190290
2026-07-23 15:15:00,23612.87,23641.54,23602.01,23640.13,134863
2026-07-23 15:20:00,23640.13,23646.1,23582.94,23588.39,182819
2026-07-23 15:25:00,23588.39,23595.41,23561.43,23583.37,125744
2026-07-24 09:15:00,23627.23,23645.77,23516.85,23530.88,213660
2026-07-24 09:20:00,23530.88,23551.91,23478.64,23535.4,146257
2026-07-24 09:25:00,23535.4,23560.04,23519.5,23550.53,141659
2026-07-24 09:30:00,23550.53,23612.5,23541.46,23612.1,77253
2026-07-24 09:35:00,23612.1,23666.31,23593.94,23659.12,156349
2026-07-24 09:40:00,23659.12,23676.41,23634.62,23643.67,190919
2026-07-24 09:45:00,23643.67,23644.98,23559.4,23562.04,65500
2026-07-24 09:50:00,23562.04,23562.64,23478.38,23479.61,126781
2026-07-24 09:55:00,23479.61,23503.24,23468.87,23493.27,62498
2026-07-24 10:00:00,23493.27,23504.05,23415.53,23416.19,40056
2026-07-24 10:05:00,23416.19,23491.63,23410.93,23485.75,71781
2026-07-24 10:10:00,23485.75,23497.56,23463.99,23466.52,105253
2026-07-24 10:15:00,23466.52,23480.03,23456.8,23476.39,71432
2026-07-24 10:20:00,23476.39,23495.53,23458.19,23460.7,63628
2026-07-24 10:25:00,23460.7,23517.81,23450.01,23508.77,79283
2026-07-24 10:30:00,23508.77,23514.66,23480.03,23483.33,32501
2026-07-24 10:35:00,23483.33,23516.06,23475.37,23515.17,121076
2026-07-24 10:40:00,23515.17,23523.18,23510.56,23510.71,72542
2026-07-24 10:45:00,23510.71,23514.31,23472.43,23485.7,88271
2026-07-24 10:50:00,23485.7,23504.76,23464.9,23495.55,71047
2026-07-24 10:55:00,23495.55,23511.27,23490.71,23506.7,81609
2026-07-24 11:00:00,23506.7,23526.59,23504.27,23521.8,42317
2026-07-24 11:05:00,23521.8,23554.98,23520.08,23553.23,61935
2026-07-24 11:10:00,23553.23,23570.61,23545.02,23561.41,35883
2026-07-24 11:15:00,23561.41,23572.65,23545.36,23557.19,105524
2026-07-24 11:20:00,23557.19,23560.66,23527.64,23534.15,42681
2026-07-24 11:25:00,23534.15,23551.09,23529.15,23546.62,71051
2026-07-24 11:30:00,23546.62,23553.82,23520.98,23528.86,65706
2026-07-24 11:35:00,23528.86,23541.88,23513.47,23519.14,84451
2026-07-24 11:40:00,23519.14,23539.92,23503.84,23510.3,76975
2026-07-24 11:45:00,23510.3,23559.63,23501.91,23549.36,99461
2026-07-24 11:50:00,23549.36,23562.37,23521.13,23549.57,78865
2026-07-24 11:55:00,23549.57,23555.35,23506.12,23516.85,51550
2026-07-24 12:00:00,23516.85,23533.16,23504.56,23508.8,49354
2026-07-24 12:05:00,23508.8,23520.79,23472.44,23493.52,63144
2026-07-24 12:10:00,23493.52,23505.64,23453.16,23458.9,76850
2026-07-24 12:15:00,23458.9,23476.21,23454.79,23471.99,133645
2026-07-24 12:20:00,23471.99,23480.94,23443.33,23456.16,153456
2026-07-24 12:25:00,23456.16,23461.79,23430.84,23446.55,47849
2026-07-24 12:30:00,23446.55,23487.12,23434.73,23483.9,70922
2026-07-24 12:35:00,23483.9,23490.94,23459.44,23483.71,68904
2026-07-24 12:40:00,23483.71,23487.06,23461.3,23475.27,56839
2026-07-24 12:45:00,23475.27,23490.43,23445.04,23449.98,98390
2026-07-24 12:50:00,23449.98,23486.01,23448.01,23476.32,39544
2026-07-24 12:55:00,23476.32,23492.09,23458.9,23474.74,43548
2026-07-24 13:00:00,23474.74,23480.79,23471.56,23476.04,108751
2026-07-24 13:05:00,23476.04,23486.48,23460.54,23473.11,40100
2026-07-24 13:10:00,23473.11,23474.11,23459.74,23468.98,90328
2026-07-24 13:15:00,23468.98,23473.58,23431.04,23450.18,78105
2026-07-24 13:20:00,23450.18,23463.96,23443.27,23447.82,164063
2026-07-24 13:25:00,23447.82,23487.83,23447.17,23484.58,105941
2026-07-24 13:30:00,23484.58,23485.96,23464.91,23483.29,63567
2026-07-24 13:35:00,23483.29,23525.41,23478.64,23517.36,55858
2026-07-24 13:40:00,23517.36,23522.43,23488.26,23499.45,181192
2026-07-24 13:45:00,23499.45,23503.69,23471.7,23473.93,68827
2026-07-24 13:50:00,23473.93,23535.92,23468.88,23517.89,55021
2026-07-24 13:55:00,23517.89,23541.36,23512.07,23525.8,130707
2026-07-24 14:00:00,23525.8,23537.03,23490.46,23502.59,68570
2026-07-24 14:05:00,23502.59,23542.75,23495.61,23509.76,102863
2026-07-24 14:10:00,23509.76,23525.99,23507.44,23507.88,94016
2026-07-24 14:15:00,23507.88,23518.51,23471.08,23484.52,114223
2026-07-24 14:20:00,23484.52,23532.41,23481.25,23525.51,79432
2026-07-24 14:25:00,23525.51,23547.37,23510.61,23544.26,54119
2026-07-24 14:30:00,23544.26,23569.6,23534.86,23543.31,61213
2026-07-24 14:35:00,23543.31,23567.09,23539.23,23551.53,95270
2026-07-24 14:40:00,23551.53,23564.61,23540.54,23545.11,114971
2026-07-24 14:45:00,23545.11,23545.55,23476.07,23477.75,84238
2026-07-24 14:50:00,23477.75,23489.96,23442.2,23467.84,93160
2026-07-24 14:55:00,23467.84,23472.55,23407.98,23411.26,118816
2026-07-24 15:00:00,23411.26,23467.77,23409.83,23466.03,74329
2026-07-24 15:05:00,23466.03,23486.55,23444.1,23468.79,86735
2026-07-24 15:10:00,23468.79,23508.6,23462.16,23471.0,148524
2026-07-24 15:15:00,23471.0,23480.6,23452.8,23456.58,151857
2026-07-24 15:20:00,23456.58,23472.63,23424.71,23428.81,122962
2026-07-24 15:25:00,23428.81,23543.94,23406.68,23543.61,110009
2026-07-27 09:15:00,23533.65,23539.07,23382.26,23391.7,232405
2026-07-27 09:20:00,23391.7,23428.66,23351.56,23417.18,206253
2026-07-27 09:25:00,23417.18,23436.19,23349.81,23355.73,144724
2026-07-27 09:30:00,23355.73,23359.58,23314.35,23334.62,137690
2026-07-27 09:35:00,23334.62,23353.56,23273.75,23277.37,169282
2026-07-27 09:40:00,23277.37,23279.13,23261.26,23273.81,141571
2026-07-27 09:45:00,23273.81,23311.67,23255.71,23289.12,79074
2026-07-27 09:50:00,23289.12,23297.89,23241.68,23248.08,143537
2026-07-27 09:55:00,23248.08,23262.08,23187.99,23198.2,154444
2026-07-27 10:00:00,23198.2,23205.9,23180.67,23194.97,57750
2026-07-27 10:05:00,23194.97,23201.85,23161.73,23179.86,128199
2026-07-27 10:10:00,23179.86,23188.37,23171.65,23182.77,131109
2026-07-27 10:15:00,23182.77,23227.79,23175.13,23175.15,95179
2026-07-27 10:20:00,23175.15,23175.66,23153.86,23162.18,68996
2026-07-27 10:25:00,23162.18,23162.74,23118.42,23134.88,37568
2026-07-27 10:30:00,23134.88,23160.53,23128.09,23145.29,43738
2026-07-27 10:35:00,23145.29,23166.14,23133.0,23139.85,134268
2026-07-27 10:40:00,23139.85,23149.99,23136.04,23136.65,66891
2026-07-27 10:45:00,23136.65,23146.17,23108.01,23108.68,112058
2026-07-27 10:50:00,23108.68,23135.85,23098.71,23123.5,57966
2026-07-27 10:55:00,23123.5,23139.38,23102.95,23126.7,78098
2026-07-27 11:00:00,23126.7,23137.51,23120.74,23131.6,57677
2026-07-27 11:05:00,23131.6,23144.25,23114.47,23127.55,87743
2026-07-27 11:10:00,23127.55,23173.49,23127.04,23165.0,88950
2026-07-27 11:15:00,23165.0,23181.94,23153.35,23162.91,109587
2026-07-27 11:20:00,23162.91,23189.75,23161.77,23165.25,52011
2026-07-27 11:25:00,23165.25,23174.78,23137.3,23155.04,56442
2026-07-27 11:30:00,23155.04,23166.22,23142.91,23159.49,81209
2026-07-27 11:35:00,23159.49,23173.96,23130.39,23132.45,41718
2026-07-27 11:40:00,23132.45,23153.06,23125.84,23152.43,65866
2026-07-27 11:45:00,23152.43,23152.48,23111.66,23113.05,51691
2026-07-27 11:50:00,23113.05,23141.54,23105.35,23138.98,158314
2026-07-27 11:55:00,23138.98,23143.73,23099.05,23103.94,59960
2026-07-27 12:00:00,23103.94,23140.71,23096.07,23124.79,54474
2026-07-27 12:05:00,23124.79,23161.43,23124.07,23157.6,114397
2026-07-27 12:10:00,23157.6,23165.34,23137.48,23141.63,94329
2026-07-27 12:15:00,23141.63,23148.45,23118.13,23147.8,89878
2026-07-27 12:20:00,23147.8,23158.56,23136.05,23153.97,56293
2026-07-27 12:25:00,23153.97,23160.77,23121.79,23159.53,57286
2026-07-27 12:30:00,23159.53,23173.83,23134.0,23154.03,64851
2026-07-27 12:35:00,23154.03,23181.98,23149.44,23150.16,57075
2026-07-27 12:40:00,23150.16,23151.34,23099.62,23104.68,48354
2026-07-27 12:45:00,23104.68,23147.77,23102.44,23142.95,87417
2026-07-27 12:50:00,23142.95,23179.0,23125.82,23172.12,73755
2026-07-27 12:55:00,23172.12,23192.18,23155.82,23163.25,89363
2026-07-27 13:00:00,23163.25,23164.35,23119.38,23121.91,67291
2026-07-27 13:05:00,23121.91,23121.92,23100.2,23101.85,112249
2026-07-27 13:10:00,23101.85,23144.1,23092.39,23140.44,126714
2026-07-27 13:15:00,23140.44,23158.0,23136.75,23156.05,34961
2026-07-27 13:20:00,23156.05,23189.57,23152.74,23183.29,73664
2026-07-27 13:25:00,23183.29,23188.76,23135.96,23167.01,152899
2026-07-27 13:30:00,23167.01,23173.99,23089.03,23094.2,86554
2026-07-27 13:35:00,23094.2,23106.01,23060.1,23077.49,58630
2026-07-27 13:40:00,23077.49,23085.89,23054.3,23082.27,147970
2026-07-27 13:45:00,23082.27,23093.15,23069.99,23081.16,96872
2026-07-27 13:50:00,23081.16,23108.39,23078.51,23092.25,53567
2026-07-27 13:55:00,23092.25,23097.18,23041.39,23047.85,94848
2026-07-27 14:00:00,23047.85,23051.09,23017.62,23022.94,45381
2026-07-27 14:05:00,23022.94,23059.35,23021.86,23056.01,78498
2026-07-27 14:10:00,23056.01,23061.2,23023.14,23055.67,59682
2026-07-27 14:15:00,23055.67,23091.16,23052.34,23090.69,87185
2026-07-27 14:20:00,23090.69,23114.16,23076.71,23112.29,87739
2026-07-27 14:25:00,23112.29,23112.69,23076.01,23084.62,82628
2026-07-27 14:30:00,23084.62,23178.89,23070.62,23175.52,84082
2026-07-27 14:35:00,23175.52,23206.71,23161.52,23193.19,98606
2026-07-27 14:40:00,23193.19,23200.43,23184.0,23191.52,79321
2026-07-27 14:45:00,23191.52,23205.52,23163.45,23191.9,227021
2026-07-27 14:50:00,23191.9,23208.05,23185.6,23204.15,60669
2026-07-27 14:55:00,23204.15,23228.38,23178.1,23186.81,169266
2026-07-27 15:00:00,23186.81,23194.39,23121.54,23122.24,61705
2026-07-27 15:05:00,23122.24,23183.98,23099.26,23163.47,53804
2026-07-27 15:10:00,23163.47,23241.63,23152.56,23232.99,95772
2026-07-27 15:15:00,23232.99,23303.08,23216.11,23290.41,87660
2026-07-27 15:20:00,23290.41,23299.7,23261.74,23297.19,131010
2026-07-27 15:25:00,23297.19,23340.79,23193.92,23206.56,87569
2026-07-28 09:15:00,23206.91,23328.43,23186.02,23325.18,111638
2026-07-28 09:20:00,23325.18,23340.7,23272.24,23314.32,331124
2026-07-28 09:25:00,23314.32,23369.28,23291.16,23291.66,202007
2026-07-28 09:30:00,23291.66,23338.91,23278.57,23293.05,159363
2026-07-28 09:35:00,23293.05,23334.16,23277.83,23298.32,71333
2026-07-28 09:40:00,23298.32,23316.8,23273.88,23275.52,104429
2026-07-28 09:45:00,23275.52,23310.84,23238.8,23302.71,79372
2026-07-28 09:50:00,23302.71,23355.46,23298.22,23340.11,152860
2026-07-28 09:55:00,23340.11,23402.34,23331.37,23389.74,132386
2026-07-28 10:00:00,23389.74,23398.08,23341.85,23351.52,58645
2026-07-28 10:05:00,23351.52,23362.3,23287.37,23307.89,137072
2026-07-28 10:10:00,23307.89,23331.27,23287.19,23323.57,115446
2026-07-28 10:15:00,23323.57,23337.07,23306.93,23324.84,78007
2026-07-28 10:20:00,23324.84,23339.94,23308.53,23328.04,71610
2026-07-28 10:25:00,23328.04,23359.88,23327.56,23334.84,48525
2026-07-28 10:30:00,23334.84,23340.65,23303.13,23303.97,138474
2026-07-28 10:35:00,23303.97,23329.87,23294.27,23319.24,61209
2026-07-28 10:40:00,23319.24,23324.8,23280.97,23291.84,71187
2026-07-28 10:45:00,23291.84,23314.77,23285.36,23305.19,48445
2026-07-28 10:50:00,23305.19,23328.61,23282.7,23320.16,87863
2026-07-28 10:55:00,23320.16,23333.12,23290.61,23302.28,93033
2026-07-28 11:00:00,23302.28,23308.24,23291.11,23303.74,40658
2026-07-28 11:05:00,23303.74,23310.69,23273.3,23296.99,59157
2026-07-28 11:10:00,23296.99,23319.28,23285.02,23317.38,82101
2026-07-28 11:15:00,23317.38,23328.84,23303.67,23314.65,42457
2026-07-28 11:20:00,23314.65,23319.12,23283.28,23283.7,55999
2026-07-28 11:25:00,23283.7,23307.05,23277.43,23287.44,121444
2026-07-28 11:30:00,23287.44,23344.27,23277.31,23332.82,78113
2026-07-28 11:35:00,23332.82,23341.78,23303.56,23309.12,49599
2026-07-28 11:40:00,23309.12,23313.93,23282.68,23286.58,62983
2026-07-28 11:45:00,23286.58,23302.44,23268.02,23294.72,95222
2026-07-28 11:50:00,23294.72,23302.34,23255.4,23262.0,52808
2026-07-28 11:55:00,23262.0,23274.45,23233.92,23240.96,47848
2026-07-28 12:00:00,23240.96,23257.37,23219.82,23238.56,72660
2026-07-28 12:05:00,23238.56,23247.91,23224.47,23225.9,56821
2026-07-28 12:10:00,23225.9,23243.68,23223.02,23236.79,147126
2026-07-28 12:15:00,23236.79,23276.22,23234.98,23273.24,74951
2026-07-28 12:20:00,23273.24,23289.36,23245.22,23247.0,57824
2026-07-28 12:25:00,23247.0,23248.15,23224.45,23246.47,125733
2026-07-28 12:30:00,23246.47,23248.1,23217.06,23227.56,41149
2026-07-28 12:35:00,23227.56,23237.17,23218.13,23231.57,105986
2026-07-28 12:40:00,23231.57,23241.2,23212.01,23220.08,54854
2026-07-28 12:45:00,23220.08,23254.89,23219.09,23224.12,125805
2026-07-28 12:50:00,23224.12,23246.7,23212.44,23220.76,89108
2026-07-28 12:55:00,23220.76,23243.14,23209.72,23240.4,52315
2026-07-28 13:00:00,23240.4,23242.77,23228.8,23233.96,70461
2026-07-28 13:05:00,23233.96,23264.05,23228.68,23261.23,85831
2026-07-28 13:10:00,23261.23,23281.41,23229.48,23248.03,49686
2026-07-28 13:15:00,23248.03,23253.3,23224.86,23240.29,62732
2026-07-28 13:20:00,23240.29,23268.89,23238.28,23268.15,134781
2026-07-28 13:25:00,23268.15,23293.78,23263.83,23273.26,74354
2026-07-28 13:30:00,23273.26,23273.28,23246.24,23247.54,59277
2026-07-28 13:35:00,23247.54,23248.33,23208.88,23222.85,136134
2026-07-28 13:40:00,23222.85,23267.1,23221.02,23260.82,105227
2026-07-28 13:45:00,23260.82,23284.65,23234.71,23243.02,56454
2026-07-28 13:50:00,23243.02,23251.67,23225.13,23238.02,78401
2026-07-28 13:55:00,23238.02,23266.29,23213.08,23261.45,57087
2026-07-28 14:00:00,23261.45,23292.45,23257.64,23280.0,26371
2026-07-28 14:05:00,23280.0,23298.41,23251.87,23259.47,53476
2026-07-28 14:10:00,23259.47,23272.76,23198.84,23201.82,30955
2026-07-28 14:15:00,23201.82,23255.8,23189.21,23252.4,169995
2026-07-28 14:20:00,23252.4,23265.39,23194.63,23201.37,74773
2026-07-28 14:25:00,23201.37,23222.1,23189.09,23199.12,103759
2026-07-28 14:30:00,23199.12,23205.63,23185.8,23199.55,126388
2026-07-28 14:35:00,23199.55,23211.42,23117.56,23123.41,81449
2026-07-28 14:40:00,23123.41,23125.28,23078.68,23079.85,86707
2026-07-28 14:45:00,23079.85,23089.81,23069.84,23083.26,132444
2026-07-28 14:50:00,23083.26,23087.22,23018.58,23023.56,164481
2026-07-28 14:55:00,23023.56,23052.89,23021.66,23047.16,247984
2026-07-28 15:00:00,23047.16,23077.65,23022.03,23024.7,91814
2026-07-28 15:05:00,23024.7,23049.8,23017.92,23031.65,100719
2026-07-28 15:10:00,23031.65,23044.26,23014.51,23033.45,111126
2026-07-28 15:15:00,23033.45,23041.57,22999.41,23038.81,200913
2026-07-28 15:20:00,23038.81,23045.17,22999.48,23023.9,181651
2026-07-28 15:25:00,23023.9,23046.09,22948.46,22983.06,201681
2026-07-29 09:15:00,22891.51,22981.33,22882.69,22953.62,123627
2026-07-29 09:20:00,22953.62,23044.41,22944.39,23016.88,157367
2026-07-29 09:25:00,23016.88,23053.53,22953.06,22988.5,86200
2026-07-29 09:30:00,22988.5,23008.73,22952.9,22982.37,112734
2026-07-29 09:35:00,22982.37,23055.86,22975.69,23046.16,85119
2026-07-29 09:40:00,23046.16,23056.41,23004.19,23055.12,110629
2026-07-29 09:45:00,23055.12,23095.38,23037.39,23041.93,80925
2026-07-29 09:50:00,23041.93,23045.96,22969.35,22985.38,73040
2026-07-29 09:55:00,22985.38,23025.63,22979.93,23017.49,107602
2026-07-29 10:00:00,23017.49,23027.82,22977.57,22997.83,98697
2026-07-29 10:05:00,22997.83,23023.92,22973.34,22986.24,102877
2026-07-29 10:10:00,22986.24,22992.45,22963.11,22964.91,61278
2026-07-29 10:15:00,22964.91,23003.7,22959.95,22993.16,113495
2026-07-29 10:20:00,22993.16,23039.29,22992.98,23036.75,71850
2026-07-29 10:25:00,23036.75,23042.04,22977.45,22984.43,107982
2026-07-29 10:30:00,22984.43,23000.98,22970.43,22972.71,53800
2026-07-29 10:35:00,22972.71,22992.78,22960.71,22981.86,86499
2026-07-29 10:40:00,22981.86,23006.12,22976.79,23002.02,53517
2026-07-29 10:45:00,23002.02,23014.27,22982.51,22997.99,126243
2026-07-29 10:50:00,22997.99,23005.86,22968.51,22985.23,63893
2026-07-29 10:55:00,22985.23,22995.31,22932.51,22935.19,71301
2026-07-29 11:00:00,22935.19,22944.35,22894.6,22899.01,102697
2026-07-29 11:05:00,22899.01,22908.47,22890.91,22906.26,54700
2026-07-29 11:10:00,22906.26,22909.03,22857.7,22861.09,41587
2026-07-29 11:15:00,22861.09,22861.43,22818.64,22819.59,120751
2026-07-29 11:20:00,22819.59,22827.22,22783.65,22791.74,76199
2026-07-29 11:25:00,22791.74,22804.25,22777.11,22790.55,113685
2026-07-29 11:30:00,22790.55,22796.23,22774.47,22781.92,81992
2026-07-29 11:35:00,22781.92,22792.66,22761.69,22776.96,76574
2026-07-29 11:40:00,22776.96,22804.03,22761.37,22796.11,55546
2026-07-29 11:45:00,22796.11,22809.23,22784.48,22800.35,47656
2026-07-29 11:50:00,22800.35,22823.52,22795.32,22808.58,79705
2026-07-29 11:55:00,22808.58,22808.59,22781.73,22792.88,82967
2026-07-29 12:00:00,22792.88,22816.68,22786.39,22813.0,91985
2026-07-29 12:05:00,22813.0,22824.75,22804.52,22818.29,116633
2026-07-29 12:10:00,22818.29,22819.02,22764.16,22779.53,60151
2026-07-29 12:15:00,22779.53,22782.7,22733.15,22736.4,113805
2026-07-29 12:20:00,22736.4,22745.33,22706.73,22722.45,30135
2026-07-29 12:25:00,22722.45,22722.54,22701.78,22709.44,179187
2026-07-29 12:30:00,22709.44,22721.23,22675.49,22675.51,89680
2026-07-29 12:35:00,22675.51,22676.44,22634.34,22639.92,63219
2026-07-29 12:40:00,22639.92,22651.04,22637.21,22649.77,64839
2026-07-29 12:45:00,22649.77,22662.17,22615.75,22626.05,75690
2026-07-29 12:50:00,22626.05,22690.19,22622.52,22680.93,75354
2026-07-29 12:55:00,22680.93,22686.63,22655.42,22661.2,76627
2026-07-29 13:00:00,22661.2,22700.13,22655.53,22694.3,100760
2026-07-29 13:05:00,22694.3,22728.62,22684.67,22714.47,102946
2026-07-29 13:10:00,22714.47,22726.27,22697.52,22717.48,44825
2026-07-29 13:15:00,22717.48,22742.09,22703.99,22740.32,129762
2026-07-29 13:20:00,22740.32,22754.58,22734.51,22743.09,65482
2026-07-29 13:25:00,22743.09,22762.45,22740.0,22761.95,67237
2026-07-29 13:30:00,22761.95,22769.52,22742.69,22749.06,100645
2026-07-29 13:35:00,22749.06,22782.76,22730.19,22763.79,70269
2026-07-29 13:40:00,22763.79,22785.88,22707.88,22729.96,86716
2026-07-29 13:45:00,22729.96,22752.15,22727.29,22730.77,87207
2026-07-29 13:50:00,22730.77,22756.77,22727.66,22732.25,57501
2026-07-29 13:55:00,22732.25,22737.41,22702.92,22722.65,84925
2026-07-29 14:00:00,22722.65,22744.17,22708.4,22717.19,58855
2026-07-29 14:05:00,22717.19,22730.21,22690.26,22728.89,54623
2026-07-29 14:10:00,22728.89,22736.95,22705.29,22706.55,76373
2026-07-29 14:15:00,22706.55,22719.99,22689.66,22717.73,59072
2026-07-29 14:20:00,22717.73,22735.93,22713.16,22724.3,79026
2026-07-29 14:25:00,22724.3,22737.86,22709.83,22717.16,58725
2026-07-29 14:30:00,22717.16,22752.66,22711.62,22740.44,97158
2026-07-29 14:35:00,22740.44,22750.9,22675.85,22697.7,51971
2026-07-29 14:40:00,22697.7,22702.23,22636.22,22647.72,142048
2026-07-29 14:45:00,22647.72,22650.19,22613.39,22636.58,197486
2026-07-29 14:50:00,22636.58,22673.42,22624.42,22663.78,98797
2026-07-29 14:55:00,22663.78,22672.26,22634.92,22648.99,82997
2026-07-29 15:00:00,22648.99,22671.6,22641.54,22668.31,86989
2026-07-29 15:05:00,22668.31,22682.17,22609.66,22615.95,89080
2026-07-29 15:10:00,22615.95,22687.59,22612.02,22678.57,145531
2026-07-29 15:15:00,22678.57,22749.74,22673.2,22742.51,128278
2026-07-29 15:20:00,22742.51,22879.82,22741.93,22875.4,113645
2026-07-29 15:25:00,22875.4,22907.57,22850.02,22889.2,366251
2026-07-30 09:15:00,22825.99,22839.55,22789.53,22793.84,127418
2026-07-30 09:20:00,22793.84,22834.52,22786.34,22809.11,130800
2026-07-30 09:25:00,22809.11,22816.28,22759.54,22790.73,145954
2026-07-30 09:30:00,22790.73,22793.75,22715.38,22751.31,152697
2026-07-30 09:35:00,22751.31,22781.76,22740.38,22775.14,115588
2026-07-30 09:40:00,22775.14,22785.04,22704.43,22708.39,64970
2026-07-30 09:45:00,22708.39,22734.9,22700.01,22732.45,175457
2026-07-30 09:50:00,22732.45,22748.09,22717.42,22719.36,73930
2026-07-30 09:55:00,22719.36,22752.83,22707.9,22744.29,49149
2026-07-30 10:00:00,22744.29,22756.05,22722.98,22753.69,51280
2026-07-30 10:05:00,22753.69,22766.35,22746.43,22761.59,81937
2026-07-30 10:10:00,22761.59,22764.8,22716.79,22725.03,76336
2026-07-30 10:15:00,22725.03,22765.18,22724.26,22758.84,69949
2026-07-30 10:20:00,22758.84,22785.29,22732.52,22740.18,103049
2026-07-30 10:25:00,22740.18,22757.46,22728.03,22743.6,91616
2026-07-30 10:30:00,22743.6,22785.41,22738.49,22783.26,175660
2026-07-30 10:35:00,22783.26,22835.31,22775.26,22830.01,84568
2026-07-30 10:40:00,22830.01,22868.3,22829.34,22866.54,79153
2026-07-30 10:45:00,22866.54,22872.5,22812.79,22818.3,53212
2026-07-30 10:50:00,22818.3,22835.82,22796.08,22833.93,90733
2026-07-30 10:55:00,22833.93,22840.19,22816.75,22819.45,72297
2026-07-30 11:00:00,22819.45,22828.34,22780.46,22788.7,44212
2026-07-30 11:05:00,22788.7,22834.62,22784.5,22827.23,57199
2026-07-30 11:10:00,22827.23,22831.32,22778.82,22782.84,74867
2026-07-30 11:15:00,22782.84,22786.12,22741.47,22746.18,73033
2026-07-30 11:20:00,22746.18,22777.01,22742.7,22767.08,45758
2026-07-30 11:25:00,22767.08,22787.93,22762.29,22787.32,65650
2026-07-30 11:30:00,22787.32,22816.47,22785.72,22804.75,99778
2026-07-30 11:35:00,22804.75,22843.77,22804.49,22838.75,75108
2026-07-30 11:40:00,22838.75,22856.11,22829.25,22843.54,68133
2026-07-30 11:45:00,22843.54,22853.07,22831.58,22837.95,62655
2026-07-30 11:50:00,22837.95,22848.98,22816.41,22829.41,166257
2026-07-30 11:55:00,22829.41,22865.77,22823.7,22859.93,55915
2026-07-30 12:00:00,22859.93,22889.06,22853.18,22887.35,89663
2026-07-30 12:05:00,22887.35,22916.2,22884.67,22907.51,43177
2026-07-30 12:10:00,22907.51,22922.99,22900.33,22917.34,60649
2026-07-30 12:15:00,22917.34,22959.9,22913.46,22958.22,78585
2026-07-30 12:20:00,22958.22,22960.07,22920.2,22922.61,89784
2026-07-30 12:25:00,22922.61,22941.24,22920.53,22940.33,60143
2026-07-30 12:30:00,22940.33,22943.0,22914.55,22932.16,52345
2026-07-30 12:35:00,22932.16,22932.2,22891.85,22911.61,38841
2026-07-30 12:40:00,22911.61,22916.83,22897.4,22911.22,62184
2026-07-30 12:45:00,22911.22,22916.05,22874.15,22883.48,71628
2026-07-30 12:50:00,22883.48,22893.33,22849.72,22877.51,102566
2026-07-30 12:55:00,22877.51,22883.64,22805.72,22814.58,39079
2026-07-30 13:00:00,22814.58,22827.03,22812.31,22814.89,51445
2026-07-30 13:05:00,22814.89,22818.53,22793.28,22801.29,56721
2026-07-30 13:10:00,22801.29,22808.03,22755.41,22757.42,97397
2026-07-30 13:15:00,22757.42,22763.06,22741.25,22742.51,107689
2026-07-30 13:20:00,22742.51,22795.71,22741.83,22792.57,48028
2026-07-30 13:25:00,22792.57,22815.91,22780.19,22798.44,160754
2026-07-30 13:30:00,22798.44,22804.47,22773.73,22797.88,49223
2026-07-30 13:35:00,22797.88,22801.56,22785.7,22787.63,113701
2026-07-30 13:40:00,22787.63,22828.16,22782.11,22806.85,46897
2026-07-30 13:45:00,22806.85,22814.46,22771.54,22773.25,55815
2026-07-30 13:50:00,22773.25,22777.12,22726.81,22737.68,56297
2026-07-30 13:55:00,22737.68,22799.07,22736.65,22798.71,129452
2026-07-30 14:00:00,22798.71,22847.49,22797.94,22843.06,61786
2026-07-30 14:05:00,22843.06,22854.94,22827.06,22843.58,92590
2026-07-30 14:10:00,22843.58,22864.9,22838.42,22861.57,107572
2026-07-30 14:15:00,22861.57,22907.52,22853.89,22880.93,55292
2026-07-30 14:20:00,22880.93,22884.96,22844.79,22872.16,52040
2026-07-30 14:25:00,22872.16,22873.93,22848.94,22867.49,107159
2026-07-30 14:30:00,22867.49,22875.12,22819.91,22819.97,70248
2026-07-30 14:35:00,22819.97,22838.22,22800.23,22832.93,55434
2026-07-30 14:40:00,22832.93,22856.93,22831.1,22856.49,53495
2026-07-30 14:45:00,22856.49,22860.75,22821.72,22829.24,49105
2026-07-30 14:50:00,22829.24,22861.78,22825.71,22859.71,39238
2026-07-30 14:55:00,22859.71,22868.57,22855.44,22857.93,137318
2026-07-30 15:00:00,22857.93,22862.73,22826.37,22841.34,75440
2026-07-30 15:05:00,22841.34,22850.35,22820.93,22829.73,191898
2026-07-30 15:10:00,22829.73,22836.1,22817.51,22832.92,115177
2026-07-30 15:15:00,22832.92,22841.66,22757.23,22767.64,101435
2026-07-30 15:20:00,22767.64,22813.79,22751.79,22773.32,165710
2026-07-30 15:25:00,22773.32,22777.06,22683.15,22699.39,104241
2026-07-31 09:15:00,22810.18,22904.38,22802.89,22898.18,246025
2026-07-31 09:20:00,22898.18,22930.5,22858.64,22861.02,358631
2026-07-31 09:25:00,22861.02,22914.81,22859.58,22883.31,99713
2026-07-31 09:30:00,22883.31,23006.67,22871.64,23003.73,159290
2026-07-31 09:35:00,23003.73,23078.61,23000.01,23078.34,115347
2026-07-31 09:40:00,23078.34,23117.09,23063.99,23104.61,176662
2026-07-31 09:45:00,23104.61,23126.34,23101.34,23120.94,72452
2026-07-31 09:50:00,23120.94,23127.99,23090.25,23124.25,170397
2026-07-31 09:55:00,23124.25,23128.01,23080.85,23113.67,75499
2026-07-31 10:00:00,23113.67,23135.65,23108.49,23117.22,103531
2026-07-31 10:05:00,23117.22,23123.82,23098.29,23121.06,71333
2026-07-31 10:10:00,23121.06,23121.07,23052.77,23057.11,204680
2026-07-31 10:15:00,23057.11,23071.19,23040.54,23041.47,56798
2026-07-31 10:20:00,23041.47,23042.39,23001.24,23004.38,84227
2026-07-31 10:25:00,23004.38,23028.59,23001.45,23022.73,80891
2026-07-31 10:30:00,23022.73,23039.53,23008.97,23013.03,72381
2026-07-31 10:35:00,23013.03,23018.73,22980.09,22982.26,51523
2026-07-31 10:40:00,22982.26,23028.15,22978.11,23001.86,71069
2026-07-31 10:45:00,23001.86,23034.97,22998.66,23031.15,93721
2026-07-31 10:50:00,23031.15,23032.7,23016.19,23018.16,56978
2026-07-31 10:55:00,23018.16,23026.49,22994.93,22999.9,51785
2026-07-31 11:00:00,22999.9,23005.21,22936.86,22938.39,54662
2026-07-31 11:05:00,22938.39,22940.6,22909.03,22939.49,58235
2026-07-31 11:10:00,22939.49,22946.88,22916.88,22925.0,52195
2026-07-31 11:15:00,22925.0,22963.15,22916.38,22940.4,73683
2026-07-31 11:20:00,22940.4,22974.98,22934.86,22970.58,69266
2026-07-31 11:25:00,22970.58,23001.24,22961.56,22996.45,85378
2026-07-31 11:30:00,22996.45,23029.28,22975.22,23021.78,97530
2026-07-31 11:35:00,23021.78,23025.38,22993.06,22997.13,86159
2026-07-31 11:40:00,22997.13,22999.29,22975.46,22977.01,91941
2026-07-31 11:45:00,22977.01,22985.61,22965.05,22978.79,45979
2026-07-31 11:50:00,22978.79,22994.37,22976.73,22992.51,117526
2026-07-31 11:55:00,22992.51,23032.48,22983.36,23031.05,62292
2026-07-31 12:00:00,23031.05,23048.18,23028.2,23035.1,57723
2026-07-31 12:05:00,23035.1,23035.82,23015.57,23022.89,58353
2026-07-31 12:10:00,23022.89,23026.32,23003.6,23023.9,49128
2026-07-31 12:15:00,23023.9,23048.23,23010.06,23028.24,62530
2026-07-31 12:20:00,23028.24,23046.41,23024.18,23039.29,40444
2026-07-31 12:25:00,23039.29,23079.83,23022.49,23059.06,112907
2026-07-31 12:30:00,23059.06,23081.36,23048.16,23065.47,39361
2026-07-31 12:35:00,23065.47,23068.58,23004.88,23007.64,91716
2026-07-31 12:40:00,23007.64,23016.28,22967.32,22967.55,38799
2026-07-31 12:45:00,22967.55,22983.47,22947.87,22982.22,43655
2026-07-31 12:50:00,22982.22,22984.53,22945.31,22967.3,42207
2026-07-31 12:55:00,22967.3,22988.59,22963.22,22976.59,63650
2026-07-31 13:00:00,22976.59,22976.69,22930.63,22945.22,67012
2026-07-31 13:05:00,22945.22,22946.97,22917.53,22942.88,36184
2026-07-31 13:10:00,22942.88,22954.08,22914.39,22917.42,89026
2026-07-31 13:15:00,22917.42,22939.18,22906.39,22932.94,193578
2026-07-31 13:20:00,22932.94,22985.67,22930.03,22982.1,78194
2026-07-31 13:25:00,22982.1,23037.43,22968.46,23028.73,90131
2026-07-31 13:30:00,23028.73,23049.62,23003.36,23010.14,73103
2026-07-31 13:35:00,23010.14,23015.71,22965.4,22972.76,81930
2026-07-31 13:40:00,22972.76,22992.87,22967.74,22973.86,65774
2026-07-31 13:45:00,22973.86,22980.3,22937.82,22946.73,83394
2026-07-31 13:50:00,22946.73,22991.22,22937.01,22989.22,53167
2026-07-31 13:55:00,22989.22,23005.31,22976.02,22987.87,50302
2026-07-31 14:00:00,22987.87,22988.8,22965.58,22978.68,66924
2026-07-31 14:05:00,22978.68,22979.82,22952.48,22969.23,83092
2026-07-31 14:10:00,22969.23,22973.13,22918.07,22923.53,62820
2026-07-31 14:15:00,22923.53,22930.22,22890.67,22922.94,96053
2026-07-31 14:20:00,22922.94,22951.52,22914.44,22950.03,126969
2026-07-31 14:25:00,22950.03,22954.32,22938.8,22947.8,118374
2026-07-31 14:30:00,22947.8,22962.34,22943.14,22962.26,88726
2026-07-31 14:35:00,22962.26,22978.15,22935.16,22941.13,92687
2026-07-31 14:40:00,22941.13,22999.87,22935.09,22998.93,94946
2026-07-31 14:45:00,22998.93,23000.21,22964.12,22986.74,95523
2026-07-31 14:50:00,22986.74,22996.46,22924.72,22925.08,121001
2026-07-31 14:55:00,22925.08,22933.07,22854.61,22865.32,115581
2026-07-31 15:00:00,22865.32,22875.79,22831.25,22835.45,156740
2026-07-31 15:05:00,22835.45,22888.72,22825.0,22881.06,55321
2026-07-31 15:10:00,22881.06,22888.84,22860.74,22869.41,104446
2026-07-31 15:15:00,22869.41,22895.36,22836.52,22853.49,112396
2026-07-31 15:20:00,22853.49,22886.23,22841.66,22864.87,122512
2026-07-31 15:25:00,22864.87,22891.19,22858.53,22888.33,164155
2026-08-03 09:15:00,22833.48,22852.71,22812.39,22818.95,268837
2026-08-03 09:20:00,22818.95,22853.92,22769.94,22782.12,286502
2026-08-03 09:25:00,22782.12,22794.98,22717.46,22741.16,125312
2026-08-03 09:30:00,22741.16,22745.13,22661.26,22703.93,214070
2026-08-03 09:35:00,22703.93,22728.11,22694.14,22709.53,176932
2026-08-03 09:40:00,22709.53,22728.83,22685.98,22724.83,130664
2026-08-03 09:45:00,22724.83,22833.12,22720.2,22819.64,86816
2026-08-03 09:50:00,22819.64,22824.91,22770.74,22795.01,159083
2026-08-03 09:55:00,22795.01,22804.9,22777.87,22785.94,110745
2026-08-03 10:00:00,22785.94,22798.03,22737.76,22747.25,78318
2026-08-03 10:05:00,22747.25,22771.27,22742.27,22755.01,85797
2026-08-03 10:10:00,22755.01,22774.54,22725.73,22732.18,86289
2026-08-03 10:15:00,22732.18,22748.1,22716.74,22719.92,33552
2026-08-03 10:20:00,22719.92,22732.9,22707.15,22716.5,109254
2026-08-03 10:25:00,22716.5,22735.87,22708.39,22721.79,97317
2026-08-03 10:30:00,22721.79,22723.26,22684.03,22688.95,79817
2026-08-03 10:35:00,22688.95,22773.65,22687.65,22761.6,123542
2026-08-03 10:40:00,22761.6,22820.61,22759.81,22814.55,56623
2026-08-03 10:45:00,22814.55,22835.76,22797.47,22798.84,100646
2026-08-03 10:50:00,22798.84,22801.93,22738.72,22747.21,158341
2026-08-03 10:55:00,22747.21,22747.62,22712.22,22716.48,169189
2026-08-03 11:00:00,22716.48,22719.47,22679.16,22683.92,53252
2026-08-03 11:05:00,22683.92,22686.07,22657.92,22677.54,57901
2026-08-03 11:10:00,22677.54,22708.2,22671.75,22699.84,66691
2026-08-03 11:15:00,22699.84,22724.93,22695.89,22711.5,67779
2026-08-03 11:20:00,22711.5,22725.07,22697.3,22722.69,67735
2026-08-03 11:25:00,22722.69,22747.77,22713.7,22746.39,72619
2026-08-03 11:30:00,22746.39,22794.62,22735.06,22791.29,56729
2026-08-03 11:35:00,22791.29,22836.67,22784.79,22828.14,66168
2026-08-03 11:40:00,22828.14,22844.43,22825.03,22839.78,111647
2026-08-03 11:45:00,22839.78,22867.28,22819.54,22821.09,128625
2026-08-03 11:50:00,22821.09,22834.0,22797.14,22807.59,54261
2026-08-03 11:55:00,22807.59,22807.71,22770.82,22775.52,62282
2026-08-03 12:00:00,22775.52,22783.86,22754.78,22760.65,118005
2026-08-03 12:05:00,22760.65,22773.5,22750.67,22759.89,54712
2026-08-03 12:10:00,22759.89,22793.62,22757.82,22785.61,88343
2026-08-03 12:15:00,22785.61,22806.43,22784.1,22789.26,47404
2026-08-03 12:20:00,22789.26,22789.91,22764.29,22775.67,41098
2026-08-03 12:25:00,22775.67,22795.13,22774.84,22785.05,36605
2026-08-03 12:30:00,22785.05,22794.15,22768.62,22790.33,75078
2026-08-03 12:35:00,22790.33,22793.17,22775.1,22788.8,52756
2026-08-03 12:40:00,22788.8,22793.16,22767.19,22783.54,55404
2026-08-03 12:45:00,22783.54,22794.46,22765.57,22792.07,58704
2026-08-03 12:50:00,22792.07,22837.57,22784.28,22829.8,89763
2026-08-03 12:55:00,22829.8,22870.53,22826.48,22869.88,178732
2026-08-03 13:00:00,22869.88,22877.28,22841.72,22868.97,108173
2026-08-03 13:05:00,22868.97,22882.07,22840.0,22848.26,126625
2026-08-03 13:10:00,22848.26,22851.77,22819.59,22828.8,68019
2026-08-03 13:15:00,22828.8,22837.64,22802.47,22804.09,71911
2026-08-03 13:20:00,22804.09,22812.44,22782.19,22789.15,127989
2026-08-03 13:25:00,22789.15,22806.88,22773.68,22786.97,65967
2026-08-03 13:30:00,22786.97,22819.61,22782.55,22792.54,41868
2026-08-03 13:35:00,22792.54,22807.67,22774.54,22796.22,87011
2026-08-03 13:40:00,22796.22,22812.03,22788.41,22795.13,67024
2026-08-03 13:45:00,22795.13,22796.73,22766.04,22773.87,122979
2026-08-03 13:50:00,22773.87,22793.16,22765.31,22773.15,64257
2026-08-03 13:55:00,22773.15,22794.16,22753.94,22759.22,37939
2026-08-03 14:00:00,22759.22,22762.83,22736.04,22738.51,66361
2026-08-03 14:05:00,22738.51,22754.32,22733.87,22738.24,115534
2026-08-03 14:10:00,22738.24,22753.21,22732.11,22746.45,100723
2026-08-03 14:15:00,22746.45,22775.87,22736.27,22771.3,48244
2026-08-03 14:20:00,22771.3,22793.95,22770.38,22774.64,115816
2026-08-03 14:25:00,22774.64,22798.88,22771.63,22795.33,101477
2026-08-03 14:30:00,22795.33,22796.81,22765.05,22793.11,123271
2026-08-03 14:35:00,22793.11,22818.11,22787.27,22798.9,133689
2026-08-03 14:40:00,22798.9,22816.65,22772.9,22775.31,44740
2026-08-03 14:45:00,22775.31,22817.45,22769.44,22793.38,45107
2026-08-03 14:50:00,22793.38,22793.9,22745.23,22748.33,106347
2026-08-03 14:55:00,22748.33,22774.79,22733.69,22743.44,106945
2026-08-03 15:00:00,22743.44,22780.82,22728.61,22735.18,59044
2026-08-03 15:05:00,22735.18,22746.45,22683.88,22738.38,118236
2026-08-03 15:10:00,22738.38,22762.0,22711.74,22760.57,93567
2026-08-03 15:15:00,22760.57,22771.21,22676.38,22700.04,115362
2026-08-03 15:20:00,22700.04,22750.13,22664.3,22743.55,170256
2026-08-03 15:25:00,22743.55,22805.44,22735.91,22757.78,214049
2026-08-04 09:15:00,22744.08,22799.49,22678.16,22685.35,213702
2026-08-04 09:20:00,22685.35,22692.74,22589.11,22684.79,165721
2026-08-04 09:25:00,22684.79,22692.19,22646.05,22659.87,271532
2026-08-04 09:30:00,22659.87,22676.51,22612.65,22629.72,143366
2026-08-04 09:35:00,22629.72,22692.9,22628.56,22672.8,104414
2026-08-04 09:40:00,22672.8,22733.64,22665.7,22713.51,154206
2026-08-04 09:45:00,22713.51,22740.16,22705.74,22725.16,138947
2026-08-04 09:50:00,22725.16,22730.62,22677.71,22679.07,141813
2026-08-04 09:55:00,22679.07,22683.17,22649.01,22672.06,62133
2026-08-04 10:00:00,22672.06,22692.44,22654.02,22664.64,66534
2026-08-04 10:05:00,22664.64,22678.52,22638.88,22664.09,67392
2026-08-04 10:10:00,22664.09,22670.62,22647.66,22652.5,81040
2026-08-04 10:15:00,22652.5,22667.63,22637.13,22640.23,170291
2026-08-04 10:20:00,22640.23,22653.8,22605.57,22607.16,59001
2026-08-04 10:25:00,22607.16,22626.65,22598.33,22608.38,81155
2026-08-04 10:30:00,22608.38,22635.43,22607.28,22621.77,108139
2026-08-04 10:35:00,22621.77,22637.06,22591.23,22603.41,161593
2026-08-04 10:40:00,22603.41,22641.66,22598.94,22621.27,155729
2026-08-04 10:45:00,22621.27,22641.55,22618.87,22632.93,109660
2026-08-04 10:50:00,22632.93,22653.58,22616.94,22651.32,62500
2026-08-04 10:55:00,22651.32,22674.21,22650.33,22662.66,50150
2026-08-04 11:00:00,22662.66,22671.85,22652.5,22666.24,72899
2026-08-04 11:05:00,22666.24,22672.83,22642.33,22658.42,72268
2026-08-04 11:10:00,22658.42,22694.46,22651.45,22683.64,93259
2026-08-04 11:15:00,22683.64,22725.21,22668.61,22717.53,56036
2026-08-04 11:20:00,22717.53,22726.62,22681.2,22687.76,94058
2026-08-04 11:25:00,22687.76,22690.05,22644.51,22685.2,154325
2026-08-04 11:30:00,22685.2,22687.58,22638.7,22639.52,56038
2026-08-04 11:35:00,22639.52,22668.21,22636.32,22663.37,88942
2026-08-04 11:40:00,22663.37,22696.6,22663.27,22683.69,66139
2026-08-04 11:45:00,22683.69,22726.85,22680.47,22721.23,66066
2026-08-04 11:50:00,22721.23,22721.44,22703.07,22707.0,87395
2026-08-04 11:55:00,22707.0,22713.11,22699.41,22710.03,79049
2026-08-04 12:00:00,22710.03,22743.61,22695.83,22739.76,98225
2026-08-04 12:05:00,22739.76,22747.46,22733.23,22733.53,62681
2026-08-04 12:10:00,22733.53,22749.39,22732.15,22742.4,42174
2026-08-04 12:15:00,22742.4,22743.06,22699.83,22729.59,67570
2026-08-04 12:20:00,22729.59,22732.77,22696.77,22699.06,81774
2026-08-04 12:25:00,22699.06,22712.41,22657.93,22664.82,72198
2026-08-04 12:30:00,22664.82,22705.69,22656.02,22693.12,79301
2026-08-04 12:35:00,22693.12,22707.81,22672.18,22706.5,67637
2026-08-04 12:40:00,22706.5,22746.57,22705.25,22723.45,99559
2026-08-04 12:45:00,22723.45,22734.56,22703.29,22726.49,38753
2026-08-04 12:50:00,22726.49,22754.39,22725.11,22739.47,67896
2026-08-04 12:55:00,22739.47,22742.69,22719.29,22721.9,47140
2026-08-04 13:00:00,22721.9,22738.13,22715.61,22722.08,74294
2026-08-04 13:05:00,22722.08,22746.21,22703.39,22738.03,67305
2026-08-04 13:10:00,22738.03,22738.34,22678.02,22683.95,51518
2026-08-04 13:15:00,22683.95,22723.08,22681.63,22718.76,52325
2026-08-04 13:20:00,22718.76,22720.84,22699.65,22704.79,54523
2026-08-04 13:25:00,22704.79,22715.44,22683.31,22688.97,104106
2026-08-04 13:30:00,22688.97,22717.0,22687.01,22705.55,105792
2026-08-04 13:35:00,22705.55,22722.96,22677.61,22680.62,75482
2026-08-04 13:40:00,22680.62,22685.53,22663.71,22665.56,79181
2026-08-04 13:45:00,22665.56,22681.96,22661.72,22674.18,102994
2026-08-04 13:50:00,22674.18,22687.33,22654.72,22672.5,67927
2026-08-04 13:55:00,22672.5,22672.65,22638.16,22640.86,80384
2026-08-04 14:00:00,22640.86,22654.34,22577.52,22586.16,94556
2026-08-04 14:05:00,22586.16,22620.03,22584.42,22614.44,80390
2026-08-04 14:10:00,22614.44,22619.58,22599.38,22603.79,41872
2026-08-04 14:15:00,22603.79,22624.73,22597.81,22611.11,63742
2026-08-04 14:20:00,22611.11,22642.31,22577.72,22632.3,44628
2026-08-04 14:25:00,22632.3,22649.04,22622.78,22640.71,119655
2026-08-04 14:30:00,22640.71,22644.36,22599.74,22625.63,80521
2026-08-04 14:35:00,22625.63,22675.09,22619.63,22672.25,68206
2026-08-04 14:40:00,22672.25,22682.48,22651.9,22680.51,119903
2026-08-04 14:45:00,22680.51,22681.75,22663.05,22679.19,48325
2026-08-04 14:50:00,22679.19,22686.76,22646.24,22660.59,114107
2026-08-04 14:55:00,22660.59,22683.97,22649.14,22682.49,74725
2026-08-04 15:00:00,22682.49,22705.9,22663.88,22703.97,130127
2026-08-04 15:05:00,22703.97,22747.31,22680.57,22687.62,89139
2026-08-04 15:10:00,22687.62,22694.85,22661.91,22668.2,75075
2026-08-04 15:15:00,22668.2,22725.45,22653.43,22717.27,130376
2026-08-04 15:20:00,22717.27,22739.73,22677.9,22686.71,69870
2026-08-04 15:25:00,22686.71,22711.62,22656.34,22678.6,170767
2026-08-05 09:15:00,22723.63,22738.68,22600.94,22611.16,224680
2026-08-05 09:20:00,22611.16,22667.83,22602.18,22623.68,144228
2026-08-05 09:25:00,22623.68,22711.83,22620.06,22690.21,136865
2026-08-05 09:30:00,22690.21,22709.43,22667.37,22683.48,94391
2026-08-05 09:35:00,22683.48,22725.66,22672.62,22694.37,124632
2026-08-05 09:40:00,22694.37,22744.78,22687.33,22723.72,113534
2026-08-05 09:45:00,22723.72,22747.86,22715.91,22734.85,51177
2026-08-05 09:50:00,22734.85,22742.44,22673.03,22692.84,126864
2026-08-05 09:55:00,22692.84,22705.52,22673.63,22701.19,62755
2026-08-05 10:00:00,22701.19,22734.54,22684.27,22729.8,79835
2026-08-05 10:05:00,22729.8,22735.7,22705.67,22710.64,68734
2026-08-05 10:10:00,22710.64,22729.01,22676.59,22681.65,106230
2026-08-05 10:15:00,22681.65,22732.6,22677.07,22712.08,76997
2026-08-05 10:20:00,22712.08,22714.83,22680.18,22712.98,64234
2026-08-05 10:25:00,22712.98,22730.94,22699.13,22728.15,48092
2026-08-05 10:30:00,22728.15,22750.18,22716.83,22741.78,57426
2026-08-05 10:35:00,22741.78,22777.28,22731.65,22751.63,122144
2026-08-05 10:40:00,22751.63,22753.25,22729.49,22736.47,93686
2026-08-05 10:45:00,22736.47,22748.33,22678.46,22712.58,61668
2026-08-05 10:50:00,22712.58,22715.65,22678.23,22684.68,111887
2026-08-05 10:55:00,22684.68,22686.99,22659.32,22662.96,77045
2026-08-05 11:00:00,22662.96,22665.41,22633.8,22635.64,44439
2026-08-05 11:05:00,22635.64,22642.45,22613.35,22615.12,69208
2026-08-05 11:10:00,22615.12,22632.74,22603.72,22619.14,63400
2026-08-05 11:15:00,22619.14,22623.12,22589.42,22605.68,50344
2026-08-05 11:20:00,22605.68,22620.26,22566.06,22571.9,74317
2026-08-05 11:25:00,22571.9,22620.7,22565.29,22585.37,81492
2026-08-05 11:30:00,22585.37,22608.47,22552.78,22596.67,90530
2026-08-05 11:35:00,22596.67,22612.9,22568.03,22590.91,73287
2026-08-05 11:40:00,22590.91,22612.98,22589.66,22610.18,44176
2026-08-05 11:45:00,22610.18,22644.27,22608.93,22640.36,33950
2026-08-05 11:50:00,22640.36,22658.72,22617.74,22630.5,103504
2026-08-05 11:55:00,22630.5,22648.09,22581.58,22584.79,29851
2026-08-05 12:00:00,22584.79,22611.17,22576.35,22587.69,84654
2026-08-05 12:05:00,22587.69,22603.57,22583.12,22597.23,129393
2026-08-05 12:10:00,22597.23,22604.24,22565.03,22593.03,54458
2026-08-05 12:15:00,22593.03,22593.54,22555.1,22556.25,92666
2026-08-05 12:20:00,22556.25,22560.78,22527.63,22542.71,99917
2026-08-05 12:25:00,22542.71,22560.56,22527.7,22553.13,96087
2026-08-05 12:30:00,22553.13,22557.18,22520.97,22524.21,110800
2026-08-05 12:35:00,22524.21,22524.51,22476.22,22481.4,88834
2026-08-05 12:40:00,22481.4,22489.92,22438.96,22441.59,68761
2026-08-05 12:45:00,22441.59,22444.97,22410.46,22441.71,52255
2026-08-05 12:50:00,22441.71,22491.56,22433.65,22481.53,83912
2026-08-05 12:55:00,22481.53,22489.59,22447.88,22457.88,90556
2026-08-05 13:00:00,22457.88,22467.29,22421.55,22449.27,132024
2026-08-05 13:05:00,22449.27,22452.62,22430.56,22439.56,120174
2026-08-05 13:10:00,22439.56,22446.0,22407.15,22436.95,63295
2026-08-05 13:15:00,22436.95,22462.42,22429.47,22449.5,88139
2026-08-05 13:20:00,22449.5,22453.47,22429.79,22438.88,54496
2026-08-05 13:25:00,22438.88,22441.86,22390.65,22393.04,62903
2026-08-05 13:30:00,22393.04,22400.15,22366.4,22376.57,54927
2026-08-05 13:35:00,22376.57,22423.16,22375.95,22418.55,98609
2026-08-05 13:40:00,22418.55,22424.43,22401.02,22412.34,123596
2026-08-05 13:45:00,22412.34,22428.39,22398.25,22417.27,61489
2026-08-05 13:50:00,22417.27,22431.9,22394.29,22419.49,53162
2026-08-05 13:55:00,22419.49,22429.22,22395.49,22406.01,138840
2026-08-05 14:00:00,22406.01,22414.47,22343.74,22358.64,65350
2026-08-05 14:05:00,22358.64,22360.22,22330.75,22355.0,69910
2026-08-05 14:10:00,22355.0,22369.6,22328.63,22363.3,118250
2026-08-05 14:15:00,22363.3,22385.13,22363.13,22374.09,60494
2026-08-05 14:20:00,22374.09,22379.46,22342.16,22362.82,81741
2026-08-05 14:25:00,22362.82,22383.32,22360.44,22368.22,185356
2026-08-05 14:30:00,22368.22,22374.14,22333.16,22333.6,96570
2026-08-05 14:35:00,22333.6,22335.51,22279.62,22284.91,148231
2026-08-05 14:40:00,22284.91,22307.6,22283.73,22291.22,74841
2026-08-05 14:45:00,22291.22,22319.79,22287.82,22313.63,143265
2026-08-05 14:50:00,22313.63,22367.65,22311.37,22365.86,134897
2026-08-05 14:55:00,22365.86,22408.87,22363.98,22404.3,76274
2026-08-05 15:00:00,22404.3,22416.18,22400.43,22407.35,95084
2026-08-05 15:05:00,22407.35,22430.45,22397.52,22425.65,166633
2026-08-05 15:10:00,22425.65,22432.33,22364.03,22392.51,157786
2026-08-05 15:15:00,22392.51,22423.07,22365.63,22396.24,125270
2026-08-05 15:20:00,22396.24,22423.95,22318.84,22330.94,145116
2026-08-05 15:25:00,22330.94,22347.3,22313.16,22322.29,240310
2026-08-06 09:15:00,22452.03,22500.24,22431.97,22475.92,261638
2026-08-06 09:20:00,22475.92,22486.75,22395.49,22447.76,103052
2026-08-06 09:25:00,22447.76,22483.43,22420.48,22448.11,99360
2026-08-06 09:30:00,22448.11,22456.76,22422.4,22422.74,110555
2026-08-06 09:35:00,22422.74,22434.46,22401.17,22410.03,166181
2026-08-06 09:40:00,22410.03,22426.09,22363.85,22375.77,55885
2026-08-06 09:45:00,22375.77,22408.69,22370.68,22405.76,121871
2026-08-06 09:50:00,22405.76,22419.3,22379.5,22390.25,111675
2026-08-06 09:55:00,22390.25,22405.9,22378.36,22400.37,82368
2026-08-06 10:00:00,22400.37,22417.02,22391.24,22415.41,93379
2026-08-06 10:05:00,22415.41,22423.35,22384.95,22401.06,75040
2026-08-06 10:10:00,22401.06,22411.98,22384.17,22387.79,102882
2026-08-06 10:15:00,22387.79,22393.25,22377.29,22377.36,106967
2026-08-06 10:20:00,22377.36,22383.55,22360.96,22372.28,94561
2026-08-06 10:25:00,22372.28,22381.57,22348.08,22362.66,98569
2026-08-06 10:30:00,22362.66,22368.17,22348.16,22353.94,104676
2026-08-06 10:35:00,22353.94,22407.21,22351.73,22398.68,87971
2026-08-06 10:40:00,22398.68,22409.39,22395.29,22407.3,96940
2026-08-06 10:45:00,22407.3,22413.58,22379.82,22412.4,78673
2026-08-06 10:50:00,22412.4,22420.02,22375.01,22388.64,82599
2026-08-06 10:55:00,22388.64,22438.7,22386.97,22436.97,73556
2026-08-06 11:00:00,22436.97,22465.05,22429.94,22462.85,149895
2026-08-06 11:05:00,22462.85,22485.17,22456.67,22478.68,46109
2026-08-06 11:10:00,22478.68,22490.41,22451.47,22466.22,107543
2026-08-06 11:15:00,22466.22,22492.14,22460.84,22461.12,117093
2026-08-06 11:20:00,22461.12,22463.75,22432.52,22447.19,39332
2026-08-06 11:25:00,22447.19,22456.63,22419.21,22449.67,63992
2026-08-06 11:30:00,22449.67,22477.2,22444.47,22466.1,77677
2026-08-06 11:35:00,22466.1,22504.25,22461.55,22498.94,68066
2026-08-06 11:40:00,22498.94,22521.51,22494.65,22503.73,58751
2026-08-06 11:45:00,22503.73,22533.74,22502.69,22515.67,74640
2026-08-06 11:50:00,22515.67,22535.79,22515.36,22524.47,99087
2026-08-06 11:55:00,22524.47,22538.7,22509.0,22515.28,59536
2026-08-06 12:00:00,22515.28,22558.31,22509.64,22548.22,38383
2026-08-06 12:05:00,22548.22,22551.2,22528.98,22531.96,78080
2026-08-06 12:10:00,22531.96,22558.19,22525.36,22536.24,132569
2026-08-06 12:15:00,22536.24,22536.38,22521.48,22522.27,70027
2026-08-06 12:20:00,22522.27,22523.01,22489.05,22500.23,94343
2026-08-06 12:25:00,22500.23,22550.06,22499.92,22529.45,101400
2026-08-06 12:30:00,22529.45,22548.58,22525.87,22539.12,108180
2026-08-06 12:35:00,22539.12,22540.89,22527.57,22536.16,88561
2026-08-06 12:40:00,22536.16,22546.41,22508.78,22511.63,63891
2026-08-06 12:45:00,22511.63,22517.77,22491.62,22494.94,82343
2026-08-06 12:50:00,22494.94,22523.01,22485.41,22519.88,64895
2026-08-06 12:55:00,22519.88,22532.66,22502.14,22510.75,60275
2026-08-06 13:00:00,22510.75,22528.18,22489.13,22490.64,71159
2026-08-06 13:05:00,22490.64,22494.54,22435.93,22439.72,50737
2026-08-06 13:10:00,22439.72,22440.48,22411.36,22417.47,41894
2026-08-06 13:15:00,22417.47,22429.59,22404.13,22412.61,115643
2026-08-06 13:20:00,22412.61,22440.29,22400.55,22425.97,53316
2026-08-06 13:25:00,22425.97,22456.86,22425.5,22445.85,87470
2026-08-06 13:30:00,22445.85,22456.52,22404.77,22434.91,64623
2026-08-06 13:35:00,22434.91,22435.82,22402.33,22407.44,82903
2026-08-06 13:40:00,22407.44,22415.32,22377.48,22404.37,150155
2026-08-06 13:45:00,22404.37,22415.79,22380.77,22400.64,70375
2026-08-06 13:50:00,22400.64,22429.81,22397.61,22422.69,47035
2026-08-06 13:55:00,22422.69,22426.4,22406.52,22410.33,48947
2026-08-06 14:00:00,22410.33,22427.58,22401.99,22408.69,113785
2026-08-06 14:05:00,22408.69,22423.39,22395.04,22398.48,28865
2026-08-06 14:10:00,22398.48,22417.81,22388.59,22395.05,81229
2026-08-06 14:15:00,22395.05,22405.73,22375.21,22390.07,93529
2026-08-06 14:20:00,22390.07,22407.13,22347.28,22347.29,133932
2026-08-06 14:25:00,22347.29,22425.95,22342.97,22414.55,153645
2026-08-06 14:30:00,22414.55,22420.2,22386.95,22415.86,85555
2026-08-06 14:35:00,22415.86,22432.96,22396.24,22417.79,42091
2026-08-06 14:40:00,22417.79,22427.27,22394.04,22398.17,113012
2026-08-06 14:45:00,22398.17,22405.38,22388.46,22389.13,93428
2026-08-06 14:50:00,22389.13,22391.91,22347.57,22363.01,147930
2026-08-06 14:55:00,22363.01,22398.73,22358.97,22388.09,75187
2026-08-06 15:00:00,22388.09,22431.31,22384.9,22423.28,165990
2026-08-06 15:05:00,22423.28,22452.83,22416.38,22439.16,124278
2026-08-06 15:10:00,22439.16,22454.38,22370.69,22382.86,120950
2026-08-06 15:15:00,22382.86,22385.46,22309.92,22313.33,78404
2026-08-06 15:20:00,22313.33,22323.92,22246.0,22255.99,83055
2026-08-06 15:25:00,22255.99,22267.33,22126.74,22144.98,118962
2026-08-07 09:15:00,22105.4,22119.4,22055.31,22074.89,318849
2026-08-07 09:20:00,22074.89,22120.4,22052.49,22106.88,186210
2026-08-07 09:25:00,22106.88,22124.49,22094.91,22118.2,189825
2026-08-07 09:30:00,22118.2,22122.67,22106.55,22117.42,155056
2026-08-07 09:35:00,22117.42,22124.39,22061.95,22073.07,173722
2026-08-07 09:40:00,22073.07,22077.04,22024.05,22040.98,113177
2026-08-07 09:45:00,22040.98,22045.25,22003.22,22025.06,81916
2026-08-07 09:50:00,22025.06,22072.1,22022.07,22059.93,138751
2026-08-07 09:55:00,22059.93,22069.14,22046.28,22065.57,86605
2026-08-07 10:00:00,22065.57,22067.26,22001.04,22002.81,187637
2026-08-07 10:05:00,22002.81,22028.22,21998.19,22005.61,117468
2026-08-07 10:10:00,22005.61,22021.15,21996.33,22006.05,85694
2026-08-07 10:15:00,22006.05,22036.1,22002.79,22030.48,121794
2026-08-07 10:20:00,22030.48,22056.94,22023.9,22055.98,51778
2026-08-07 10:25:00,22055.98,22063.81,22015.16,22019.31,74348
2026-08-07 10:30:00,22019.31,22028.89,21975.29,21984.39,46276
2026-08-07 10:35:00,21984.39,22003.52,21980.95,21985.25,77719
2026-08-07 10:40:00,21985.25,21993.47,21964.77,21989.86,90035
2026-08-07 10:45:00,21989.86,22007.5,21987.64,22001.87,150759
2026-08-07 10:50:00,22001.87,22002.72,21979.0,21992.75,59198
2026-08-07 10:55:00,21992.75,21997.94,21964.66,21994.42,57369
2026-08-07 11:00:00,21994.42,22006.65,21988.45,22000.05,97891
2026-08-07 11:05:00,22000.05,22005.96,21938.98,21971.35,130765
2026-08-07 11:10:00,21971.35,21972.87,21952.66,21960.98,61811
2026-08-07 11:15:00,21960.98,21964.24,21939.89,21942.08,108243
2026-08-07 11:20:00,21942.08,21949.12,21929.25,21948.85,69520
2026-08-07 11:25:00,21948.85,21974.42,21943.78,21963.38,80953
2026-08-07 11:30:00,21963.38,22003.45,21958.51,21998.55,59598
2026-08-07 11:35:00,21998.55,22026.02,21989.85,22023.66,57924
2026-08-07 11:40:00,22023.66,22024.96,22004.44,22009.74,95613
2026-08-07 11:45:00,22009.74,22017.85,21996.18,22010.4,93269
2026-08-07 11:50:00,22010.4,22014.13,21984.28,21991.61,84608
2026-08-07 11:55:00,21991.61,21996.47,21950.32,21952.1,114993
2026-08-07 12:00:00,21952.1,21959.12,21893.12,21919.28,86000
2026-08-07 12:05:00,21919.28,21946.44,21916.8,21945.11,80369
2026-08-07 12:10:00,21945.11,21951.3,21944.47,21947.83,70256
2026-08-07 12:15:00,21947.83,21993.2,21940.07,21979.39,125661
2026-08-07 12:20:00,21979.39,21993.55,21972.18,21977.75,44566
2026-08-07 12:25:00,21977.75,21983.99,21969.93,21970.74,52225
2026-08-07 12:30:00,21970.74,21985.55,21966.12,21977.88,69602
2026-08-07 12:35:00,21977.88,21985.71,21957.78,21964.26,68550
2026-08-07 12:40:00,21964.26,21968.04,21951.94,21967.38,93134
2026-08-07 12:45:00,21967.38,21975.36,21948.02,21948.24,91981
2026-08-07 12:50:00,21948.24,21950.21,21883.28,21891.81,73439
2026-08-07 12:55:00,21891.81,21897.9,21877.43,21896.59,51517
2026-08-07 13:00:00,21896.59,21910.77,21882.48,21883.19,64491
2026-08-07 13:05:00,21883.19,21920.33,21881.91,21916.33,36075
2026-08-07 13:10:00,21916.33,21939.73,21911.34,21925.64,84987
2026-08-07 13:15:00,21925.64,21925.8,21888.58,21911.87,68360
2026-08-07 13:20:00,21911.87,21932.51,21894.61,21932.17,122640
2026-08-07 13:25:00,21932.17,21948.52,21922.56,21946.2,70831
2026-08-07 13:30:00,21946.2,21974.62,21939.8,21961.07,82654
2026-08-07 13:35:00,21961.07,21979.61,21935.23,21945.06,67161
2026-08-07 13:40:00,21945.06,21974.61,21936.92,21972.76,98184
2026-08-07 13:45:00,21972.76,21981.17,21948.94,21980.7,103754
2026-08-07 13:50:00,21980.7,21986.28,21966.26,21967.97,117163
2026-08-07 13:55:00,21967.97,21969.44,21949.19,21950.63,72285
2026-08-07 14:00:00,21950.63,21955.99,21937.38,21943.18,79850
2026-08-07 14:05:00,21943.18,22004.71,21935.21,21992.13,52841
2026-08-07 14:10:00,21992.13,21992.32,21976.12,21980.21,55634
2026-08-07 14:15:00,21980.21,21983.53,21949.04,21952.48,67181
2026-08-07 14:20:00,21952.48,21977.53,21950.67,21969.76,77750
2026-08-07 14:25:00,21969.76,21978.14,21954.78,21969.68,109901
2026-08-07 14:30:00,21969.68,21978.17,21953.27,21977.03,115050
2026-08-07 14:35:00,21977.03,22018.61,21975.36,21991.15,97641
2026-08-07 14:40:00,21991.15,21996.43,21957.27,21959.96,90591
2026-08-07 14:45:00,21959.96,21963.63,21918.9,21920.53,161921
2026-08-07 14:50:00,21920.53,21924.58,21875.67,21881.56,66741
2026-08-07 14:55:00,21881.56,21903.28,21863.65,21892.16,92380
2026-08-07 15:00:00,21892.16,21924.53,21870.72,21897.82,101681
2026-08-07 15:05:00,21897.82,21936.03,21881.82,21886.35,119982
2026-08-07 15:10:00,21886.35,21894.49,21849.3,21854.31,106259
2026-08-07 15:15:00,21854.31,21896.93,21848.47,21891.69,87271
2026-08-07 15:20:00,21891.69,21895.87,21871.57,21873.51,91153
2026-08-07 15:25:00,21873.51,21878.44,21844.52,21875.09,193186
2026-08-10 09:15:00,21757.86,21822.14,21755.6,21809.17,210253
2026-08-10 09:20:00,21809.17,21858.58,21745.97,21757.54,116877
2026-08-10 09:25:00,21757.54,21761.68,21737.24,21750.73,112175
2026-08-10 09:30:00,21750.73,21751.08,21700.4,21736.96,118891
2026-08-10 09:35:00,21736.96,21787.62,21715.63,21777.53,83635
2026-08-10 09:40:00,21777.53,21802.4,21771.52,21791.02,196232
2026-08-10 09:45:00,21791.02,21802.58,21772.47,21794.9,66168
2026-08-10 09:50:00,21794.9,21851.92,21792.18,21831.21,43663
2026-08-10 09:55:00,21831.21,21844.09,21814.21,21827.74,87942
2026-08-10 10:00:00,21827.74,21838.52,21768.43,21779.17,134473
2026-08-10 10:05:00,21779.17,21799.64,21774.4,21780.74,61326
2026-08-10 10:10:00,21780.74,21811.33,21778.2,21808.7,73890
2026-08-10 10:15:00,21808.7,21817.94,21793.92,21801.01,78663
2026-08-10 10:20:00,21801.01,21808.88,21765.73,21773.58,65247
2026-08-10 10:25:00,21773.58,21775.49,21760.21,21763.77,63555
2026-08-10 10:30:00,21763.77,21806.55,21760.61,21803.27,30528
2026-08-10 10:35:00,21803.27,21809.83,21782.61,21788.31,82112
2026-08-10 10:40:00,21788.31,21795.08,21766.52,21769.49,46099
2026-08-10 10:45:00,21769.49,21777.08,21740.44,21751.32,51874
2026-08-10 10:50:00,21751.32,21778.58,21750.62,21770.42,71454
2026-08-10 10:55:00,21770.42,21788.4,21745.14,21750.08,76483
2026-08-10 11:00:00,21750.08,21754.09,21739.59,21750.68,40571
2026-08-10 11:05:00,21750.68,21755.77,21713.47,21729.34,126883
2026-08-10 11:10:00,21729.34,21734.7,21664.81,21674.03,63169
2026-08-10 11:15:00,21674.03,21692.41,21667.37,21687.89,110552
2026-08-10 11:20:00,21687.89,21693.66,21660.63,21669.77,73247
2026-08-10 11:25:00,21669.77,21704.38,21665.78,21693.4,104505
2026-08-10 11:30:00,21693.4,21696.49,21657.47,21691.89,88251
2026-08-10 11:35:00,21691.89,21714.78,21688.6,21710.01,88531
2026-08-10 11:40:00,21710.01,21744.35,21709.03,21734.35,45296
2026-08-10 11:45:00,21734.35,21739.14,21713.9,21728.97,104921
2026-08-10 11:50:00,21728.97,21731.53,21692.06,21697.41,29681
2026-08-10 11:55:00,21697.41,21697.77,21661.24,21663.25,101795
2026-08-10 12:00:00,21663.25,21671.15,21646.86,21670.97,66553
2026-08-10 12:05:00,21670.97,21680.41,21654.15,21676.02,70092
2026-08-10 12:10:00,21676.02,21712.89,21669.05,21704.97,66176
2026-08-10 12:15:00,21704.97,21748.89,21703.28,21744.25,127201
2026-08-10 12:20:00,21744.25,21773.18,21737.71,21761.72,53455
2026-08-10 12:25:00,21761.72,21781.85,21758.86,21768.65,129535
2026-08-10 12:30:00,21768.65,21795.53,21766.48,21791.85,102744
2026-08-10 12:35:00,21791.85,21797.92,21752.22,21754.66,64128
2026-08-10 12:40:00,21754.66,21770.21,21736.31,21739.02,59997
2026-08-10 12:45:00,21739.02,21750.81,21730.84,21749.22,104852
2026-08-10 12:50:00,21749.22,21792.28,21743.99,21777.87,137003
2026-08-10 12:55:00,21777.87,21790.35,21761.08,21765.02,56150
2026-08-10 13:00:00,21765.02,21791.47,21760.13,21765.21,103239
2026-08-10 13:05:00,21765.21,21785.07,21760.98,21779.57,100864
2026-08-10 13:10:00,21779.57,21789.46,21757.92,21758.36,74472
2026-08-10 13:15:00,21758.36,21765.84,21743.8,21753.16,56057
2026-08-10 13:20:00,21753.16,21755.15,21733.79,21734.49,73307
2026-08-10 13:25:00,21734.49,21735.13,21715.74,21716.63,85192
2026-08-10 13:30:00,21716.63,21726.15,21693.61,21701.7,73365
2026-08-10 13:35:00,21701.7,21708.27,21694.1,21706.79,56001
2026-08-10 13:40:00,21706.79,21715.39,21699.4,21702.49,88539
2026-08-10 13:45:00,21702.49,21714.26,21663.23,21677.77,117994
2026-08-10 13:50:00,21677.77,21715.23,21675.35,21701.55,181435
2026-08-10 13:55:00,21701.55,21709.4,21675.22,21681.84,85109
2026-08-10 14:00:00,21681.84,21685.08,21662.91,21672.66,67267
2026-08-10 14:05:00,21672.66,21676.43,21615.65,21620.0,93696
2026-08-10 14:10:00,21620.0,21675.37,21603.35,21672.87,33228
2026-08-10 14:15:00,21672.87,21695.45,21668.87,21687.54,121005
2026-08-10 14:20:00,21687.54,21689.32,21673.9,21676.18,92268
2026-08-10 14:25:00,21676.18,21676.62,21651.06,21672.77,128546
2026-08-10 14:30:00,21672.77,21678.84,21659.96,21677.82,164284
2026-08-10 14:35:00,21677.82,21682.49,21624.01,21628.42,126069
2026-08-10 14:40:00,21628.42,21636.02,21577.03,21581.48,45049
2026-08-10 14:45:00,21581.48,21613.19,21573.98,21609.59,131941
2026-08-10 14:50:00,21609.59,21632.92,21606.18,21618.42,97887
2026-08-10 14:55:00,21618.42,21643.85,21617.04,21627.4,119447
2026-08-10 15:00:00,21627.4,21628.07,21602.57,21609.11,90178
2026-08-10 15:05:00,21609.11,21644.29,21585.97,21587.05,129293
2026-08-10 15:10:00,21587.05,21615.76,21581.99,21592.87,119054
2026-08-10 15:15:00,21592.87,21615.01,21588.51,21604.23,100842
2026-08-10 15:20:00,21604.23,21636.61,21601.56,21624.91,100058
2026-08-10 15:25:00,21624.91,21653.49,21624.58,21635.96,84679
2026-08-11 09:15:00,21754.55,21775.37,21734.68,21756.44,273926
2026-08-11 09:20:00,21756.44,21840.37,21740.96,21832.25,139839
2026-08-11 09:25:00,21832.25,21840.27,21763.12,21772.63,112452
2026-08-11 09:30:00,21772.63,21783.26,21689.86,21690.4,189264
2026-08-11 09:35:00,21690.4,21707.59,21668.89,21679.56,73143
2026-08-11 09:40:00,21679.56,21681.51,21640.63,21644.92,171921
2026-08-11 09:45:00,21644.92,21686.12,21641.12,21678.13,95641
2026-08-11 09:50:00,21678.13,21686.87,21674.73,21679.83,97989
2026-08-11 09:55:00,21679.83,21739.86,21673.62,21735.21,56595
2026-08-11 10:00:00,21735.21,21740.62,21716.06,21730.36,62444
2026-08-11 10:05:00,21730.36,21785.65,21725.21,21783.06,73617
2026-08-11 10:10:00,21783.06,21808.32,21764.54,21795.65,134765
2026-08-11 10:15:00,21795.65,21812.88,21783.83,21790.3,63011
2026-08-11 10:20:00,21790.3,21809.19,21786.2,21802.73,83680
2026-08-11 10:25:00,21802.73,21820.73,21800.19,21817.8,125485
2026-08-11 10:30:00,21817.8,21826.58,21807.86,21812.34,43182
2026-08-11 10:35:00,21812.34,21835.12,21807.65,21829.2,65199
2026-08-11 10:40:00,21829.2,21831.4,21803.81,21812.13,67435
2026-08-11 10:45:00,21812.13,21817.1,21769.82,21771.58,53763
2026-08-11 10:50:00,21771.58,21773.39,21726.7,21744.21,73456
2026-08-11 10:55:00,21744.21,21748.27,21723.88,21725.7,82006
2026-08-11 11:00:00,21725.7,21757.39,21718.49,21748.58,116653
2026-08-11 11:05:00,21748.58,21757.9,21710.71,21712.4,59394
2026-08-11 11:10:00,21712.4,21714.72,21704.96,21706.66,92362
2026-08-11 11:15:00,21706.66,21731.85,21704.78,21722.61,77741
2026-08-11 11:20:00,21722.61,21750.5,21718.26,21730.33,92561
2026-08-11 11:25:00,21730.33,21733.11,21727.77,21730.45,65874
2026-08-11 11:30:00,21730.45,21732.48,21707.79,21718.9,68326
2026-08-11 11:35:00,21718.9,21739.27,21712.95,21737.71,53009
2026-08-11 11:40:00,21737.71,21780.93,21736.46,21767.07,80076
2026-08-11 11:45:00,21767.07,21772.87,21765.1,21771.55,95797
2026-08-11 11:50:00,21771.55,21783.33,21768.19,21776.25,79090
2026-08-11 11:55:00,21776.25,21784.77,21758.15,21780.49,65953
2026-08-11 12:00:00,21780.49,21788.46,21752.88,21762.06,80488
2026-08-11 12:05:00,21762.06,21763.33,21726.29,21735.19,64960
2026-08-11 12:10:00,21735.19,21770.68,21731.66,21758.65,68475
2026-08-11 12:15:00,21758.65,21765.33,21738.21,21741.72,96911
2026-08-11 12:20:00,21741.72,21741.95,21724.37,21736.29,91959
2026-08-11 12:25:00,21736.29,21762.97,21734.59,21755.03,92558
2026-08-11 12:30:00,21755.03,21766.48,21750.94,21754.48,61486
2026-08-11 12:35:00,21754.48,21756.72,21722.6,21741.74,41919
2026-08-11 12:40:00,21741.74,21743.86,21708.24,21710.85,134388
2026-08-11 12:45:00,21710.85,21734.16,21708.24,21714.69,122271
2026-08-11 12:50:00,21714.69,21723.36,21696.83,21709.51,71454
2026-08-11 12:55:00,21709.51,21713.45,21677.37,21692.61,79037
2026-08-11 13:00:00,21692.61,21694.81,21661.7,21665.08,76533
2026-08-11 13:05:00,21665.08,21669.84,21629.75,21636.98,57794
2026-08-11 13:10:00,21636.98,21645.75,21625.39,21629.78,52134
2026-08-11 13:15:00,21629.78,21668.23,21627.27,21655.89,55680
2026-08-11 13:20:00,21655.89,21695.15,21654.65,21671.98,72135
2026-08-11 13:25:00,21671.98,21715.77,21670.94,21702.63,60221
2026-08-11 13:30:00,21702.63,21711.42,21682.42,21706.17,104227
2026-08-11 13:35:00,21706.17,21739.26,21702.67,21718.21,83266
2026-08-11 13:40:00,21718.21,21745.16,21717.82,21736.95,107099
2026-08-11 13:45:00,21736.95,21736.96,21688.2,21703.57,69478
2026-08-11 13:50:00,21703.57,21728.14,21700.11,21723.37,65126
2026-08-11 13:55:00,21723.37,21743.03,21693.12,21704.49,99065
2026-08-11 14:00:00,21704.49,21707.84,21666.68,21672.25,75529
2026-08-11 14:05:00,21672.25,21696.43,21669.35,21695.55,72136
2026-08-11 14:10:00,21695.55,21696.71,21682.19,21683.8,106498
2026-08-11 14:15:00,21683.8,21704.01,21647.46,21654.37,51990
2026-08-11 14:20:00,21654.37,21664.27,21624.8,21637.1,92550
2026-08-11 14:25:00,21637.1,21658.92,21632.83,21639.04,46784
2026-08-11 14:30:00,21639.04,21658.25,21625.77,21649.74,187863
2026-08-11 14:35:00,21649.74,21657.47,21619.12,21634.62,84835
2026-08-11 14:40:00,21634.62,21666.11,21619.46,21660.64,134183
2026-08-11 14:45:00,21660.64,21669.01,21635.27,21637.29,126304
2026-08-11 14:50:00,21637.29,21657.45,21623.36,21647.25,60984
2026-08-11 14:55:00,21647.25,21706.63,21642.67,21698.08,93215
2026-08-11 15:00:00,21698.08,21705.79,21671.97,21674.76,124209
2026-08-11 15:05:00,21674.76,21695.25,21659.63,21693.63,202564
2026-08-11 15:10:00,21693.63,21714.71,21665.22,21711.65,149407
2026-08-11 15:15:00,21711.65,21716.88,21691.0,21694.32,168789
2026-08-11 15:20:00,21694.32,21746.58,21677.3,21733.25,86832
2026-08-11 15:25:00,21733.25,21752.24,21694.35,21703.21,130505
2026-08-12 09:15:00,21750.65,21755.81,21665.68,21681.49,353055
2026-08-12 09:20:00,21681.49,21730.79,21677.47,21712.12,215562
2026-08-12 09:25:00,21712.12,21712.98,21658.93,21696.55,206798
2026-08-12 09:30:00,21696.55,21763.34,21677.84,21758.85,112234
2026-08-12 09:35:00,21758.85,21813.59,21727.6,21799.8,149181
2026-08-12 09:40:00,21799.8,21827.62,21743.92,21750.94,151522
2026-08-12 09:45:00,21750.94,21769.35,21742.96,21769.3,204878
2026-08-12 09:50:00,21769.3,21780.32,21741.39,21757.95,74446
2026-08-12 09:55:00,21757.95,21779.68,21742.8,21749.54,155610
2026-08-12 10:00:00,21749.54,21758.87,21724.14,21727.16,56102
2026-08-12 10:05:00,21727.16,21765.26,21724.22,21740.89,89390
2026-08-12 10:10:00,21740.89,21763.41,21738.63,21762.08,89255
2026-08-12 10:15:00,21762.08,21793.93,21757.33,21771.46,96535
2026-08-12 10:20:00,21771.46,21784.3,21762.49,21781.52,98028
2026-08-12 10:25:00,21781.52,21783.94,21754.09,21760.24,63021
2026-08-12 10:30:00,21760.24,21762.23,21720.93,21723.84,110635
2026-08-12 10:35:00,21723.84,21726.05,21715.06,21724.36,76081
2026-08-12 10:40:00,21724.36,21727.58,21697.32,21699.94,90816
2026-08-12 10:45:00,21699.94,21726.7,21695.22,21721.53,83099
2026-08-12 10:50:00,21721.53,21734.34,21702.02,21720.85,59203
2026-08-12 10:55:00,21720.85,21751.22,21716.81,21746.65,67513
2026-08-12 11:00:00,21746.65,21755.13,21719.06,21727.13,82462
2026-08-12 11:05:00,21727.13,21739.73,21711.25,21712.29,103762
2026-08-12 11:10:00,21712.29,21743.81,21710.97,21722.14,83513
2026-08-12 11:15:00,21722.14,21727.38,21698.98,21718.73,86328
2026-08-12 11:20:00,21718.73,21719.62,21664.71,21672.83,55568
2026-08-12 11:25:00,21672.83,21688.2,21640.58,21640.63,68429
2026-08-12 11:30:00,21640.63,21666.69,21639.52,21661.2,69759
2026-08-12 11:35:00,21661.2,21669.9,21624.54,21635.2,40862
2026-08-12 11:40:00,21635.2,21670.3,21631.5,21653.28,73623
2026-08-12 11:45:00,21653.28,21657.99,21643.18,21650.21,54440
2026-08-12 11:50:00,21650.21,21684.7,21646.16,21683.75,68520
2026-08-12 11:55:00,21683.75,21726.37,21679.07,21725.66,108558
2026-08-12 12:00:00,21725.66,21737.58,21696.66,21696.95,87209
2026-08-12 12:05:00,21696.95,21712.59,21682.41,21702.91,37500
2026-08-12 12:10:00,21702.91,21708.29,21689.75,21692.46,120921
2026-08-12 12:15:00,21692.46,21706.3,21691.28,21698.13,54834
2026-08-12 12:20:00,21698.13,21732.16,21692.1,21708.17,101840
2026-08-12 12:25:00,21708.17,21737.97,21706.2,21727.41,24270
2026-08-12 12:30:00,21727.41,21739.99,21717.68,21739.5,87526
2026-08-12 12:35:00,21739.5,21767.64,21738.74,21748.25,47673
2026-08-12 12:40:00,21748.25,21757.46,21734.69,21736.67,60883
2026-08-12 12:45:00,21736.67,21744.72,21724.2,21734.71,77113
2026-08-12 12:50:00,21734.71,21744.81,21716.97,21719.28,91010
2026-08-12 12:55:00,21719.28,21728.69,21701.83,21712.53,65796
2026-08-12 13:00:00,21712.53,21723.54,21699.9,21699.98,94764
2026-08-12 13:05:00,21699.98,21700.83,21675.47,21682.49,112981
2026-08-12 13:10:00,21682.49,21689.17,21679.34,21684.73,99027
2026-08-12 13:15:00,21684.73,21691.73,21671.77,21672.18,58690
2026-08-12 13:20:00,21672.18,21697.3,21670.52,21678.7,79390
2026-08-12 13:25:00,21678.7,21708.09,21677.22,21706.47,74261
2026-08-12 13:30:00,21706.47,21709.69,21680.83,21698.2,93242
2026-08-12 13:35:00,21698.2,21713.27,21693.52,21696.76,34610
2026-08-12 13:40:00,21696.76,21719.46,21692.63,21696.7,130617
2026-08-12 13:45:00,21696.7,21720.31,21689.25,21699.61,93266
2026-08-12 13:50:00,21699.61,21712.6,21694.67,21709.03,116601
2026-08-12 13:55:00,21709.03,21727.02,21703.52,21712.19,124846
2026-08-12 14:00:00,21712.19,21713.31,21682.76,21685.4,176802
2026-08-12 14:05:00,21685.4,21689.35,21665.12,21671.48,103501
2026-08-12 14:10:00,21671.48,21676.17,21628.45,21640.51,94462
2026-08-12 14:15:00,21640.51,21645.38,21619.46,21623.93,77879
2026-08-12 14:20:00,21623.93,21658.01,21621.56,21657.77,97301
2026-08-12 14:25:00,21657.77,21674.6,21643.53,21660.96,65198
2026-08-12 14:30:00,21660.96,21680.58,21637.48,21643.47,46474
2026-08-12 14:35:00,21643.47,21661.5,21608.71,21659.9,93011
2026-08-12 14:40:00,21659.9,21728.56,21659.44,21721.44,83559
2026-08-12 14:45:00,21721.44,21743.82,21715.36,21719.48,61639
2026-08-12 14:50:00,21719.48,21720.24,21686.68,21690.96,59450
2026-08-12 14:55:00,21690.96,21706.93,21662.77,21684.11,111407
2026-08-12 15:00:00,21684.11,21713.75,21672.59,21696.4,49344
2026-08-12 15:05:00,21696.4,21721.92,21681.68,21688.23,116359
2026-08-12 15:10:00,21688.23,21708.62,21660.36,21703.52,60800
2026-08-12 15:15:00,21703.52,21739.46,21679.39,21704.65,85825
2026-08-12 15:20:00,21704.65,21733.71,21699.91,21731.84,130664
2026-08-12 15:25:00,21731.84,21732.21,21665.0,21686.97,178601
2026-08-13 09:15:00,21681.18,21747.94,21675.38,21693.47,213806
2026-08-13 09:20:00,21693.47,21714.0,21661.38,21687.69,149644
2026-08-13 09:25:00,21687.69,21687.69,21641.06,21681.11,136199
2026-08-13 09:30:00,21681.11,21705.29,21662.63,21662.67,99020
2026-08-13 09:35:00,21662.67,21673.37,21594.24,21635.72,141071
2026-08-13 09:40:00,21635.72,21654.98,21632.83,21637.86,104827
2026-08-13 09:45:00,21637.86,21649.14,21599.53,21617.92,155753
2026-08-13 09:50:00,21617.92,21632.12,21602.98,21611.98,78373
2026-08-13 09:55:00,21611.98,21635.86,21603.32,21608.56,104786
2026-08-13 10:00:00,21608.56,21647.13,21584.26,21588.28,218937
2026-08-13 10:05:00,21588.28,21603.49,21572.08,21590.83,163320
2026-08-13 10:10:00,21590.83,21613.52,21584.32,21604.36,97431
2026-08-13 10:15:00,21604.36,21612.05,21600.74,21604.82,67379
2026-08-13 10:20:00,21604.82,21643.76,21602.3,21637.99,90434
2026-08-13 10:25:00,21637.99,21647.85,21604.44,21610.25,96365
2026-08-13 10:30:00,21610.25,21611.97,21565.21,21606.14,45642
2026-08-13 10:35:00,21606.14,21619.87,21602.87,21618.95,171926
2026-08-13 10:40:00,21618.95,21629.13,21610.63,21621.97,67049
2026-08-13 10:45:00,21621.97,21639.53,21609.72,21615.92,71852
2026-08-13 10:50:00,21615.92,21618.23,21592.8,21594.03,141952
2026-08-13 10:55:00,21594.03,21600.35,21581.88,21592.64,98641
2026-08-13 11:00:00,21592.64,21605.47,21591.71,21603.73,62703
2026-08-13 11:05:00,21603.73,21613.89,21564.58,21572.65,87201
2026-08-13 11:10:00,21572.65,21590.19,21548.0,21584.16,149010
2026-08-13 11:15:00,21584.16,21602.59,21578.19,21594.95,86258
2026-08-13 11:20:00,21594.95,21634.21,21594.23,21627.2,83903
2026-08-13 11:25:00,21627.2,21646.47,21610.45,21611.97,99675
2026-08-13 11:30:00,21611.97,21629.53,21599.68,21618.65,90076
2026-08-13 11:35:00,21618.65,21626.14,21607.83,21623.57,42384
2026-08-13 11:40:00,21623.57,21640.86,21616.21,21639.05,77306
2026-08-13 11:45:00,21639.05,21643.33,21627.99,21634.66,66051
2026-08-13 11:50:00,21634.66,21669.65,21628.2,21654.05,86757
2026-08-13 11:55:00,21654.05,21694.39,21644.03,21692.3,126323
2026-08-13 12:00:00,21692.3,21705.81,21685.78,21700.08,106194
2026-08-13 12:05:00,21700.08,21703.18,21677.79,21677.94,74094
2026-08-13 12:10:00,21677.94,21698.68,21674.12,21692.12,48249
2026-08-13 12:15:00,21692.12,21698.54,21685.69,21696.83,76490
2026-08-13 12:20:00,21696.83,21703.97,21672.09,21676.1,87171
2026-08-13 12:25:00,21676.1,21683.98,21645.05,21645.38,129196
2026-08-13 12:30:00,21645.38,21645.81,21620.64,21627.15,70312
2026-08-13 12:35:00,21627.15,21640.2,21606.37,21609.81,55683
2026-08-13 12:40:00,21609.81,21629.42,21600.39,21609.1,75365
2026-08-13 12:45:00,21609.1,21643.38,21605.28,21633.36,103671
2026-08-13 12:50:00,21633.36,21669.18,21631.0,21650.86,84311
2026-08-13 12:55:00,21650.86,21682.34,21649.21,21673.78,109924
2026-08-13 13:00:00,21673.78,21721.11,21667.17,21720.12,64390
2026-08-13 13:05:00,21720.12,21752.25,21718.14,21746.01,63266
2026-08-13 13:10:00,21746.01,21757.3,21728.41,21735.37,118059
2026-08-13 13:15:00,21735.37,21753.02,21708.51,21714.96,69804
2026-08-13 13:20:00,21714.96,21723.9,21710.45,21713.15,126029
2026-08-13 13:25:00,21713.15,21726.22,21708.61,21718.99,83229
2026-08-13 13:30:00,21718.99,21720.26,21706.72,21711.98,72773
2026-08-13 13:35:00,21711.98,21712.25,21692.06,21698.62,143188
2026-08-13 13:40:00,21698.62,21720.25,21693.2,21718.58,78456
2026-08-13 13:45:00,21718.58,21725.62,21692.01,21697.06,102807
2026-08-13 13:50:00,21697.06,21716.55,21670.75,21680.4,117864
2026-08-13 13:55:00,21680.4,21707.37,21676.6,21701.91,84275
2026-08-13 14:00:00,21701.91,21721.33,21695.89,21718.37,72352
2026-08-13 14:05:00,21718.37,21751.9,21717.76,21738.19,59972
2026-08-13 14:10:00,21738.19,21755.14,21720.76,21751.12,126744
2026-08-13 14:15:00,21751.12,21752.68,21716.77,21726.86,79473
2026-08-13 14:20:00,21726.86,21731.18,21707.96,21719.49,78003
2026-08-13 14:25:00,21719.49,21740.83,21709.26,21715.84,98115
2026-08-13 14:30:00,21715.84,21726.33,21705.05,21724.18,97971
2026-08-13 14:35:00,21724.18,21729.13,21701.07,21701.91,126847
2026-08-13 14:40:00,21701.91,21711.18,21671.23,21674.69,39512
2026-08-13 14:45:00,21674.69,21690.58,21645.16,21682.8,121995
2026-08-13 14:50:00,21682.8,21690.2,21648.93,21655.76,89752
2026-08-13 14:55:00,21655.76,21660.67,21642.74,21655.96,99630
2026-08-13 15:00:00,21655.96,21698.75,21653.69,21656.87,147033
2026-08-13 15:05:00,21656.87,21701.23,21642.02,21692.4,76826
2026-08-13 15:10:00,21692.4,21695.15,21633.98,21636.78,133440
2026-08-13 15:15:00,21636.78,21681.9,21634.86,21668.81,100539
2026-08-13 15:20:00,21668.81,21704.67,21645.29,21702.2,118365
2026-08-13 15:25:00,21702.2,21737.45,21694.92,21719.76,97385
2026-08-14 09:15:00,21747.05,21793.75,21732.1,21780.0,243507
2026-08-14 09:20:00,21780.0,21791.02,21756.45,21772.8,187634
2026-08-14 09:25:00,21772.8,21779.64,21724.74,21754.33,93940
2026-08-14 09:30:00,21754.33,21831.01,21753.22,21829.36,108932
2026-08-14 09:35:00,21829.36,21830.32,21785.48,21791.9,101206
2026-08-14 09:40:00,21791.9,21794.55,21738.86,21746.24,153475
2026-08-14 09:45:00,21746.24,21754.52,21731.24,21734.87,107427
2026-08-14 09:50:00,21734.87,21765.58,21709.37,21758.5,91231
2026-08-14 09:55:00,21758.5,21768.43,21741.11,21762.23,104003
2026-08-14 10:00:00,21762.23,21805.37,21750.68,21792.07,64687
2026-08-14 10:05:00,21792.07,21819.37,21787.49,21818.38,88340
2026-08-14 10:10:00,21818.38,21826.41,21789.06,21798.55,96948
2026-08-14 10:15:00,21798.55,21820.52,21792.7,21815.14,99185
2026-08-14 10:20:00,21815.14,21818.77,21771.26,21787.84,51011
2026-08-14 10:25:00,21787.84,21796.76,21751.99,21754.71,54841
2026-08-14 10:30:00,21754.71,21769.19,21727.56,21731.59,64063
2026-08-14 10:35:00,21731.59,21758.79,21726.97,21754.38,66202
2026-08-14 10:40:00,21754.38,21778.53,21718.0,21718.25,50804
2026-08-14 10:45:00,21718.25,21731.4,21714.62,21728.3,112979
2026-08-14 10:50:00,21728.3,21740.88,21722.68,21732.77,62041
2026-08-14 10:55:00,21732.77,21739.86,21704.09,21729.07,111046
2026-08-14 11:00:00,21729.07,21769.89,21728.1,21765.56,67048
2026-08-14 11:05:00,21765.56,21773.01,21748.84,21759.92,68061
2026-08-14 11:10:00,21759.92,21767.02,21750.31,21766.91,107504
2026-08-14 11:15:00,21766.91,21799.11,21765.19,21781.98,66035
2026-08-14 11:20:00,21781.98,21841.11,21776.64,21840.55,113269
2026-08-14 11:25:00,21840.55,21845.68,21820.31,21830.04,47330
2026-08-14 11:30:00,21830.04,21843.5,21823.09,21840.99,87180
2026-08-14 11:35:00,21840.99,21862.4,21831.53,21833.92,132810
2026-08-14 11:40:00,21833.92,21836.44,21799.82,21807.05,68916
2026-08-14 11:45:00,21807.05,21829.27,21806.23,21811.98,90316
2026-08-14 11:50:00,21811.98,21845.96,21807.74,21841.1,55558
2026-08-14 11:55:00,21841.1,21847.97,21830.36,21842.44,49553
2026-08-14 12:00:00,21842.44,21851.15,21832.35,21850.27,90561
2026-08-14 12:05:00,21850.27,21860.0,21828.97,21859.71,57080
2026-08-14 12:10:00,21859.71,21870.24,21853.68,21861.59,48253
2026-08-14 12:15:00,21861.59,21871.32,21854.51,21857.35,81980
2026-08-14 12:20:00,21857.35,21877.62,21849.73,21862.84,95249
2026-08-14 12:25:00,21862.84,21867.46,21850.13,21857.19,75420
2026-08-14 12:30:00,21857.19,21862.98,21855.03,21857.35,27473
2026-08-14 12:35:00,21857.35,21859.08,21842.89,21845.46,51428
2026-08-14 12:40:00,21845.46,21850.4,21816.15,21824.83,71359
2026-08-14 12:45:00,21824.83,21829.1,21812.48,21812.59,89392
2026-08-14 12:50:00,21812.59,21813.51,21797.31,21807.26,74047
2026-08-14 12:55:00,21807.26,21820.28,21795.92,21815.05,60225
2026-08-14 13:00:00,21815.05,21836.06,21811.28,21811.33,97865
2026-08-14 13:05:00,21811.33,21815.7,21803.98,21811.49,68644
2026-08-14 13:10:00,21811.49,21815.76,21791.13,21811.79,84519
2026-08-14 13:15:00,21811.79,21833.62,21805.1,21830.02,122736
2026-08-14 13:20:00,21830.02,21838.57,21828.13,21833.1,36335
2026-08-14 13:25:00,21833.1,21833.74,21822.93,21824.13,96167
2026-08-14 13:30:00,21824.13,21825.53,21810.23,21817.41,100386
2026-08-14 13:35:00,21817.41,21838.26,21811.1,21822.97,87921
2026-08-14 13:40:00,21822.97,21832.1,21815.57,21830.72,76194
2026-08-14 13:45:00,21830.72,21847.67,21829.36,21830.07,52656
2026-08-14 13:50:00,21830.07,21848.78,21822.45,21841.59,54973
2026-08-14 13:55:00,21841.59,21842.78,21796.4,21798.4,101140
2026-08-14 14:00:00,21798.4,21827.4,21795.2,21825.79,130353
2026-08-14 14:05:00,21825.79,21838.89,21817.15,21830.26,42457
2026-08-14 14:10:00,21830.26,21838.48,21813.46,21820.38,77259
2026-08-14 14:15:00,21820.38,21820.91,21800.84,21811.67,50300
2026-08-14 14:20:00,21811.67,21840.03,21806.75,21835.96,90051
2026-08-14 14:25:00,21835.96,21849.48,21832.07,21839.18,78841
2026-08-14 14:30:00,21839.18,21845.46,21824.29,21824.53,65517
2026-08-14 14:35:00,21824.53,21846.61,21817.95,21845.72,81424
2026-08-14 14:40:00,21845.72,21859.93,21834.99,21856.67,149509
2026-08-14 14:45:00,21856.67,21863.39,21839.04,21845.44,97041
2026-08-14 14:50:00,21845.44,21849.92,21823.6,21827.58,79484
2026-08-14 14:55:00,21827.58,21829.6,21777.3,21806.01,93306
2026-08-14 15:00:00,21806.01,21826.3,21796.13,21801.65,63017
2026-08-14 15:05:00,21801.65,21860.65,21800.13,21845.36,211821
2026-08-14 15:10:00,21845.36,21917.86,21842.93,21907.03,51105
2026-08-14 15:15:00,21907.03,21945.25,21897.31,21939.93,127375
2026-08-14 15:20:00,21939.93,21951.03,21925.64,21946.49,124518
2026-08-14 15:25:00,21946.49,21968.14,21937.96,21960.93,228783
2026-08-17 09:15:00,21856.31,21890.85,21829.71,21881.48,138243
2026-08-17 09:20:00,21881.48,21960.49,21872.27,21935.41,194794
2026-08-17 09:25:00,21935.41,21969.12,21912.5,21963.68,110852
2026-08-17 09:30:00,21963.68,21998.02,21949.1,21987.29,221603
2026-08-17 09:35:00,21987.29,22061.88,21971.71,22057.69,135280
2026-08-17 09:40:00,22057.69,22090.45,22055.66,22069.91,87691
2026-08-17 09:45:00,22069.91,22108.12,22068.15,22087.5,100044
2026-08-17 09:50:00,22087.5,22096.94,22047.64,22068.39,63449
2026-08-17 09:55:00,22068.39,22092.44,22060.54,22089.04,88984
2026-08-17 10:00:00,22089.04,22096.5,22075.98,22095.08,151226
2026-08-17 10:05:00,22095.08,22131.37,22089.92,22118.23,90507
2026-08-17 10:10:00,22118.23,22122.95,22085.32,22089.44,78817
2026-08-17 10:15:00,22089.44,22136.96,22087.22,22132.41,133560
2026-08-17 10:20:00,22132.41,22135.29,22109.9,22113.39,83044
2026-08-17 10:25:00,22113.39,22120.3,22070.36,22076.31,68319
2026-08-17 10:30:00,22076.31,22083.55,22068.83,22069.67,64330
2026-08-17 10:35:00,22069.67,22074.98,22055.12,22059.65,95452
2026-08-17 10:40:00,22059.65,22072.03,22050.65,22053.24,72821
2026-08-17 10:45:00,22053.24,22071.87,22052.54,22065.46,76344
2026-08-17 10:50:00,22065.46,22068.9,22049.12,22049.8,93612
2026-08-17 10:55:00,22049.8,22077.51,22046.0,22070.02,43026
2026-08-17 11:00:00,22070.02,22079.93,22024.78,22028.48,33736
2026-08-17 11:05:00,22028.48,22029.01,22002.28,22002.95,66070
2026-08-17 11:10:00,22002.95,22015.08,21982.15,21983.88,83652
2026-08-17 11:15:00,21983.88,21993.47,21941.11,21946.56,96643
2026-08-17 11:20:00,21946.56,21952.61,21906.78,21909.19,75379
2026-08-17 11:25:00,21909.19,21930.79,21906.47,21916.69,70716
2026-08-17 11:30:00,21916.69,21923.22,21888.16,21898.65,127353
2026-08-17 11:35:00,21898.65,21902.42,21876.97,21882.84,75160
2026-08-17 11:40:00,21882.84,21890.88,21877.28,21879.33,71050
2026-08-17 11:45:00,21879.33,21883.62,21869.87,21870.68,62023
2026-08-17 11:50:00,21870.68,21877.25,21853.82,21854.51,94720
2026-08-17 11:55:00,21854.51,21861.03,21837.29,21844.22,95763
2026-08-17 12:00:00,21844.22,21855.77,21804.57,21810.78,140460
2026-08-17 12:05:00,21810.78,21817.63,21806.55,21816.32,53380
2026-08-17 12:10:00,21816.32,21841.27,21814.45,21824.96,36390
2026-08-17 12:15:00,21824.96,21828.55,21806.34,21810.63,65456
2026-08-17 12:20:00,21810.63,21813.8,21790.91,21793.64,52007
2026-08-17 12:25:00,21793.64,21793.85,21746.13,21758.28,77584
2026-08-17 12:30:00,21758.28,21777.33,21756.43,21772.17,35170
2026-08-17 12:35:00,21772.17,21826.88,21769.29,21823.81,53723
2026-08-17 12:40:00,21823.81,21836.95,21816.52,21826.03,66777
2026-08-17 12:45:00,21826.03,21832.26,21815.49,21819.64,83110
2026-08-17 12:50:00,21819.64,21838.79,21817.62,21820.32,66805
2026-08-17 12:55:00,21820.32,21826.79,21797.62,21811.39,83359
2026-08-17 13:00:00,21811.39,21841.83,21808.28,21820.32,61775
2026-08-17 13:05:00,21820.32,21822.69,21789.32,21790.09,74884
2026-08-17 13:10:00,21790.09,21795.81,21770.86,21771.05,74726
2026-08-17 13:15:00,21771.05,21779.14,21759.7,21764.51,73202
2026-08-17 13:20:00,21764.51,21765.32,21745.59,21753.74,139889
2026-08-17 13:25:00,21753.74,21775.74,21743.33,21769.74,66904
2026-08-17 13:30:00,21769.74,21783.7,21762.78,21775.77,88228
2026-08-17 13:35:00,21775.77,21790.38,21757.12,21763.28,72161
2026-08-17 13:40:00,21763.28,21792.28,21756.63,21778.29,78232
2026-08-17 13:45:00,21778.29,21781.88,21747.31,21758.97,52825
2026-08-17 13:50:00,21758.97,21774.06,21735.13,21738.82,91242
2026-08-17 13:55:00,21738.82,21758.47,21732.24,21752.53,65172
2026-08-17 14:00:00,21752.53,21754.7,21728.25,21729.58,78917
2026-08-17 14:05:00,21729.58,21734.1,21692.09,21697.59,45821
2026-08-17 14:10:00,21697.59,21700.68,21662.84,21666.64,75596
2026-08-17 14:15:00,21666.64,21674.83,21649.46,21670.45,104183
2026-08-17 14:20:00,21670.45,21677.6,21654.99,21658.73,110126
2026-08-17 14:25:00,21658.73,21660.72,21640.69,21646.89,53078
2026-08-17 14:30:00,21646.89,21652.59,21626.12,21634.26,74791
2026-08-17 14:35:00,21634.26,21654.72,21628.96,21650.44,151762
2026-08-17 14:40:00,21650.44,21673.01,21650.12,21669.41,95094
2026-08-17 14:45:00,21669.41,21683.67,21666.03,21673.76,122138
2026-08-17 14:50:00,21673.76,21701.15,21667.36,21670.18,76134
2026-08-17 14:55:00,21670.18,21721.0,21665.35,21697.35,157099
2026-08-17 15:00:00,21697.35,21725.59,21695.24,21719.39,101140
2026-08-17 15:05:00,21719.39,21721.8,21695.46,21709.88,99731
2026-08-17 15:10:00,21709.88,21732.15,21703.84,21716.77,130503
2026-08-17 15:15:00,21716.77,21760.23,21698.64,21705.12,121290
2026-08-17 15:20:00,21705.12,21719.11,21684.74,21699.96,94833
2026-08-17 15:25:00,21699.96,21723.91,21669.75,21722.28,116520
2026-08-18 09:15:00,21845.41,21865.54,21824.15,21836.59,214424
2026-08-18 09:20:00,21836.59,21864.85,21822.6,21864.53,158858
2026-08-18 09:25:00,21864.53,21880.28,21846.02,21871.13,310813
2026-08-18 09:30:00,21871.13,21911.57,21866.68,21890.73,109022
2026-08-18 09:35:00,21890.73,21906.11,21856.02,21904.72,148911
2026-08-18 09:40:00,21904.72,21927.32,21899.99,21924.75,92981
2026-08-18 09:45:00,21924.75,21927.47,21911.1,21919.77,97550
2026-08-18 09:50:00,21919.77,21943.17,21904.75,21908.58,125065
2026-08-18 09:55:00,21908.58,21909.74,21858.1,21867.85,68512
2026-08-18 10:00:00,21867.85,21868.64,21844.24,21847.87,87496
2026-08-18 10:05:00,21847.87,21862.78,21831.2,21834.27,161449
2026-08-18 10:10:00,21834.27,21896.3,21832.58,21858.2,99188
2026-08-18 10:15:00,21858.2,21876.25,21852.62,21873.8,87990
2026-08-18 10:20:00,21873.8,21895.8,21873.42,21892.81,59069
2026-08-18 10:25:00,21892.81,21903.97,21869.61,21873.52,75718
2026-08-18 10:30:00,21873.52,21898.21,21866.38,21889.99,73141
2026-08-18 10:35:00,21889.99,21904.87,21870.26,21870.36,69512
2026-08-18 10:40:00,21870.36,21911.99,21869.84,21906.42,48052
2026-08-18 10:45:00,21906.42,21937.2,21900.68,21919.32,41434
2026-08-18 10:50:00,21919.32,21950.24,21917.19,21947.72,73300
2026-08-18 10:55:00,21947.72,21956.17,21930.03,21933.53,78593
2026-08-18 11:00:00,21933.53,21947.48,21913.7,21915.46,66561
2026-08-18 11:05:00,21915.46,21930.06,21905.39,21924.65,72936
2026-08-18 11:10:00,21924.65,21959.46,21922.34,21956.33,34329
2026-08-18 11:15:00,21956.33,21958.08,21897.56,21899.27,26864
2026-08-18 11:20:00,21899.27,21929.45,21897.33,21927.16,75766
2026-08-18 11:25:00,21927.16,21962.76,21914.71,21961.39,40344
2026-08-18 11:30:00,21961.39,21964.98,21945.36,21956.54,58117
2026-08-18 11:35:00,21956.54,21994.99,21945.35,21987.48,39716
2026-08-18 11:40:00,21987.48,21990.38,21965.98,21969.51,110317
2026-08-18 11:45:00,21969.51,21986.93,21955.11,21958.44,42212
2026-08-18 11:50:00,21958.44,21962.68,21934.43,21941.9,55113
2026-08-18 11:55:00,21941.9,21951.43,21932.53,21932.78,64714
2026-08-18 12:00:00,21932.78,21944.24,21931.22,21939.98,50387
2026-08-18 12:05:00,21939.98,21945.18,21910.65,21916.39,60849
2026-08-18 12:10:00,21916.39,21927.8,21903.75,21904.81,72827
2026-08-18 12:15:00,21904.81,21942.11,21901.53,21932.86,58614
2026-08-18 12:20:00,21932.86,21942.2,21932.4,21933.84,70132
2026-08-18 12:25:00,21933.84,21936.78,21885.73,21886.38,92095
2026-08-18 12:30:00,21886.38,21894.82,21856.78,21860.76,59059
2026-08-18 12:35:00,21860.76,21869.67,21852.19,21864.34,84642
2026-08-18 12:40:00,21864.34,21881.58,21855.68,21858.75,56486
2026-08-18 12:45:00,21858.75,21866.97,21841.8,21860.96,71411
2026-08-18 12:50:00,21860.96,21867.47,21840.6,21843.58,92952
2026-08-18 12:55:00,21843.58,21845.65,21821.5,21826.25,96319
2026-08-18 13:00:00,21826.25,21841.58,21806.41,21809.11,153736
2026-08-18 13:05:00,21809.11,21831.3,21788.47,21829.76,114593
2026-08-18 13:10:00,21829.76,21830.55,21805.44,21809.04,75058
2026-08-18 13:15:00,21809.04,21840.87,21803.92,21829.11,87588
2026-08-18 13:20:00,21829.11,21836.97,21808.23,21816.73,51006
2026-08-18 13:25:00,21816.73,21833.93,21807.66,21822.67,72554
2026-08-18 13:30:00,21822.67,21832.0,21817.77,21826.58,75844
2026-08-18 13:35:00,21826.58,21835.26,21802.5,21804.63,100534
2026-08-18 13:40:00,21804.63,21827.82,21800.66,21823.43,51871
2026-08-18 13:45:00,21823.43,21838.69,21821.64,21832.31,66002
2026-08-18 13:50:00,21832.31,21859.15,21828.51,21834.32,63394
2026-08-18 13:55:00,21834.32,21837.97,21825.61,21830.17,51655
2026-08-18 14:00:00,21830.17,21836.24,21799.75,21812.17,87046
2026-08-18 14:05:00,21812.17,21818.45,21795.13,21815.84,53853
2026-08-18 14:10:00,21815.84,21835.17,21800.9,21821.17,45476
2026-08-18 14:15:00,21821.17,21834.86,21810.37,21822.25,71995
2026-08-18 14:20:00,21822.25,21835.45,21803.49,21811.94,81803
2026-08-18 14:25:00,21811.94,21819.53,21801.05,21819.25,67478
2026-08-18 14:30:00,21819.25,21824.61,21784.53,21789.77,101367
2026-08-18 14:35:00,21789.77,21828.37,21787.91,21791.13,88961
2026-08-18 14:40:00,21791.13,21853.41,21787.71,21849.14,69805
2026-08-18 14:45:00,21849.14,21849.81,21805.12,21809.21,172643
2026-08-18 14:50:00,21809.21,21811.07,21777.53,21791.21,75207
2026-08-18 14:55:00,21791.21,21803.73,21718.68,21729.23,82187
2026-08-18 15:00:00,21729.23,21750.92,21715.15,21724.2,170860
2026-08-18 15:05:00,21724.2,21734.22,21677.31,21689.22,131524
2026-08-18 15:10:00,21689.22,21713.95,21684.92,21693.89,77317
2026-08-18 15:15:00,21693.89,21730.34,21691.19,21726.41,159195
2026-08-18 15:20:00,21726.41,21728.02,21700.51,21712.47,114389
2026-08-18 15:25:00,21712.47,21748.91,21707.38,21733.55,124993
2026-08-19 09:15:00,21715.7,21736.09,21646.33,21661.1,190388
2026-08-19 09:20:00,21661.1,21702.98,21643.07,21652.88,181930
2026-08-19 09:25:00,21652.88,21660.59,21599.45,21615.76,196644
2026-08-19 09:30:00,21615.76,21622.31,21574.39,21598.04,117875
2026-08-19 09:35:00,21598.04,21599.73,21545.71,21567.7,133463
2026-08-19 09:40:00,21567.7,21581.63,21547.66,21548.11,68796
2026-08-19 09:45:00,21548.11,21570.09,21547.16,21560.39,70948
2026-08-19 09:50:00,21560.39,21564.79,21522.32,21540.92,139877
2026-08-19 09:55:00,21540.92,21541.4,21509.93,21532.69,116447
2026-08-19 10:00:00,21532.69,21565.16,21524.15,21554.96,153704
2026-08-19 10:05:00,21554.96,21570.36,21548.51,21566.56,111361
2026-08-19 10:10:00,21566.56,21584.57,21564.01,21581.25,65960
2026-08-19 10:15:00,21581.25,21604.36,21569.51,21598.38,124852
2026-08-19 10:20:00,21598.38,21623.53,21570.48,21573.06,82509
2026-08-19 10:25:00,21573.06,21591.16,21566.52,21589.81,70745
2026-08-19 10:30:00,21589.81,21616.7,21587.7,21602.53,105828
2026-08-19 10:35:00,21602.53,21621.55,21593.0,21617.7,53319
2026-08-19 10:40:00,21617.7,21621.11,21584.07,21589.12,43576
2026-08-19 10:45:00,21589.12,21621.65,21588.03,21616.21,85838
2026-08-19 10:50:00,21616.21,21649.88,21609.98,21649.58,56446
2026-08-19 10:55:00,21649.58,21652.61,21631.36,21635.2,63798
2026-08-19 11:00:00,21635.2,21642.44,21615.33,21639.04,53779
2026-08-19 11:05:00,21639.04,21668.56,21635.6,21661.01,56056
2026-08-19 11:10:00,21661.01,21665.52,21639.49,21641.97,108760
2026-08-19 11:15:00,21641.97,21660.06,21639.63,21658.15,90685
2026-08-19 11:20:00,21658.15,21665.43,21635.41,21657.52,89685
2026-08-19 11:25:00,21657.52,21684.39,21649.29,21661.65,102168
2026-08-19 11:30:00,21661.65,21668.47,21635.32,21637.58,72606
2026-08-19 11:35:00,21637.58,21646.23,21626.75,21627.59,43557
2026-08-19 11:40:00,21627.59,21631.61,21589.61,21613.62,119739
2026-08-19 11:45:00,21613.62,21636.51,21610.4,21635.22,30131
2026-08-19 11:50:00,21635.22,21656.55,21628.53,21638.78,70981
2026-08-19 11:55:00,21638.78,21677.99,21633.39,21674.98,59353
2026-08-19 12:00:00,21674.98,21704.93,21670.48,21696.59,174472
2026-08-19 12:05:00,21696.59,21700.32,21685.99,21698.92,121910
2026-08-19 12:10:00,21698.92,21710.89,21687.37,21691.43,44951
2026-08-19 12:15:00,21691.43,21713.54,21687.41,21709.35,117334
2026-08-19 12:20:00,21709.35,21712.83,21700.91,21704.43,124081
2026-08-19 12:25:00,21704.43,21715.55,21683.28,21700.65,96266
2026-08-19 12:30:00,21700.65,21710.97,21694.08,21703.18,68247
2026-08-19 12:35:00,21703.18,21742.86,21702.27,21741.32,63351
2026-08-19 12:40:00,21741.32,21750.5,21717.01,21747.73,140078
2026-08-19 12:45:00,21747.73,21770.13,21745.26,21767.62,88115
2026-08-19 12:50:00,21767.62,21780.03,21766.63,21778.9,70540
2026-08-19 12:55:00,21778.9,21782.98,21772.88,21773.83,56568
2026-08-19 13:00:00,21773.83,21785.64,21764.69,21770.41,86244
2026-08-19 13:05:00,21770.41,21785.18,21759.41,21777.25,104039
2026-08-19 13:10:00,21777.25,21786.77,21757.52,21758.01,72538
2026-08-19 13:15:00,21758.01,21766.61,21741.24,21749.96,78637
2026-08-19 13:20:00,21749.96,21806.79,21746.1,21805.78,58967
2026-08-19 13:25:00,21805.78,21820.0,21803.7,21818.03,104735
2026-08-19 13:30:00,21818.03,21825.26,21791.97,21794.48,101794
2026-08-19 13:35:00,21794.48,21795.75,21771.87,21775.94,51534
2026-08-19 13:40:00,21775.94,21795.33,21770.22,21784.73,75102
2026-08-19 13:45:00,21784.73,21792.35,21743.86,21749.52,72880
2026-08-19 13:50:00,21749.52,21753.83,21735.92,21746.1,55472
2026-08-19 13:55:00,21746.1,21763.13,21731.54,21762.92,104334
2026-08-19 14:00:00,21762.92,21787.73,21760.69,21785.37,49082
2026-08-19 14:05:00,21785.37,21786.97,21756.64,21782.52,56571
2026-08-19 14:10:00,21782.52,21784.44,21764.15,21767.37,76107
2026-08-19 14:15:00,21767.37,21768.3,21750.49,21755.88,67123
2026-08-19 14:20:00,21755.88,21761.14,21697.7,21703.41,50107
2026-08-19 14:25:00,21703.41,21713.26,21692.61,21693.16,73723
2026-08-19 14:30:00,21693.16,21715.71,21689.82,21709.52,97194
2026-08-19 14:35:00,21709.52,21727.09,21706.08,21709.71,88058
2026-08-19 14:40:00,21709.71,21732.48,21703.0,21724.42,69628
2026-08-19 14:45:00,21724.42,21743.23,21699.55,21708.28,74037
2026-08-19 14:50:00,21708.28,21728.39,21687.98,21696.98,111803
2026-08-19 14:55:00,21696.98,21699.82,21679.29,21685.76,129656
2026-08-19 15:00:00,21685.76,21692.8,21665.58,21673.23,143751
2026-08-19 15:05:00,21673.23,21696.53,21664.86,21672.29,102495
2026-08-19 15:10:00,21672.29,21679.8,21630.43,21647.47,93973
2026-08-19 15:15:00,21647.47,21710.06,21636.07,21702.72,128626
2026-08-19 15:20:00,21702.72,21706.26,21643.4,21659.67,160980
2026-08-19 15:25:00,21659.67,21677.04,21652.15,21674.9,215152
2026-08-20 09:15:00,21765.93,21832.61,21738.27,21821.71,288860
2026-08-20 09:20:00,21821.71,21861.32,21810.98,21820.55,147091
2026-08-20 09:25:00,21820.55,21868.94,21790.83,21855.81,478889
2026-08-20 09:30:00,21855.81,21881.64,21835.9,21869.05,113444
2026-08-20 09:35:00,21869.05,21895.12,21847.3,21884.6,55661
2026-08-20 09:40:00,21884.6,21889.99,21826.35,21835.03,86997
2026-08-20 09:45:00,21835.03,21854.07,21831.16,21843.54,149723
2026-08-20 09:50:00,21843.54,21880.98,21842.17,21864.97,145230
2026-08-20 09:55:00,21864.97,21876.12,21849.46,21851.31,110065
2026-08-20 10:00:00,21851.31,21866.76,21842.11,21844.53,63112
2026-08-20 10:05:00,21844.53,21862.79,21829.57,21853.84,65218
2026-08-20 10:10:00,21853.84,21884.42,21844.4,21881.79,104963
2026-08-20 10:15:00,21881.79,21905.89,21875.21,21894.0,134136
2026-08-20 10:20:00,21894.0,21910.11,21871.87,21877.13,84287
2026-08-20 10:25:00,21877.13,21877.74,21865.97,21869.27,101451
2026-08-20 10:30:00,21869.27,21875.13,21829.76,21841.32,102705
2026-08-20 10:35:00,21841.32,21886.25,21830.74,21886.24,106527
2026-08-20 10:40:00,21886.24,21891.55,21849.63,21853.32,220143
2026-08-20 10:45:00,21853.32,21883.64,21852.6,21880.66,100289
2026-08-20 10:50:00,21880.66,21910.56,21878.06,21890.15,31756
2026-08-20 10:55:00,21890.15,21890.26,21861.05,21863.51,92567
2026-08-20 11:00:00,21863.51,21866.93,21815.94,21815.98,99761
2026-08-20 11:05:00,21815.98,21817.98,21800.85,21806.7,82105
2026-08-20 11:10:00,21806.7,21818.1,21784.42,21784.51,70594
2026-08-20 11:15:00,21784.51,21808.46,21777.57,21801.83,51059
2026-08-20 11:20:00,21801.83,21822.66,21799.35,21819.33,86837
2026-08-20 11:25:00,21819.33,21835.79,21805.38,21829.71,91942
2026-08-20 11:30:00,21829.71,21841.3,21826.87,21837.52,129162
2026-08-20 11:35:00,21837.52,21862.47,21827.01,21861.59,59128
2026-08-20 11:40:00,21861.59,21866.74,21851.64,21854.34,67119
2026-08-20 11:45:00,21854.34,21874.0,21849.58,21868.44,70909
2026-08-20 11:50:00,21868.44,21872.33,21845.74,21852.08,89264
2026-08-20 11:55:00,21852.08,21855.39,21841.05,21842.13,76073
2026-08-20 12:00:00,21842.13,21873.02,21835.28,21866.38,85991
2026-08-20 12:05:00,21866.38,21874.91,21850.27,21852.44,105082
2026-08-20 12:10:00,21852.44,21854.63,21792.24,21793.18,47816
2026-08-20 12:15:00,21793.18,21795.7,21766.05,21772.05,87090
2026-08-20 12:20:00,21772.05,21774.14,21753.48,21758.78,98652
2026-08-20 12:25:00,21758.78,21774.47,21739.54,21751.31,66004
2026-08-20 12:30:00,21751.31,21759.12,21719.17,21735.52,54881
2026-08-20 12:35:00,21735.52,21737.52,21707.45,21714.5,74067
2026-08-20 12:40:00,21714.5,21737.09,21709.23,21723.38,60634
2026-08-20 12:45:00,21723.38,21723.6,21708.25,21708.92,88644
2026-08-20 12:50:00,21708.92,21714.83,21692.26,21696.86,83722
2026-08-20 12:55:00,21696.86,21716.53,21677.32,21707.57,57015
2026-08-20 13:00:00,21707.57,21711.89,21692.96,21693.96,142074
2026-08-20 13:05:00,21693.96,21704.38,21682.42,21703.38,57337
2026-08-20 13:10:00,21703.38,21715.84,21692.4,21703.28,89436
2026-08-20 13:15:00,21703.28,21706.73,21687.64,21699.61,81774
2026-08-20 13:20:00,21699.61,21704.53,21694.0,21697.7,79987
2026-08-20 13:25:00,21697.7,21746.82,21696.65,21744.32,71196
2026-08-20 13:30:00,21744.32,21766.0,21744.09,21755.27,46362
2026-08-20 13:35:00,21755.27,21761.88,21731.92,21750.36,64770
2026-08-20 13:40:00,21750.36,21755.62,21724.31,21754.66,125392
2026-08-20 13:45:00,21754.66,21768.17,21733.8,21750.53,62064
2026-08-20 13:50:00,21750.53,21769.4,21746.57,21765.0,116983
2026-08-20 13:55:00,21765.0,21790.44,21764.39,21767.81,37868
2026-08-20 14:00:00,21767.81,21784.81,21730.58,21734.38,104337
2026-08-20 14:05:00,21734.38,21736.33,21706.79,21711.2,78484
2026-08-20 14:10:00,21711.2,21743.04,21710.41,21741.9,109246
2026-08-20 14:15:00,21741.9,21774.45,21735.45,21757.86,63907
2026-08-20 14:20:00,21757.86,21766.97,21726.52,21744.45,102514
2026-08-20 14:25:00,21744.45,21750.25,21720.37,21726.12,90693
2026-08-20 14:30:00,21726.12,21733.43,21699.54,21710.12,71516
2026-08-20 14:35:00,21710.12,21718.71,21680.92,21690.91,81186
2026-08-20 14:40:00,21690.91,21701.14,21689.16,21689.34,64027
2026-08-20 14:45:00,21689.34,21718.91,21681.25,21712.93,186753
2026-08-20 14:50:00,21712.93,21713.53,21649.42,21662.86,57626
2026-08-20 14:55:00,21662.86,21663.71,21626.19,21642.12,94616
2026-08-20 15:00:00,21642.12,21648.2,21596.99,21612.76,165495
2026-08-20 15:05:00,21612.76,21639.33,21612.69,21629.61,160104
2026-08-20 15:10:00,21629.61,21662.45,21625.86,21649.42,107130
2026-08-20 15:15:00,21649.42,21666.28,21619.07,21630.52,81395
2026-08-20 15:20:00,21630.52,21701.63,21615.9,21687.36,211323
2026-08-20 15:25:00,21687.36,21715.67,21679.62,21708.25,102898
2026-08-21 09:15:00,21713.26,21769.47,21693.81,21763.77,228347
2026-08-21 09:20:00,21763.77,21765.26,21706.35,21739.58,107774
2026-08-21 09:25:00,21739.58,21817.23,21734.11,21779.06,134401
2026-08-21 09:30:00,21779.06,21819.2,21672.76,21688.01,109383
2026-08-21 09:35:00,21688.01,21705.82,21643.32,21648.75,192135
2026-08-21 09:40:00,21648.75,21664.53,21636.18,21645.52,205300
2026-08-21 09:45:00,21645.52,21689.66,21645.17,21681.05,188191
2026-08-21 09:50:00,21681.05,21693.39,21653.39,21689.56,76760
2026-08-21 09:55:00,21689.56,21711.79,21678.99,21703.81,54613
2026-08-21 10:00:00,21703.81,21706.98,21684.81,21684.95,105586
2026-08-21 10:05:00,21684.95,21705.4,21681.19,21683.17,209930
2026-08-21 10:10:00,21683.17,21690.57,21678.58,21678.83,76850
2026-08-21 10:15:00,21678.83,21713.28,21673.72,21705.37,98508
2026-08-21 10:20:00,21705.37,21709.7,21669.09,21678.76,51162
2026-08-21 10:25:00,21678.76,21683.14,21660.13,21679.5,81193
2026-08-21 10:30:00,21679.5,21685.54,21663.05,21664.02,111474
2026-08-21 10:35:00,21664.02,21671.94,21646.81,21659.93,70293
2026-08-21 10:40:00,21659.93,21681.28,21659.37,21674.96,67309
2026-08-21 10:45:00,21674.96,21688.93,21661.94,21665.78,55071
2026-08-21 10:50:00,21665.78,21668.83,21639.66,21654.47,59281
2026-08-21 10:55:00,21654.47,21656.9,21637.54,21654.19,107577
2026-08-21 11:00:00,21654.19,21658.35,21635.75,21638.32,107660
2026-08-21 11:05:00,21638.32,21650.91,21597.43,21603.1,129662
2026-08-21 11:10:00,21603.1,21626.16,21598.95,21618.48,102199
2026-08-21 11:15:00,21618.48,21626.7,21615.47,21618.5,92527
2026-08-21 11:20:00,21618.5,21636.45,21615.03,21618.92,148854
2026-08-21 11:25:00,21618.92,21642.72,21613.77,21642.56,44347
2026-08-21 11:30:00,21642.56,21667.28,21638.58,21662.16,106628
2026-08-21 11:35:00,21662.16,21667.64,21652.1,21657.46,61953
2026-08-21 11:40:00,21657.46,21702.9,21645.6,21695.9,27603
2026-08-21 11:45:00,21695.9,21727.75,21690.31,21722.01,57393
2026-08-21 11:50:00,21722.01,21759.0,21720.04,21755.34,96143
2026-08-21 11:55:00,21755.34,21761.89,21740.76,21761.07,52377
2026-08-21 12:00:00,21761.07,21786.58,21760.27,21761.73,35951
2026-08-21 12:05:00,21761.73,21772.01,21748.04,21751.12,80185
2026-08-21 12:10:00,21751.12,21771.7,21747.69,21760.93,34886
2026-08-21 12:15:00,21760.93,21779.08,21751.3,21778.18,96502
2026-08-21 12:20:00,21778.18,21790.48,21772.91,21780.74,74315
2026-08-21 12:25:00,21780.74,21791.05,21757.59,21765.99,59174
2026-08-21 12:30:00,21765.99,21768.97,21737.21,21751.56,51328
2026-08-21 12:35:00,21751.56,21753.83,21722.04,21725.94,62838
2026-08-21 12:40:00,21725.94,21744.29,21708.26,21743.86,90366
2026-08-21 12:45:00,21743.86,21751.4,21715.94,21717.44,81146
2026-08-21 12:50:00,21717.44,21723.92,21683.97,21696.87,84613
2026-08-21 12:55:00,21696.87,21709.2,21658.9,21666.62,106433
2026-08-21 13:00:00,21666.62,21673.23,21634.24,21639.42,88350
2026-08-21 13:05:00,21639.42,21644.88,21593.14,21595.91,60220
2026-08-21 13:10:00,21595.91,21603.58,21594.84,21603.45,122307
2026-08-21 13:15:00,21603.45,21615.4,21580.0,21606.33,87000
2026-08-21 13:20:00,21606.33,21638.04,21604.16,21631.86,75433
2026-08-21 13:25:00,21631.86,21650.41,21617.48,21648.68,81636
2026-08-21 13:30:00,21648.68,21675.72,21646.39,21671.46,60346
2026-08-21 13:35:00,21671.46,21732.87,21668.45,21726.66,40538
2026-08-21 13:40:00,21726.66,21757.84,21720.0,21720.68,82557
2026-08-21 13:45:00,21720.68,21730.64,21691.55,21694.32,88072
2026-08-21 13:50:00,21694.32,21697.76,21649.0,21653.79,53461
2026-08-21 13:55:00,21653.79,21659.79,21630.79,21654.84,118779
2026-08-21 14:00:00,21654.84,21661.16,21626.97,21635.93,73835
2026-08-21 14:05:00,21635.93,21670.21,21634.74,21667.64,51813
2026-08-21 14:10:00,21667.64,21694.84,21665.5,21680.59,64026
2026-08-21 14:15:00,21680.59,21711.94,21678.27,21705.84,100709
2026-08-21 14:20:00,21705.84,21707.7,21675.04,21692.82,72459
2026-08-21 14:25:00,21692.82,21714.48,21687.15,21713.63,116824
2026-08-21 14:30:00,21713.63,21745.07,21712.55,21728.61,110349
2026-08-21 14:35:00,21728.61,21729.82,21696.22,21709.25,140199
2026-08-21 14:40:00,21709.25,21716.66,21706.32,21709.39,82111
2026-08-21 14:45:00,21709.39,21749.92,21709.36,21743.33,110226
2026-08-21 14:50:00,21743.33,21768.3,21727.43,21767.58,81046
2026-08-21 14:55:00,21767.58,21769.1,21722.78,21751.33,126741
2026-08-21 15:00:00,21751.33,21766.8,21737.58,21737.87,188419
2026-08-21 15:05:00,21737.87,21771.88,21733.43,21760.29,70832
2026-08-21 15:10:00,21760.29,21774.98,21746.03,21759.01,162112
2026-08-21 15:15:00,21759.01,21798.78,21747.43,21789.41,54783
2026-08-21 15:20:00,21789.41,21803.68,21774.86,21797.23,303548
2026-08-21 15:25:00,21797.23,21807.92,21773.0,21791.73,157877
2026-08-24 09:15:00,21827.58,21952.34,21824.11,21938.92,239876
2026-08-24 09:20:00,21938.92,21951.66,21898.59,21926.74,149956
2026-08-24 09:25:00,21926.74,21936.46,21834.44,21844.0,164993
2026-08-24 09:30:00,21844.0,21878.98,21831.89,21864.91,267028
2026-08-24 09:35:00,21864.91,21878.11,21840.57,21862.26,66847
2026-08-24 09:40:00,21862.26,21864.01,21824.26,21836.38,110799
2026-08-24 09:45:00,21836.38,21854.31,21836.31,21846.24,112816
2026-08-24 09:50:00,21846.24,21874.71,21831.48,21858.88,70008
2026-08-24 09:55:00,21858.88,21861.66,21827.98,21843.07,61068
2026-08-24 10:00:00,21843.07,21864.48,21842.86,21852.42,76004
2026-08-24 10:05:00,21852.42,21867.6,21830.21,21847.18,52317
2026-08-24 10:10:00,21847.18,21854.47,21822.8,21835.3,86260
2026-08-24 10:15:00,21835.3,21846.95,21794.45,21795.73,97878
2026-08-24 10:20:00,21795.73,21820.22,21789.35,21800.25,70938
2026-08-24 10:25:00,21800.25,21839.48,21799.5,21833.01,66697
2026-08-24 10:30:00,21833.01,21837.9,21810.51,21830.27,62926
2026-08-24 10:35:00,21830.27,21842.82,21813.66,21819.04,121689
2026-08-24 10:40:00,21819.04,21854.66,21816.54,21850.91,142513
2026-08-24 10:45:00,21850.91,21862.92,21836.34,21839.98,42219
2026-08-24 10:50:00,21839.98,21847.56,21827.01,21842.68,64289
2026-08-24 10:55:00,21842.68,21852.13,21832.14,21840.99,78551
2026-08-24 11:00:00,21840.99,21841.7,21822.31,21836.05,58947
2026-08-24 11:05:00,21836.05,21838.83,21822.21,21826.44,72905
2026-08-24 11:10:00,21826.44,21849.42,21806.44,21844.66,88289
2026-08-24 11:15:00,21844.66,21850.04,21834.06,21846.13,72534
2026-08-24 11:20:00,21846.13,21865.53,21842.73,21863.94,72402
2026-08-24 11:25:00,21863.94,21866.93,21841.51,21853.12,108518
2026-08-24 11:30:00,21853.12,21853.2,21836.39,21837.98,49282
2026-08-24 11:35:00,21837.98,21841.91,21811.94,21833.84,102754
2026-08-24 11:40:00,21833.84,21844.3,21833.83,21839.43,110677
2026-08-24 11:45:00,21839.43,21864.26,21834.54,21850.47,70583
2026-08-24 11:50:00,21850.47,21860.81,21826.93,21830.06,60241
2026-08-24 11:55:00,21830.06,21843.75,21828.64,21840.93,46432
2026-08-24 12:00:00,21840.93,21841.28,21817.41,21825.82,149123
2026-08-24 12:05:00,21825.82,21830.54,21820.05,21825.95,95550
2026-08-24 12:10:00,21825.95,21843.23,21815.6,21827.85,32399
2026-08-24 12:15:00,21827.85,21851.13,21817.73,21824.96,117365
2026-08-24 12:20:00,21824.96,21834.45,21796.98,21805.89,87461
2026-08-24 12:25:00,21805.89,21809.34,21798.51,21807.42,79905
2026-08-24 12:30:00,21807.42,21822.97,21795.3,21820.33,94520
2026-08-24 12:35:00,21820.33,21839.76,21809.23,21813.59,44528
2026-08-24 12:40:00,21813.59,21834.74,21804.04,21829.95,40264
2026-08-24 12:45:00,21829.95,21834.86,21814.18,21821.31,54286
2026-08-24 12:50:00,21821.31,21826.09,21779.7,21780.98,74346
2026-08-24 12:55:00,21780.98,21808.11,21773.95,21805.15,121859
2026-08-24 13:00:00,21805.15,21814.7,21794.08,21806.23,60761
2026-08-24 13:05:00,21806.23,21843.27,21803.42,21840.08,59714
2026-08-24 13:10:00,21840.08,21842.31,21827.16,21827.42,102321
2026-08-24 13:15:00,21827.42,21830.31,21809.2,21811.05,173441
2026-08-24 13:20:00,21811.05,21844.07,21808.25,21828.35,119322
2026-08-24 13:25:00,21828.35,21836.24,21823.39,21827.7,59263
2026-08-24 13:30:00,21827.7,21896.99,21824.24,21896.4,55956
2026-08-24 13:35:00,21896.4,21897.5,21866.55,21867.24,59329
2026-08-24 13:40:00,21867.24,21874.64,21837.89,21845.58,102256
2026-08-24 13:45:00,21845.58,21846.92,21823.32,21834.88,82434
2026-08-24 13:50:00,21834.88,21867.69,21834.37,21866.03,68678
2026-08-24 13:55:00,21866.03,21871.69,21816.22,21820.28,48926
2026-08-24 14:00:00,21820.28,21846.75,21814.03,21835.04,51129
2026-08-24 14:05:00,21835.04,21842.64,21800.08,21817.12,98451
2026-08-24 14:10:00,21817.12,21836.66,21805.25,21827.36,88719
2026-08-24 14:15:00,21827.36,21831.18,21793.55,21816.4,43113
2026-08-24 14:20:00,21816.4,21821.23,21800.06,21819.31,80318
2026-08-24 14:25:00,21819.31,21833.37,21815.87,21823.17,78726
2026-08-24 14:30:00,21823.17,21829.23,21801.08,21801.72,52968
2026-08-24 14:35:00,21801.72,21852.09,21796.04,21845.17,52821
2026-08-24 14:40:00,21845.17,21893.73,21844.16,21874.35,68863
2026-08-24 14:45:00,21874.35,21884.66,21854.97,21881.91,70074
2026-08-24 14:50:00,21881.91,21926.25,21871.92,21922.65,115714
2026-08-24 14:55:00,21922.65,21938.95,21897.04,21904.83,109231
2026-08-24 15:00:00,21904.83,21912.34,21856.62,21866.65,70661
2026-08-24 15:05:00,21866.65,21915.74,21857.67,21903.05,67083
2026-08-24 15:10:00,21903.05,21912.33,21866.49,21883.7,79100
2026-08-24 15:15:00,21883.7,21978.37,21871.88,21971.44,125946
2026-08-24 15:20:00,21971.44,21980.44,21940.08,21940.82,143854
2026-08-24 15:25:00,21940.82,21953.5,21899.99,21907.33,222434
2026-08-25 09:15:00,21867.32,21940.7,21862.0,21912.38,205683
2026-08-25 09:20:00,21912.38,21936.56,21877.11,21925.15,237994
2026-08-25 09:25:00,21925.15,21958.93,21881.25,21890.55,171839
2026-08-25 09:30:00,21890.55,21899.08,21877.04,21886.99,98098
2026-08-25 09:35:00,21886.99,21909.5,21858.7,21866.87,75990
2026-08-25 09:40:00,21866.87,21904.73,21863.94,21896.86,129849
2026-08-25 09:45:00,21896.86,21917.2,21874.34,21891.91,74105
2026-08-25 09:50:00,21891.91,21895.15,21842.37,21851.86,222812
2026-08-25 09:55:00,21851.86,21857.56,21813.04,21851.47,82422
2026-08-25 10:00:00,21851.47,21856.8,21804.9,21811.46,94320
2026-08-25 10:05:00,21811.46,21819.25,21759.89,21767.71,101437
2026-08-25 10:10:00,21767.71,21769.53,21728.68,21729.62,96574
2026-08-25 10:15:00,21729.62,21732.09,21694.59,21703.41,91986
2026-08-25 10:20:00,21703.41,21707.75,21685.53,21690.09,98972
2026-08-25 10:25:00,21690.09,21698.8,21665.66,21686.08,32823
2026-08-25 10:30:00,21686.08,21695.76,21666.6,21693.49,94093
2026-08-25 10:35:00,21693.49,21702.53,21683.01,21694.52,61003
2026-08-25 10:40:00,21694.52,21705.22,21671.25,21678.61,68805
2026-08-25 10:45:00,21678.61,21682.07,21666.42,21678.07,61612
2026-08-25 10:50:00,21678.07,21703.84,21663.43,21665.38,63843
2026-08-25 10:55:00,21665.38,21707.88,21662.15,21704.95,127802
2026-08-25 11:00:00,21704.95,21708.86,21660.6,21664.77,114219
2026-08-25 11:05:00,21664.77,21668.18,21636.17,21637.72,78065
2026-08-25 11:10:00,21637.72,21640.51,21620.45,21621.57,136219
2026-08-25 11:15:00,21621.57,21623.42,21609.93,21618.74,40230
2026-08-25 11:20:00,21618.74,21625.33,21591.71,21623.07,34838
2026-08-25 11:25:00,21623.07,21624.74,21571.15,21583.13,48839
2026-08-25 11:30:00,21583.13,21592.66,21562.23,21566.91,79167
2026-08-25 11:35:00,21566.91,21569.87,21546.65,21556.33,66261
2026-08-25 11:40:00,21556.33,21561.71,21543.67,21547.23,40524
2026-08-25 11:45:00,21547.23,21556.59,21535.01,21546.78,61775
2026-08-25 11:50:00,21546.78,21555.63,21518.99,21528.44,54790
2026-08-25 11:55:00,21528.44,21561.03,21523.17,21557.42,91732
2026-08-25 12:00:00,21557.42,21585.38,21552.0,21580.99,66118
2026-08-25 12:05:00,21580.99,21610.42,21577.62,21609.43,59001
2026-08-25 12:10:00,21609.43,21612.55,21594.09,21600.03,55430
2026-08-25 12:15:00,21600.03,21646.02,21599.25,21638.13,59012
2026-08-25 12:20:00,21638.13,21641.56,21618.4,21641.07,83627
2026-08-25 12:25:00,21641.07,21644.37,21622.72,21638.42,59658
2026-08-25 12:30:00,21638.42,21641.51,21599.88,21603.05,84743
2026-08-25 12:35:00,21603.05,21619.04,21597.19,21610.4,41016
2026-08-25 12:40:00,21610.4,21614.23,21587.36,21591.89,88823
2026-08-25 12:45:00,21591.89,21627.33,21590.74,21612.27,100058
2026-08-25 12:50:00,21612.27,21615.62,21566.02,21570.24,75868
2026-08-25 12:55:00,21570.24,21570.62,21543.84,21555.69,36262
2026-08-25 13:00:00,21555.69,21568.72,21554.26,21563.37,69475
2026-08-25 13:05:00,21563.37,21569.66,21547.47,21548.45,84167
2026-08-25 13:10:00,21548.45,21549.62,21529.37,21545.32,64876
2026-08-25 13:15:00,21545.32,21547.97,21511.48,21514.13,40821
2026-08-25 13:20:00,21514.13,21537.6,21508.1,21527.64,80862
2026-08-25 13:25:00,21527.64,21538.78,21523.39,21533.09,89434
2026-08-25 13:30:00,21533.09,21558.46,21529.89,21555.77,92332
2026-08-25 13:35:00,21555.77,21557.48,21517.6,21520.6,103852
2026-08-25 13:40:00,21520.6,21531.15,21496.71,21497.08,157774
2026-08-25 13:45:00,21497.08,21518.08,21485.74,21514.15,77740
2026-08-25 13:50:00,21514.15,21531.01,21499.6,21504.94,68542
2026-08-25 13:55:00,21504.94,21504.98,21482.8,21494.52,55662
2026-08-25 14:00:00,21494.52,21503.0,21474.44,21494.18,72640
2026-08-25 14:05:00,21494.18,21506.9,21474.84,21483.73,64461
2026-08-25 14:10:00,21483.73,21492.39,21469.31,21469.56,50583
2026-08-25 14:15:00,21469.56,21476.01,21444.09,21457.94,87188
2026-08-25 14:20:00,21457.94,21514.16,21447.29,21503.38,62295
2026-08-25 14:25:00,21503.38,21540.64,21502.54,21538.37,45687
2026-08-25 14:30:00,21538.37,21568.0,21538.02,21551.11,95356
2026-08-25 14:35:00,21551.11,21558.13,21519.33,21543.2,89201
2026-08-25 14:40:00,21543.2,21559.56,21530.74,21553.22,82817
2026-08-25 14:45:00,21553.22,21560.06,21500.87,21501.47,46556
2026-08-25 14:50:00,21501.47,21505.06,21480.99,21503.59,125603
2026-08-25 14:55:00,21503.59,21537.03,21501.71,21536.91,116117
2026-08-25 15:00:00,21536.91,21557.38,21520.48,21530.39,145597
2026-08-25 15:05:00,21530.39,21547.9,21511.08,21515.42,148488
2026-08-25 15:10:00,21515.42,21537.17,21503.26,21525.3,111568
2026-08-25 15:15:00,21525.3,21574.79,21522.46,21574.5,104485
2026-08-25 15:20:00,21574.5,21585.96,21559.86,21567.15,131719
2026-08-25 15:25:00,21567.15,21571.69,21534.57,21535.75,224425
2026-08-26 09:15:00,21471.87,21477.15,21393.03,21433.47,229523
2026-08-26 09:20:00,21433.47,21467.35,21409.9,21461.17,233485
2026-08-26 09:25:00,21461.17,21520.96,21447.78,21508.72,101517
2026-08-26 09:30:00,21508.72,21533.81,21464.29,21476.32,277144
2026-08-26 09:35:00,21476.32,21490.24,21453.36,21454.62,116929
2026-08-26 09:40:00,21454.62,21479.93,21445.57,21454.13,121371
2026-08-26 09:45:00,21454.13,21510.18,21446.24,21510.09,54832
2026-08-26 09:50:00,21510.09,21564.4,21506.06,21560.06,80053
2026-08-26 09:55:00,21560.06,21561.47,21534.56,21558.63,98218
2026-08-26 10:00:00,21558.63,21563.11,21544.75,21557.59,81344
2026-08-26 10:05:00,21557.59,21586.53,21549.45,21584.8,123765
2026-08-26 10:10:00,21584.8,21593.57,21571.25,21584.05,144733
2026-08-26 10:15:00,21584.05,21590.4,21561.97,21584.59,60355
2026-08-26 10:20:00,21584.59,21593.65,21562.61,21570.48,64384
2026-08-26 10:25:00,21570.48,21577.52,21555.72,21560.14,83854
2026-08-26 10:30:00,21560.14,21565.31,21540.29,21559.37,105449
2026-08-26 10:35:00,21559.37,21580.87,21543.1,21572.93,130900
2026-08-26 10:40:00,21572.93,21575.97,21542.4,21548.16,157141
2026-08-26 10:45:00,21548.16,21572.97,21534.46,21569.32,43500
2026-08-26 10:50:00,21569.32,21575.78,21544.9,21572.22,78206
2026-08-26 10:55:00,21572.22,21573.78,21538.08,21541.03,56328
2026-08-26 11:00:00,21541.03,21569.51,21540.56,21554.39,64746
2026-08-26 11:05:00,21554.39,21589.57,21553.76,21588.75,103199
2026-08-26 11:10:00,21588.75,21602.81,21585.36,21599.31,97166
2026-08-26 11:15:00,21599.31,21611.5,21585.5,21595.19,54862
2026-08-26 11:20:00,21595.19,21626.33,21592.24,21624.93,65656
2026-08-26 11:25:00,21624.93,21625.64,21590.76,21592.6,135733
2026-08-26 11:30:00,21592.6,21618.17,21589.21,21610.99,65454
2026-08-26 11:35:00,21610.99,21635.21,21608.84,21631.37,46810
2026-08-26 11:40:00,21631.37,21632.4,21621.79,21622.6,85138
2026-08-26 11:45:00,21622.6,21635.37,21622.59,21632.84,82298
2026-08-26 11:50:00,21632.84,21647.07,21627.84,21632.17,53245
2026-08-26 11:55:00,21632.17,21650.6,21627.4,21648.15,76706
2026-08-26 12:00:00,21648.15,21651.48,21622.81,21625.22,53832
2026-08-26 12:05:00,21625.22,21635.86,21613.27,21627.45,57334
2026-08-26 12:10:00,21627.45,21636.43,21617.77,21629.07,77458
2026-08-26 12:15:00,21629.07,21632.53,21586.21,21589.77,73266
2026-08-26 12:20:00,21589.77,21600.18,21574.09,21574.58,60391
2026-08-26 12:25:00,21574.58,21589.47,21558.94,21560.72,49970
2026-08-26 12:30:00,21560.72,21561.65,21551.64,21557.33,77350
2026-08-26 12:35:00,21557.33,21590.38,21555.42,21588.92,143175
2026-08-26 12:40:00,21588.92,21627.34,21581.55,21622.62,143330
2026-08-26 12:45:00,21622.62,21629.75,21610.94,21618.25,70591
2026-08-26 12:50:00,21618.25,21651.62,21616.8,21641.14,78375
2026-08-26 12:55:00,21641.14,21647.17,21618.13,21621.48,86769
2026-08-26 13:00:00,21621.48,21626.91,21610.91,21611.89,79989
2026-08-26 13:05:00,21611.89,21615.86,21589.07,21606.37,47361
2026-08-26 13:10:00,21606.37,21608.89,21578.78,21580.79,44005
2026-08-26 13:15:00,21580.79,21603.76,21576.5,21603.09,97859
2026-08-26 13:20:00,21603.09,21618.05,21599.79,21614.33,54690
2026-08-26 13:25:00,21614.33,21619.6,21601.91,21605.79,84500
2026-08-26 13:30:00,21605.79,21608.06,21576.96,21583.24,82995
2026-08-26 13:35:00,21583.24,21599.2,21571.98,21593.48,55429
2026-08-26 13:40:00,21593.48,21595.16,21575.54,21585.5,106949
2026-08-26 13:45:00,21585.5,21589.63,21545.07,21548.26,77705
2026-08-26 13:50:00,21548.26,21549.95,21517.59,21523.52,78555
2026-08-26 13:55:00,21523.52,21531.88,21496.97,21514.03,88863
2026-08-26 14:00:00,21514.03,21525.28,21504.96,21509.94,121309
2026-08-26 14:05:00,21509.94,21512.66,21500.81,21506.57,56247
2026-08-26 14:10:00,21506.57,21548.53,21494.21,21537.62,90390
2026-08-26 14:15:00,21537.62,21542.87,21517.78,21528.65,89011
2026-08-26 14:20:00,21528.65,21528.67,21513.8,21516.43,46907
2026-08-26 14:25:00,21516.43,21529.69,21514.12,21520.59,115103
2026-08-26 14:30:00,21520.59,21522.45,21490.33,21497.46,229488
2026-08-26 14:35:00,21497.46,21498.25,21461.13,21487.21,100509
2026-08-26 14:40:00,21487.21,21488.83,21443.49,21464.52,82832
2026-08-26 14:45:00,21464.52,21466.25,21428.73,21440.47,65564
2026-08-26 14:50:00,21440.47,21464.89,21427.39,21444.06,72401
2026-08-26 14:55:00,21444.06,21452.89,21426.99,21443.5,110902
2026-08-26 15:00:00,21443.5,21461.03,21437.37,21458.31,67682
2026-08-26 15:05:00,21458.31,21478.37,21444.66,21444.89,96244
2026-08-26 15:10:00,21444.89,21465.02,21412.39,21417.07,121845
2026-08-26 15:15:00,21417.07,21427.41,21378.28,21402.03,73627
2026-08-26 15:20:00,21402.03,21433.44,21401.94,21403.74,118105
2026-08-26 15:25:00,21403.74,21422.31,21384.54,21397.69,197418
2026-08-27 09:15:00,21454.07,21496.87,21422.65,21439.65,168040
2026-08-27 09:20:00,21439.65,21449.04,21400.94,21439.51,159834
2026-08-27 09:25:00,21439.51,21446.32,21411.78,21416.28,136141
2026-08-27 09:30:00,21416.28,21436.15,21380.47,21404.25,166623
2026-08-27 09:35:00,21404.25,21465.71,21395.98,21459.9,121462
2026-08-27 09:40:00,21459.9,21467.03,21425.2,21436.92,209548
2026-08-27 09:45:00,21436.92,21439.63,21408.82,21415.23,93709
2026-08-27 09:50:00,21415.23,21444.78,21403.64,21425.87,163316
2026-08-27 09:55:00,21425.87,21449.05,21421.13,21440.77,185349
2026-08-27 10:00:00,21440.77,21446.99,21415.06,21421.15,39782
2026-08-27 10:05:00,21421.15,21452.96,21419.27,21442.09,151236
2026-08-27 10:10:00,21442.09,21446.03,21430.19,21436.9,43093
2026-08-27 10:15:00,21436.9,21472.8,21431.22,21471.7,130249
2026-08-27 10:20:00,21471.7,21493.37,21463.33,21486.92,39321
2026-08-27 10:25:00,21486.92,21492.02,21468.19,21475.63,59731
2026-08-27 10:30:00,21475.63,21495.1,21475.21,21489.02,105722
2026-08-27 10:35:00,21489.02,21500.6,21465.53,21465.54,144356
2026-08-27 10:40:00,21465.54,21470.3,21453.69,21460.28,38492
2026-08-27 10:45:00,21460.28,21473.61,21459.25,21463.49,77150
2026-08-27 10:50:00,21463.49,21465.6,21428.7,21434.48,74700
2026-08-27 10:55:00,21434.48,21471.33,21432.55,21465.79,59024
2026-08-27 11:00:00,21465.79,21504.97,21459.76,21493.23,90069
2026-08-27 11:05:00,21493.23,21507.0,21489.57,21502.13,93693
2026-08-27 11:10:00,21502.13,21513.09,21497.55,21500.01,116300
2026-08-27 11:15:00,21500.01,21506.36,21478.79,21481.69,69461
2026-08-27 11:20:00,21481.69,21487.97,21466.22,21467.87,78267
2026-08-27 11:25:00,21467.87,21480.14,21462.65,21479.7,61762
2026-08-27 11:30:00,21479.7,21483.61,21457.65,21458.65,75304
2026-08-27 11:35:00,21458.65,21473.33,21455.87,21469.97,56313
2026-08-27 11:40:00,21469.97,21470.0,21452.1,21453.6,100236
2026-08-27 11:45:00,21453.6,21462.8,21435.85,21455.24,76693
2026-08-27 11:50:00,21455.24,21474.86,21439.84,21471.13,94713
2026-08-27 11:55:00,21471.13,21483.6,21462.58,21464.62,36396
2026-08-27 12:00:00,21464.62,21466.22,21437.94,21447.02,95883
2026-08-27 12:05:00,21447.02,21452.51,21426.87,21427.13,96597
2026-08-27 12:10:00,21427.13,21431.48,21409.72,21427.37,65906
2026-08-27 12:15:00,21427.37,21465.83,21426.28,21454.85,53664
2026-08-27 12:20:00,21454.85,21457.75,21434.59,21443.96,130043
2026-08-27 12:25:00,21443.96,21446.8,21408.32,21414.78,129312
2026-08-27 12:30:00,21414.78,21419.71,21399.49,21400.69,81739
2026-08-27 12:35:00,21400.69,21414.85,21398.52,21408.25,89512
2026-08-27 12:40:00,21408.25,21418.95,21403.26,21415.71,57758
2026-08-27 12:45:00,21415.71,21422.59,21405.78,21414.24,92279
2026-08-27 12:50:00,21414.24,21437.73,21413.43,21431.92,58696
2026-08-27 12:55:00,21431.92,21455.71,21426.6,21455.59,157401
2026-08-27 13:00:00,21455.59,21481.3,21451.91,21473.53,45818
2026-08-27 13:05:00,21473.53,21510.27,21471.16,21504.73,72674
2026-08-27 13:10:00,21504.73,21514.51,21498.5,21502.84,79893
2026-08-27 13:15:00,21502.84,21528.47,21502.15,21526.07,120806
2026-08-27 13:20:00,21526.07,21530.23,21494.39,21498.9,99116
2026-08-27 13:25:00,21498.9,21510.1,21481.74,21484.97,84233
2026-08-27 13:30:00,21484.97,21507.68,21472.86,21488.49,98782
2026-08-27 13:35:00,21488.49,21495.22,21473.82,21484.4,72155
2026-08-27 13:40:00,21484.4,21500.41,21481.67,21497.23,99022
2026-08-27 13:45:00,21497.23,21503.06,21484.03,21487.12,53118
2026-08-27 13:50:00,21487.12,21497.4,21480.55,21483.82,40186
2026-08-27 13:55:00,21483.82,21488.39,21449.94,21450.96,101861
2026-08-27 14:00:00,21450.96,21455.15,21426.62,21432.46,103704
2026-08-27 14:05:00,21432.46,21434.79,21391.32,21392.95,103838
2026-08-27 14:10:00,21392.95,21413.31,21391.07,21395.96,58967
2026-08-27 14:15:00,21395.96,21412.36,21375.39,21407.26,77797
2026-08-27 14:20:00,21407.26,21407.96,21393.84,21403.99,84223
2026-08-27 14:25:00,21403.99,21418.09,21401.58,21412.52,85065
2026-08-27 14:30:00,21412.52,21413.95,21393.59,21398.76,82422
2026-08-27 14:35:00,21398.76,21424.59,21397.57,21413.99,111809
2026-08-27 14:40:00,21413.99,21425.53,21393.37,21395.74,107563
2026-08-27 14:45:00,21395.74,21401.8,21374.41,21389.63,67892
2026-08-27 14:50:00,21389.63,21402.23,21377.5,21399.39,96211
2026-08-27 14:55:00,21399.39,21401.59,21389.3,21390.32,126804
2026-08-27 15:00:00,21390.32,21407.36,21377.53,21406.55,211588
2026-08-27 15:05:00,21406.55,21412.09,21380.06,21384.82,59003
2026-08-27 15:10:00,21384.82,21387.83,21331.84,21333.47,114216
2026-08-27 15:15:00,21333.47,21333.74,21289.12,21305.16,79108
2026-08-27 15:20:00,21305.16,21305.83,21259.27,21269.42,76616
2026-08-27 15:25:00,21269.42,21289.93,21254.39,21264.5,166703
2026-08-28 09:15:00,21329.3,21339.52,21283.45,21295.81,194813
2026-08-28 09:20:00,21295.81,21298.26,21232.19,21242.64,140235
2026-08-28 09:25:00,21242.64,21291.47,21238.42,21283.34,137691
2026-08-28 09:30:00,21283.34,21308.51,21275.34,21308.34,136708
2026-08-28 09:35:00,21308.34,21317.29,21260.94,21271.92,86473
2026-08-28 09:40:00,21271.92,21337.39,21267.78,21331.53,93977
2026-08-28 09:45:00,21331.53,21341.17,21324.09,21339.46,90033
2026-08-28 09:50:00,21339.46,21346.11,21337.06,21337.1,106685
2026-08-28 09:55:00,21337.1,21338.47,21317.9,21327.01,78761
2026-08-28 10:00:00,21327.01,21337.49,21303.05,21307.45,142788
2026-08-28 10:05:00,21307.45,21320.36,21277.98,21289.27,52073
2026-08-28 10:10:00,21289.27,21317.15,21281.94,21308.75,89109
2026-08-28 10:15:00,21308.75,21312.03,21289.65,21293.14,46957
2026-08-28 10:20:00,21293.14,21296.4,21267.31,21272.58,51425
2026-08-28 10:25:00,21272.58,21292.67,21264.57,21285.36,81167
2026-08-28 10:30:00,21285.36,21295.45,21269.93,21270.24,98826
2026-08-28 10:35:00,21270.24,21283.86,21265.58,21278.72,59978
2026-08-28 10:40:00,21278.72,21296.39,21276.14,21281.75,75121
2026-08-28 10:45:00,21281.75,21284.36,21260.58,21269.59,90619
2026-08-28 10:50:00,21269.59,21292.32,21263.29,21276.63,91297
2026-08-28 10:55:00,21276.63,21296.33,21271.29,21286.59,71908
2026-08-28 11:00:00,21286.59,21296.44,21284.3,21292.29,124851
2026-08-28 11:05:00,21292.29,21296.68,21263.8,21270.14,98150
2026-08-28 11:10:00,21270.14,21273.63,21254.99,21257.1,37074
2026-08-28 11:15:00,21257.1,21257.85,21234.66,21241.9,48862
2026-08-28 11:20:00,21241.9,21249.39,21236.95,21239.77,65684
2026-08-28 11:25:00,21239.77,21240.79,21228.71,21229.4,92948
2026-08-28 11:30:00,21229.4,21238.04,21221.79,21232.74,55035
2026-08-28 11:35:00,21232.74,21272.78,21225.09,21241.19,56395
2026-08-28 11:40:00,21241.19,21246.77,21233.1,21234.16,35894
2026-08-28 11:45:00,21234.16,21238.23,21227.38,21229.89,48644
2026-08-28 11:50:00,21229.89,21238.38,21215.22,21216.03,62215
2026-08-28 11:55:00,21216.03,21237.41,21215.47,21235.67,77940
2026-08-28 12:00:00,21235.67,21279.82,21234.61,21269.39,95881
2026-08-28 12:05:00,21269.39,21287.96,21268.82,21276.26,65121
2026-08-28 12:10:00,21276.26,21285.29,21261.87,21266.4,63801
2026-08-28 12:15:00,21266.4,21279.31,21254.54,21261.55,59590
2026-08-28 12:20:00,21261.55,21267.2,21228.78,21235.48,81783
2026-08-28 12:25:00,21235.48,21250.48,21225.12,21248.61,82139
2026-08-28 12:30:00,21248.61,21249.8,21238.18,21246.72,64202
2026-08-28 12:35:00,21246.72,21259.07,21240.5,21242.36,96876
2026-08-28 12:40:00,21242.36,21266.9,21233.45,21259.71,41652
2026-08-28 12:45:00,21259.71,21288.5,21255.48,21284.72,61509
2026-08-28 12:50:00,21284.72,21298.91,21282.62,21296.36,136061
2026-08-28 12:55:00,21296.36,21298.87,21277.08,21281.71,79715
2026-08-28 13:00:00,21281.71,21295.84,21269.72,21287.67,43246
2026-08-28 13:05:00,21287.67,21297.46,21283.49,21294.24,92777
2026-08-28 13:10:00,21294.24,21308.16,21290.03,21295.14,77148
2026-08-28 13:15:00,21295.14,21310.86,21272.11,21278.55,50553
2026-08-28 13:20:00,21278.55,21280.91,21264.59,21267.75,117966
2026-08-28 13:25:00,21267.75,21269.57,21227.3,21241.9,54389
2026-08-28 13:30:00,21241.9,21248.74,21225.21,21232.27,86409
2026-08-28 13:35:00,21232.27,21274.86,21231.87,21268.13,104647
2026-08-28 13:40:00,21268.13,21287.23,21265.07,21284.91,79768
2026-08-28 13:45:00,21284.91,21287.51,21257.47,21266.08,63364
2026-08-28 13:50:00,21266.08,21281.85,21251.35,21278.19,104263
2026-08-28 13:55:00,21278.19,21297.62,21275.35,21296.57,67092
2026-08-28 14:00:00,21296.57,21299.41,21248.42,21252.76,74003
2026-08-28 14:05:00,21252.76,21295.05,21248.62,21290.58,47416
2026-08-28 14:10:00,21290.58,21298.07,21280.85,21285.07,68671
2026-08-28 14:15:00,21285.07,21300.73,21278.55,21293.93,78097
2026-08-28 14:20:00,21293.93,21319.76,21293.76,21312.73,152394
2026-08-28 14:25:00,21312.73,21328.12,21303.58,21323.34,79035
2026-08-28 14:30:00,21323.34,21326.6,21289.68,21292.48,107436
2026-08-28 14:35:00,21292.48,21302.49,21276.7,21301.75,61326
2026-08-28 14:40:00,21301.75,21308.54,21291.02,21307.38,140571
2026-08-28 14:45:00,21307.38,21316.31,21280.09,21298.53,119648
2026-08-28 14:50:00,21298.53,21300.62,21286.67,21297.08,97887
2026-08-28 14:55:00,21297.08,21346.7,21296.12,21339.11,104947
2026-08-28 15:00:00,21339.11,21388.91,21336.78,21364.51,97592
2026-08-28 15:05:00,21364.51,21381.65,21357.21,21359.7,92178
2026-08-28 15:10:00,21359.7,21370.6,21303.49,21340.3,165626
2026-08-28 15:15:00,21340.3,21342.52,21307.82,21316.03,81739
2026-08-28 15:20:00,21316.03,21336.86,21308.77,21324.7,256251
2026-08-28 15:25:00,21324.7,21328.86,21297.97,21299.09,123919
2026-08-31 09:15:00,21335.08,21348.5,21289.31,21296.76,133148
2026-08-31 09:20:00,21296.76,21297.51,21267.32,21288.85,200933
2026-08-31 09:25:00,21288.85,21347.99,21279.33,21331.63,117056
2026-08-31 09:30:00,21331.63,21343.75,21303.33,21309.48,124234
2026-08-31 09:35:00,21309.48,21339.49,21306.48,21335.57,82959
2026-08-31 09:40:00,21335.57,21338.65,21298.54,21322.92,206186
2026-08-31 09:45:00,21322.92,21332.95,21307.1,21331.1,91968
2026-08-31 09:50:00,21331.1,21331.59,21284.11,21286.03,73100
2026-08-31 09:55:00,21286.03,21299.07,21263.14,21264.1,78860
2026-08-31 10:00:00,21264.1,21286.74,21256.77,21281.89,169120
2026-08-31 10:05:00,21281.89,21285.96,21266.25,21268.01,67381
2026-08-31 10:10:00,21268.01,21268.5,21249.05,21254.4,132157
2026-08-31 10:15:00,21254.4,21287.6,21250.89,21278.92,112953
2026-08-31 10:20:00,21278.92,21285.42,21254.38,21256.04,150856
2026-08-31 10:25:00,21256.04,21257.67,21224.9,21225.64,65616
2026-08-31 10:30:00,21225.64,21232.09,21198.39,21199.23,32632
2026-08-31 10:35:00,21199.23,21205.47,21177.76,21178.89,46860
2026-08-31 10:40:00,21178.89,21198.66,21173.48,21187.21,53383
2026-08-31 10:45:00,21187.21,21200.65,21181.62,21196.79,175868
2026-08-31 10:50:00,21196.79,21229.22,21195.63,21226.6,74874
2026-08-31 10:55:00,21226.6,21241.08,21225.57,21228.53,59151
2026-08-31 11:00:00,21228.53,21239.85,21191.88,21198.83,109307
2026-08-31 11:05:00,21198.83,21205.15,21159.33,21172.73,49212
2026-08-31 11:10:00,21172.73,21174.28,21156.41,21160.55,99569
2026-08-31 11:15:00,21160.55,21162.51,21133.81,21134.98,79419
2026-08-31 11:20:00,21134.98,21145.8,21129.82,21133.78,91592
2026-08-31 11:25:00,21133.78,21137.13,21095.13,21100.29,48830
2026-08-31 11:30:00,21100.29,21123.43,21094.54,21109.13,90618
2026-08-31 11:35:00,21109.13,21126.75,21104.91,21123.42,43090
2026-08-31 11:40:00,21123.42,21130.37,21112.89,21125.2,155771
2026-08-31 11:45:00,21125.2,21136.4,21110.47,21114.59,97420
2026-08-31 11:50:00,21114.59,21123.83,21102.13,21109.98,57928
2026-08-31 11:55:00,21109.98,21116.8,21098.37,21109.31,33370
2026-08-31 12:00:00,21109.31,21121.85,21099.86,21120.76,86706
2026-08-31 12:05:00,21120.76,21136.75,21118.06,21126.51,101062
2026-08-31 12:10:00,21126.51,21126.82,21102.21,21116.82,59567
2026-08-31 12:15:00,21116.82,21152.21,21115.84,21145.38,114265
2026-08-31 12:20:00,21145.38,21146.16,21126.94,21136.68,93925
2026-08-31 12:25:00,21136.68,21137.33,21116.49,21121.5,44679
2026-08-31 12:30:00,21121.5,21128.23,21118.85,21120.46,62190
2026-08-31 12:35:00,21120.46,21137.98,21115.92,21135.09,69701
2026-08-31 12:40:00,21135.09,21137.74,21124.51,21126.03,71708
2026-08-31 12:45:00,21126.03,21126.2,21089.61,21091.72,105132
2026-08-31 12:50:00,21091.72,21102.46,21081.82,21097.31,63326
2026-08-31 12:55:00,21097.31,21100.03,21069.57,21072.7,158758
2026-08-31 13:00:00,21072.7,21074.0,21026.81,21032.36,51463
2026-08-31 13:05:00,21032.36,21062.66,21027.9,21050.27,64931
2026-08-31 13:10:00,21050.27,21061.51,21043.3,21058.3,65776
2026-08-31 13:15:00,21058.3,21068.51,21045.5,21063.27,64726
2026-08-31 13:20:00,21063.27,21076.06,21060.23,21073.28,119077
2026-08-31 13:25:00,21073.28,21075.01,21048.04,21051.64,96836
2026-08-31 13:30:00,21051.64,21070.02,21046.0,21051.0,56062
2026-08-31 13:35:00,21051.0,21078.78,21047.04,21074.9,50614
2026-08-31 13:40:00,21074.9,21085.59,21070.21,21079.35,84661
2026-08-31 13:45:00,21079.35,21085.07,21062.42,21068.57,83545
2026-08-31 13:50:00,21068.57,21083.78,21065.14,21074.13,101813
2026-08-31 13:55:00,21074.13,21086.25,21066.84,21077.58,73978
2026-08-31 14:00:00,21077.58,21096.96,21076.28,21096.68,51206
2026-08-31 14:05:00,21096.68,21103.61,21058.54,21063.37,72390
2026-08-31 14:10:00,21063.37,21104.72,21061.3,21093.73,77400
2026-08-31 14:15:00,21093.73,21099.45,21051.62,21075.69,122819
2026-08-31 14:20:00,21075.69,21097.0,21072.67,21096.13,69043
2026-08-31 14:25:00,21096.13,21140.63,21087.37,21137.42,118801
2026-08-31 14:30:00,21137.42,21157.93,21136.98,21157.51,68559
2026-08-31 14:35:00,21157.51,21174.41,21147.43,21158.18,58303
2026-08-31 14:40:00,21158.18,21180.44,21156.93,21169.46,97128
2026-08-31 14:45:00,21169.46,21209.77,21166.81,21187.37,88295
2026-08-31 14:50:00,21187.37,21229.19,21184.19,21226.12,71620
2026-08-31 14:55:00,21226.12,21229.86,21190.9,21192.03,83521
2026-08-31 15:00:00,21192.03,21228.13,21184.74,21218.46,90666
2026-08-31 15:05:00,21218.46,21269.99,21217.24,21245.42,75293
2026-08-31 15:10:00,21245.42,21245.59,21212.46,21223.94,99728
2026-08-31 15:15:00,21223.94,21258.24,21223.11,21245.35,242508
2026-08-31 15:20:00,21245.35,21250.45,21220.53,21227.54,101170
2026-08-31 15:25:00,21227.54,21288.05,21219.16,21278.24,177213
2026-09-01 09:15:00,21332.09,21385.83,21325.04,21376.17,146622
2026-09-01 09:20:00,21376.17,21424.8,21358.14,21413.63,157832
2026-09-01 09:25:00,21413.63,21413.79,21350.84,21359.48,185021
2026-09-01 09:30:00,21359.48,21402.09,21358.51,21396.13,226089
2026-09-01 09:35:00,21396.13,21396.65,21365.02,21369.56,100416
2026-09-01 09:40:00,21369.56,21420.87,21365.46,21409.79,193510
2026-09-01 09:45:00,21409.79,21410.53,21387.43,21390.93,115517
2026-09-01 09:50:00,21390.93,21421.96,21388.43,21417.16,59859
2026-09-01 09:55:00,21417.16,21426.09,21401.86,21411.25,47533
2026-09-01 10:00:00,21411.25,21436.45,21396.45,21425.21,48104
2026-09-01 10:05:00,21425.21,21434.38,21388.42,21396.98,62313
2026-09-01 10:10:00,21396.98,21422.38,21392.79,21396.33,88028
2026-09-01 10:15:00,21396.33,21415.67,21378.56,21384.18,78945
2026-09-01 10:20:00,21384.18,21392.44,21379.62,21386.24,51617
2026-09-01 10:25:00,21386.24,21388.75,21364.2,21376.21,90864
2026-09-01 10:30:00,21376.21,21398.73,21364.7,21367.24,107186
2026-09-01 10:35:00,21367.24,21385.74,21356.18,21385.59,65542
2026-09-01 10:40:00,21385.59,21419.19,21382.55,21417.75,97907
2026-09-01 10:45:00,21417.75,21418.94,21404.76,21406.95,72494
2026-09-01 10:50:00,21406.95,21432.4,21401.57,21431.88,51157
2026-09-01 10:55:00,21431.88,21448.57,21425.96,21439.36,84426
2026-09-01 11:00:00,21439.36,21444.83,21429.53,21437.97,87642
2026-09-01 11:05:00,21437.97,21449.73,21421.19,21447.52,62265
2026-09-01 11:10:00,21447.52,21456.38,21434.83,21437.57,55772
2026-09-01 11:15:00,21437.57,21447.68,21424.65,21429.63,81984
2026-09-01 11:20:00,21429.63,21454.0,21425.23,21452.18,76607
2026-09-01 11:25:00,21452.18,21484.93,21452.13,21483.12,85518
2026-09-01 11:30:00,21483.12,21494.74,21471.37,21486.33,68474
2026-09-01 11:35:00,21486.33,21504.23,21481.64,21493.14,86464
2026-09-01 11:40:00,21493.14,21495.83,21481.14,21494.98,82945
2026-09-01 11:45:00,21494.98,21499.62,21483.79,21490.17,66646
2026-09-01 11:50:00,21490.17,21490.21,21460.67,21463.25,65556
2026-09-01 11:55:00,21463.25,21473.57,21457.38,21466.77,78335
2026-09-01 12:00:00,21466.77,21472.0,21437.89,21442.69,69765
2026-09-01 12:05:00,21442.69,21451.11,21435.06,21440.76,78250
2026-09-01 12:10:00,21440.76,21469.2,21438.6,21462.45,71938
2026-09-01 12:15:00,21462.45,21475.34,21457.79,21472.57,92881
2026-09-01 12:20:00,21472.57,21487.85,21465.15,21486.44,69010
2026-09-01 12:25:00,21486.44,21503.39,21482.3,21501.59,99716
2026-09-01 12:30:00,21501.59,21520.64,21500.56,21520.34,86626
2026-09-01 12:35:00,21520.34,21542.3,21518.21,21536.04,72767
2026-09-01 12:40:00,21536.04,21539.28,21511.03,21518.34,87854
2026-09-01 12:45:00,21518.34,21541.58,21517.63,21529.0,94338
2026-09-01 12:50:00,21529.0,21541.78,21522.54,21524.01,65685
2026-09-01 12:55:00,21524.01,21530.63,21487.84,21491.73,67658
2026-09-01 13:00:00,21491.73,21505.3,21484.97,21500.37,71157
2026-09-01 13:05:00,21500.37,21511.84,21485.24,21487.94,66116
2026-09-01 13:10:00,21487.94,21490.95,21480.23,21486.34,99409
2026-09-01 13:15:00,21486.34,21489.99,21453.19,21453.42,99310
2026-09-01 13:20:00,21453.42,21469.58,21450.16,21464.49,36763
2026-09-01 13:25:00,21464.49,21468.94,21441.7,21443.96,44550
2026-09-01 13:30:00,21443.96,21462.41,21437.57,21461.73,61508
2026-09-01 13:35:00,21461.73,21469.57,21447.61,21458.98,83919
2026-09-01 13:40:00,21458.98,21479.3,21458.52,21477.96,110775
2026-09-01 13:45:00,21477.96,21481.63,21460.8,21463.68,76589
2026-09-01 13:50:00,21463.68,21470.03,21456.78,21466.03,80180
2026-09-01 13:55:00,21466.03,21477.57,21462.92,21476.51,70400
2026-09-01 14:00:00,21476.51,21500.01,21472.37,21498.79,88030
2026-09-01 14:05:00,21498.79,21506.41,21467.52,21470.42,60129
2026-09-01 14:10:00,21470.42,21474.06,21453.53,21458.07,54146
2026-09-01 14:15:00,21458.07,21504.09,21445.27,21499.22,76363
2026-09-01 14:20:00,21499.22,21508.04,21496.25,21504.16,52259
2026-09-01 14:25:00,21504.16,21511.5,21490.42,21509.75,49470
2026-09-01 14:30:00,21509.75,21526.8,21499.17,21515.41,137354
2026-09-01 14:35:00,21515.41,21523.83,21483.63,21492.64,176768
2026-09-01 14:40:00,21492.64,21500.53,21474.68,21476.68,100581
2026-09-01 14:45:00,21476.68,21516.56,21475.59,21512.76,121904
2026-09-01 14:50:00,21512.76,21518.25,21481.99,21488.38,139709
2026-09-01 14:55:00,21488.38,21519.92,21477.62,21505.86,116496
2026-09-01 15:00:00,21505.86,21539.8,21499.58,21527.54,96897
2026-09-01 15:05:00,21527.54,21535.87,21490.02,21495.56,179826
2026-09-01 15:10:00,21495.56,21495.66,21469.87,21488.98,106353
2026-09-01 15:15:00,21488.98,21497.98,21458.01,21461.07,62948
2026-09-01 15:20:00,21461.07,21463.33,21418.6,21436.53,133834
2026-09-01 15:25:00,21436.53,21461.99,21415.34,21459.06,162296
2026-09-02 09:15:00,21441.4,21456.54,21353.94,21374.63,218141
2026-09-02 09:20:00,21374.63,21387.03,21341.0,21364.75,234022
2026-09-02 09:25:00,21364.75,21376.51,21325.16,21333.75,128868
2026-09-02 09:30:00,21333.75,21335.85,21290.86,21301.61,241121
2026-09-02 09:35:00,21301.61,21331.45,21287.79,21325.96,136057
2026-09-02 09:40:00,21325.96,21372.79,21290.61,21366.28,136143
2026-09-02 09:45:00,21366.28,21390.95,21362.78,21371.67,185782
2026-09-02 09:50:00,21371.67,21373.96,21349.96,21352.06,75288
2026-09-02 09:55:00,21352.06,21359.81,21343.45,21354.38,99213
2026-09-02 10:00:00,21354.38,21358.85,21295.7,21302.88,78393
2026-09-02 10:05:00,21302.88,21306.58,21270.59,21286.1,126221
2026-09-02 10:10:00,21286.1,21298.19,21263.28,21273.22,78288
2026-09-02 10:15:00,21273.22,21295.26,21257.25,21273.27,89024
2026-09-02 10:20:00,21273.27,21273.93,21246.1,21252.79,53972
2026-09-02 10:25:00,21252.79,21258.66,21230.57,21230.87,57092
2026-09-02 10:30:00,21230.87,21241.84,21221.03,21224.99,39951
2026-09-02 10:35:00,21224.99,21245.04,21224.01,21224.89,108619
2026-09-02 10:40:00,21224.89,21235.45,21199.4,21200.21,82759
2026-09-02 10:45:00,21200.21,21204.31,21174.24,21175.62,97605
2026-09-02 10:50:00,21175.62,21196.85,21173.79,21194.75,74919
2026-09-02 10:55:00,21194.75,21212.96,21179.81,21208.01,45502
2026-09-02 11:00:00,21208.01,21229.87,21204.32,21218.98,95678
2026-09-02 11:05:00,21218.98,21220.94,21203.41,21214.4,80110
2026-09-02 11:10:00,21214.4,21223.35,21210.61,21222.82,72642
2026-09-02 11:15:00,21222.82,21239.27,21213.13,21222.5,73898
2026-09-02 11:20:00,21222.5,21238.15,21220.53,21232.43,180476
2026-09-02 11:25:00,21232.43,21243.07,21218.7,21222.76,70109
2026-09-02 11:30:00,21222.76,21242.56,21217.9,21241.54,79380
2026-09-02 11:35:00,21241.54,21259.35,21236.27,21236.63,75894
2026-09-02 11:40:00,21236.63,21250.89,21223.14,21246.56,45542
2026-09-02 11:45:00,21246.56,21261.09,21239.76,21256.54,53539
2026-09-02 11:50:00,21256.54,21283.9,21256.23,21279.01,81113
2026-09-02 11:55:00,21279.01,21284.18,21273.31,21283.13,67322
2026-09-02 12:00:00,21283.13,21285.65,21265.19,21278.81,72005
2026-09-02 12:05:00,21278.81,21292.89,21277.97,21286.23,70409
2026-09-02 12:10:00,21286.23,21290.0,21261.69,21263.73,77649
2026-09-02 12:15:00,21263.73,21264.41,21234.58,21238.42,105800
2026-09-02 12:20:00,21238.42,21248.39,21219.04,21230.77,95848
2026-09-02 12:25:00,21230.77,21257.1,21213.89,21219.36,133558
2026-09-02 12:30:00,21219.36,21239.24,21214.93,21236.36,133027
2026-09-02 12:35:00,21236.36,21242.81,21220.6,21229.57,66372
2026-09-02 12:40:00,21229.57,21236.56,21216.32,21221.87,109087
2026-09-02 12:45:00,21221.87,21244.2,21213.98,21232.26,105199
2026-09-02 12:50:00,21232.26,21266.41,21229.63,21265.6,63321
2026-09-02 12:55:00,21265.6,21277.12,21249.77,21255.57,89112
2026-09-02 13:00:00,21255.57,21289.15,21252.84,21260.66,72844
2026-09-02 13:05:00,21260.66,21280.41,21256.02,21259.61,92113
2026-09-02 13:10:00,21259.61,21280.32,21237.5,21242.15,109638
2026-09-02 13:15:00,21242.15,21263.53,21241.87,21253.22,47435
2026-09-02 13:20:00,21253.22,21253.69,21225.52,21231.74,77860
2026-09-02 13:25:00,21231.74,21251.67,21227.75,21233.0,84012
2026-09-02 13:30:00,21233.0,21244.74,21219.72,21224.54,78505
2026-09-02 13:35:00,21224.54,21229.52,21187.78,21202.82,93057
2026-09-02 13:40:00,21202.82,21211.94,21192.84,21202.35,110121
2026-09-02 13:45:00,21202.35,21236.05,21201.21,21234.66,102977
2026-09-02 13:50:00,21234.66,21240.97,21212.63,21215.51,41861
2026-09-02 13:55:00,21215.51,21226.79,21197.35,21205.99,48472
2026-09-02 14:00:00,21205.99,21216.16,21152.76,21156.06,62145
2026-09-02 14:05:00,21156.06,21196.93,21154.87,21192.99,45129
2026-09-02 14:10:00,21192.99,21193.93,21176.39,21183.74,104400
2026-09-02 14:15:00,21183.74,21188.23,21170.45,21177.64,47322
2026-09-02 14:20:00,21177.64,21203.99,21176.18,21193.61,63934
2026-09-02 14:25:00,21193.61,21244.32,21188.93,21239.48,101566
2026-09-02 14:30:00,21239.48,21270.18,21222.34,21262.91,98530
2026-09-02 14:35:00,21262.91,21296.59,21260.65,21294.38,128701
2026-09-02 14:40:00,21294.38,21321.86,21264.23,21268.31,69879
2026-09-02 14:45:00,21268.31,21315.22,21265.1,21300.06,71035
2026-09-02 14:50:00,21300.06,21320.5,21291.7,21316.18,153233
2026-09-02 14:55:00,21316.18,21354.12,21292.94,21347.89,89011
2026-09-02 15:00:00,21347.89,21351.55,21324.77,21332.39,133345
2026-09-02 15:05:00,21332.39,21359.78,21323.43,21357.42,147206
2026-09-02 15:10:00,21357.42,21386.33,21352.86,21356.52,116572
2026-09-02 15:15:00,21356.52,21361.4,21308.1,21312.03,76139
2026-09-02 15:20:00,21312.03,21319.74,21242.78,21271.52,94283
2026-09-02 15:25:00,21271.52,21292.91,21236.08,21284.53,96556
2026-09-03 09:15:00,21275.1,21299.47,21267.72,21276.87,139607
2026-09-03 09:20:00,21276.87,21295.0,21189.75,21209.95,186143
2026-09-03 09:25:00,21209.95,21274.13,21203.92,21240.9,235927
2026-09-03 09:30:00,21240.9,21253.03,21180.96,21194.66,108437
2026-09-03 09:35:00,21194.66,21230.62,21183.45,21226.35,84286
2026-09-03 09:40:00,21226.35,21240.29,21181.86,21182.51,157156
2026-09-03 09:45:00,21182.51,21199.08,21136.13,21144.9,162973
2026-09-03 09:50:00,21144.9,21169.61,21135.98,21163.17,95209
2026-09-03 09:55:00,21163.17,21192.26,21156.53,21188.97,81424
2026-09-03 10:00:00,21188.97,21196.29,21175.89,21195.4,114390
2026-09-03 10:05:00,21195.4,21238.74,21195.23,21222.35,130057
2026-09-03 10:10:00,21222.35,21230.62,21192.02,21199.03,76985
2026-09-03 10:15:00,21199.03,21219.4,21192.0,21213.88,85995
2026-09-03 10:20:00,21213.88,21228.93,21207.39,21228.72,59677
2026-09-03 10:25:00,21228.72,21231.31,21188.13,21205.5,104501
2026-09-03 10:30:00,21205.5,21221.29,21199.25,21207.9,70286
2026-09-03 10:35:00,21207.9,21232.26,21204.0,21217.52,78528
2026-09-03 10:40:00,21217.52,21226.5,21204.26,21212.32,70873
2026-09-03 10:45:00,21212.32,21222.03,21176.55,21199.34,48477
2026-09-03 10:50:00,21199.34,21208.53,21163.62,21172.01,143409
2026-09-03 10:55:00,21172.01,21204.52,21168.86,21204.26,71228
2026-09-03 11:00:00,21204.26,21207.28,21177.6,21177.97,84634
2026-09-03 11:05:00,21177.97,21186.68,21157.51,21167.35,43941
2026-09-03 11:10:00,21167.35,21167.83,21146.69,21154.95,77618
2026-09-03 11:15:00,21154.95,21188.43,21154.36,21167.62,78867
2026-09-03 11:20:00,21167.62,21176.06,21152.15,21154.44,143468
2026-09-03 11:25:00,21154.44,21169.94,21146.75,21167.81,84910
2026-09-03 11:30:00,21167.81,21182.41,21153.75,21181.52,63984
2026-09-03 11:35:00,21181.52,21192.67,21158.52,21188.16,153373
2026-09-03 11:40:00,21188.16,21216.85,21186.98,21197.57,118125
2026-09-03 11:45:00,21197.57,21216.59,21192.71,21212.61,69349
2026-09-03 11:50:00,21212.61,21215.23,21186.45,21193.89,69787
2026-09-03 11:55:00,21193.89,21194.76,21179.22,21185.2,48163
2026-09-03 12:00:00,21185.2,21186.38,21152.79,21152.79,95551
2026-09-03 12:05:00,21152.79,21167.05,21139.86,21155.54,95621
2026-09-03 12:10:00,21155.54,21176.27,21152.06,21160.19,102388
2026-09-03 12:15:00,21160.19,21168.1,21144.5,21149.88,74352
2026-09-03 12:20:00,21149.88,21182.89,21144.44,21175.76,77213
2026-09-03 12:25:00,21175.76,21178.54,21126.66,21139.42,26309
2026-09-03 12:30:00,21139.42,21142.01,21127.49,21137.73,54930
2026-09-03 12:35:00,21137.73,21139.85,21126.35,21127.86,54910
2026-09-03 12:40:00,21127.86,21128.33,21113.45,21124.02,139607
2026-09-03 12:45:00,21124.02,21147.87,21123.7,21141.47,65179
2026-09-03 12:50:00,21141.47,21164.3,21140.57,21160.86,62224
2026-09-03 12:55:00,21160.86,21161.06,21115.13,21118.11,70645
2026-09-03 13:00:00,21118.11,21150.86,21114.94,21149.97,41185
2026-09-03 13:05:00,21149.97,21167.79,21144.01,21159.86,47999
2026-09-03 13:10:00,21159.86,21164.17,21134.11,21134.54,69980
2026-09-03 13:15:00,21134.54,21147.78,21119.02,21123.71,110572
2026-09-03 13:20:00,21123.71,21139.13,21110.92,21138.09,76256
2026-09-03 13:25:00,21138.09,21161.87,21126.75,21149.02,68490
2026-09-03 13:30:00,21149.02,21156.07,21131.99,21152.73,119375
2026-09-03 13:35:00,21152.73,21180.73,21149.76,21179.84,109128
2026-09-03 13:40:00,21179.84,21186.15,21156.49,21171.38,97990
2026-09-03 13:45:00,21171.38,21192.44,21158.79,21182.26,84663
2026-09-03 13:50:00,21182.26,21211.32,21174.32,21206.34,55778
2026-09-03 13:55:00,21206.34,21238.83,21205.99,21226.11,61890
2026-09-03 14:00:00,21226.11,21229.05,21196.18,21203.1,41109
2026-09-03 14:05:00,21203.1,21227.73,21181.93,21210.34,100378
2026-09-03 14:10:00,21210.34,21233.42,21208.73,21213.62,61024
2026-09-03 14:15:00,21213.62,21215.81,21193.69,21195.23,57740
2026-09-03 14:20:00,21195.23,21249.54,21186.47,21218.51,77363
2026-09-03 14:25:00,21218.51,21257.68,21209.93,21256.9,64922
2026-09-03 14:30:00,21256.9,21260.18,21239.12,21255.76,89617
2026-09-03 14:35:00,21255.76,21269.81,21243.62,21264.49,87467
2026-09-03 14:40:00,21264.49,21273.12,21243.99,21254.26,97044
2026-09-03 14:45:00,21254.26,21294.13,21249.53,21287.88,66471
2026-09-03 14:50:00,21287.88,21297.95,21280.75,21287.43,120645
2026-09-03 14:55:00,21287.43,21304.02,21248.9,21259.18,97753
2026-09-03 15:00:00,21259.18,21264.87,21229.97,21258.55,113475
2026-09-03 15:05:00,21258.55,21274.86,21251.13,21273.66,95677
2026-09-03 15:10:00,21273.66,21280.09,21244.33,21277.57,126881
2026-09-03 15:15:00,21277.57,21325.33,21277.05,21321.14,158131
2026-09-03 15:20:00,21321.14,21362.85,21305.0,21309.77,110871
2026-09-03 15:25:00,21309.77,21330.88,21289.48,21303.68,125958
2026-09-04 09:15:00,21271.57,21322.58,21251.8,21268.61,226098
2026-09-04 09:20:00,21268.61,21308.05,21238.69,21285.98,199913
2026-09-04 09:25:00,21285.98,21319.38,21285.8,21314.78,60721
2026-09-04 09:30:00,21314.78,21327.11,21286.39,21300.53,114823
2026-09-04 09:35:00,21300.53,21367.24,21280.73,21359.58,99357
2026-09-04 09:40:00,21359.58,21384.67,21359.4,21382.19,110758
2026-09-04 09:45:00,21382.19,21406.22,21358.44,21401.62,104713
2026-09-04 09:50:00,21401.62,21402.37,21336.36,21348.69,110528
2026-09-04 09:55:00,21348.69,21372.01,21338.9,21360.71,68684
2026-09-04 10:00:00,21360.71,21373.6,21352.0,21361.09,73903
2026-09-04 10:05:00,21361.09,21381.88,21351.32,21358.5,116183
2026-09-04 10:10:00,21358.5,21389.49,21352.53,21382.02,72123
2026-09-04 10:15:00,21382.02,21383.25,21356.68,21359.56,64161
2026-09-04 10:20:00,21359.56,21368.71,21322.67,21334.01,104997
2026-09-04 10:25:00,21334.01,21364.87,21326.39,21359.83,55437
2026-09-04 10:30:00,21359.83,21367.01,21340.3,21341.64,77443
2026-09-04 10:35:00,21341.64,21343.98,21322.99,21329.85,57005
2026-09-04 10:40:00,21329.85,21354.25,21329.65,21345.49,42366
2026-09-04 10:45:00,21345.49,21375.06,21340.99,21356.6,70657
2026-09-04 10:50:00,21356.6,21363.64,21311.72,21336.85,115735
2026-09-04 10:55:00,21336.85,21357.15,21327.74,21341.61,67135
2026-09-04 11:00:00,21341.61,21350.75,21320.0,21331.74,75695
2026-09-04 11:05:00,21331.74,21347.04,21325.48,21334.47,70641
2026-09-04 11:10:00,21334.47,21343.65,21319.64,21319.98,41041
2026-09-04 11:15:00,21319.98,21325.07,21303.2,21304.97,91818
2026-09-04 11:20:00,21304.97,21310.14,21286.48,21304.12,45231
2026-09-04 11:25:00,21304.12,21333.97,21297.67,21330.67,110963
2026-09-04 11:30:00,21330.67,21384.91,21325.94,21357.85,86564
2026-09-04 11:35:00,21357.85,21388.16,21355.22,21381.02,96628
2026-09-04 11:40:00,21381.02,21416.07,21376.3,21403.57,94946
2026-09-04 11:45:00,21403.57,21412.47,21391.09,21404.46,68169
2026-09-04 11:50:00,21404.46,21419.27,21384.03,21387.12,41057
2026-09-04 11:55:00,21387.12,21414.34,21376.63,21408.35,127513
2026-09-04 12:00:00,21408.35,21413.34,21379.12,21387.73,126019
2026-09-04 12:05:00,21387.73,21392.34,21358.91,21361.95,68447
2026-09-04 12:10:00,21361.95,21366.92,21336.65,21351.38,62848
2026-09-04 12:15:00,21351.38,21361.47,21336.83,21343.91,97647
2026-09-04 12:20:00,21343.91,21362.21,21343.78,21351.66,53140
2026-09-04 12:25:00,21351.66,21364.34,21336.6,21339.05,80951
2026-09-04 12:30:00,21339.05,21358.55,21336.58,21352.24,107100
2026-09-04 12:35:00,21352.24,21367.16,21335.96,21337.06,77750
2026-09-04 12:40:00,21337.06,21355.72,21333.39,21352.51,87105
2026-09-04 12:45:00,21352.51,21362.7,21338.85,21344.97,69156
2026-09-04 12:50:00,21344.97,21367.55,21332.66,21350.79,64568
2026-09-04 12:55:00,21350.79,21363.38,21321.88,21323.0,134248
2026-09-04 13:00:00,21323.0,21323.66,21308.7,21312.94,91240
2026-09-04 13:05:00,21312.94,21342.57,21307.04,21330.28,55297
2026-09-04 13:10:00,21330.28,21356.78,21329.41,21356.64,43152
2026-09-04 13:15:00,21356.64,21383.36,21356.04,21379.23,91786
2026-09-04 13:20:00,21379.23,21400.32,21374.95,21393.81,117635
2026-09-04 13:25:00,21393.81,21406.0,21376.12,21396.39,55342
2026-09-04 13:30:00,21396.39,21398.34,21368.58,21376.15,89924
2026-09-04 13:35:00,21376.15,21416.48,21373.67,21409.99,97672
2026-09-04 13:40:00,21409.99,21431.16,21404.07,21421.36,59819
2026-09-04 13:45:00,21421.36,21437.27,21416.85,21433.11,134003
2026-09-04 13:50:00,21433.11,21466.0,21425.08,21457.52,81161
2026-09-04 13:55:00,21457.52,21493.49,21452.76,21490.33,81652
2026-09-04 14:00:00,21490.33,21498.57,21475.69,21485.37,57832
2026-09-04 14:05:00,21485.37,21517.4,21478.13,21494.54,96703
2026-09-04 14:10:00,21494.54,21502.46,21475.26,21480.69,53702
2026-09-04 14:15:00,21480.69,21497.66,21463.94,21470.75,52156
2026-09-04 14:20:00,21470.75,21484.73,21468.2,21473.22,47317
2026-09-04 14:25:00,21473.22,21482.31,21460.22,21470.39,98495
2026-09-04 14:30:00,21470.39,21477.52,21454.74,21458.96,140706
2026-09-04 14:35:00,21458.96,21460.29,21432.59,21442.26,81919
2026-09-04 14:40:00,21442.26,21443.05,21417.29,21433.56,69940
2026-09-04 14:45:00,21433.56,21465.77,21425.19,21459.41,57948
2026-09-04 14:50:00,21459.41,21483.03,21452.63,21476.06,53918
2026-09-04 14:55:00,21476.06,21503.96,21466.0,21485.53,86419
2026-09-04 15:00:00,21485.53,21488.32,21453.5,21484.97,142374
2026-09-04 15:05:00,21484.97,21498.83,21460.42,21467.23,102590
2026-09-04 15:10:00,21467.23,21495.65,21449.62,21467.51,131040
2026-09-04 15:15:00,21467.51,21468.79,21434.22,21458.4,74867
2026-09-04 15:20:00,21458.4,21494.23,21448.26,21486.09,97276
2026-09-04 15:25:00,21486.09,21492.98,21446.19,21449.96,144222
