datetime,open,high,low,close,volume
2026-05-04 09:15:00,245.25,245.34,244.94,244.97,153023
2026-05-04 09:20:00,244.97,245.1,244.94,245.0,105531
2026-05-04 09:25:00,245.0,245.01,244.42,244.48,166659
2026-05-04 09:30:00,244.48,244.51,244.27,244.27,80395
2026-05-04 09:35:00,244.27,244.3,244.15,244.25,171311
2026-05-04 09:40:00,244.25,244.34,244.23,244.29,186922
2026-05-04 09:45:00,244.29,244.38,244.18,244.29,71224
2026-05-04 09:50:00,244.29,244.44,244.26,244.44,168732
2026-05-04 09:55:00,244.44,244.49,244.4,244.45,90334
2026-05-04 10:00:00,244.45,244.63,244.39,244.51,78634
2026-05-04 10:05:00,244.51,244.67,244.51,244.66,151639
2026-05-04 10:10:00,244.66,244.69,244.61,244.68,85750
2026-05-04 10:15:00,244.68,244.82,244.66,244.8,121031
2026-05-04 10:20:00,244.8,244.89,244.73,244.82,73552
2026-05-04 10:25:00,244.82,244.94,244.77,244.89,95362
2026-05-04 10:30:00,244.89,244.98,244.88,244.96,79940
2026-05-04 10:35:00,244.96,244.96,244.89,244.95,63346
2026-05-04 10:40:00,244.95,245.0,244.78,244.83,41812
2026-05-04 10:45:00,244.83,244.94,244.8,244.9,126432
2026-05-04 10:50:00,244.9,244.93,244.85,244.86,74409
2026-05-04 10:55:00,244.86,244.86,244.73,244.82,75633
2026-05-04 11:00:00,244.82,244.83,244.76,244.78,46227
2026-05-04 11:05:00,244.78,244.85,244.72,244.78,44832
2026-05-04 11:10:00,244.78,244.78,244.68,244.72,57115
2026-05-04 11:15:00,244.72,244.79,244.67,244.7,62056
2026-05-04 11:20:00,244.7,244.75,244.7,244.71,70120
2026-05-04 11:25:00,244.71,244.88,244.68,244.86,102890
2026-05-04 11:30:00,244.86,245.02,244.84,245.0,62823
2026-05-04 11:35:00,245.0,245.12,244.95,245.1,123732
2026-05-04 11:40:00,245.1,245.1,244.94,244.96,41357
2026-05-04 11:45:00,244.96,244.97,244.85,244.89,43252
2026-05-04 11:50:00,244.89,244.89,244.77,244.81,51931
2026-05-04 11:55:00,244.81,244.83,244.71,244.74,82651
2026-05-04 12:00:00,244.74,244.85,244.7,244.84,62446
2026-05-04 12:05:00,244.84,244.93,244.84,244.9,33954
2026-05-04 12:10:00,244.9,244.93,244.62,244.62,48650
2026-05-04 12:15:00,244.62,244.69,244.59,244.69,97215
2026-05-04 12:20:00,244.69,244.77,244.67,244.75,47004
2026-05-04 12:25:00,244.75,244.84,244.7,244.8,96098
2026-05-04 12:30:00,244.8,244.83,244.69,244.74,66770
2026-05-04 12:35:00,244.74,244.88,244.73,244.84,64045
2026-05-04 12:40:00,244.84,244.97,244.76,244.95,79184
2026-05-04 12:45:00,244.95,245.04,244.94,245.03,59988
2026-05-04 12:50:00,245.03,245.13,244.98,245.12,71826
2026-05-04 12:55:00,245.12,245.17,245.08,245.13,67771
2026-05-04 13:00:00,245.13,245.18,245.09,245.14,59681
2026-05-04 13:05:00,245.14,245.2,245.1,245.13,68705
2026-05-04 13:10:00,245.13,245.16,244.97,244.99,107856
2026-05-04 13:15:00,244.99,245.22,244.98,245.22,46083
2026-05-04 13:20:00,245.22,245.36,245.21,245.29,82144
2026-05-04 13:25:00,245.29,245.31,245.28,245.29,72188
2026-05-04 13:30:00,245.29,245.47,245.28,245.43,37722
2026-05-04 13:35:00,245.43,245.48,245.35,245.42,58996
2026-05-04 13:40:00,245.42,245.59,245.42,245.52,70613
2026-05-04 13:45:00,245.52,245.55,245.37,245.45,63940
2026-05-04 13:50:00,245.45,245.5,245.38,245.41,100234
2026-05-04 13:55:00,245.41,245.47,245.36,245.37,87648
2026-05-04 14:00:00,245.37,245.43,245.32,245.34,90575
2026-05-04 14:05:00,245.34,245.41,245.24,245.4,52386
2026-05-04 14:10:00,245.4,245.6,245.36,245.56,68684
2026-05-04 14:15:00,245.56,245.63,245.52,245.59,67711
2026-05-04 14:20:00,245.59,245.62,245.44,245.48,79322
2026-05-04 14:25:00,245.48,245.54,245.37,245.39,68431
2026-05-04 14:30:00,245.39,245.49,245.37,245.43,79236
2026-05-04 14:35:00,245.43,245.46,245.35,245.38,62305
2026-05-04 14:40:00,245.38,245.43,245.24,245.24,129313
2026-05-04 14:45:00,245.24,245.25,244.96,244.98,70287
2026-05-04 14:50:00,244.98,245.06,244.91,244.96,179600
2026-05-04 14:55:00,244.96,244.99,244.89,244.99,67668
2026-05-04 15:00:00,244.99,245.01,244.72,244.8,62534
2026-05-04 15:05:00,244.8,244.93,244.67,244.75,73319
2026-05-04 15:10:00,244.75,244.78,244.57,244.69,83369
2026-05-04 15:15:00,244.69,244.69,244.49,244.55,117532
2026-05-04 15:20:00,244.55,244.89,244.55,244.85,104160
2026-05-04 15:25:00,244.85,244.86,244.7,244.77,130330
2026-05-05 09:15:00,244.17,244.18,243.83,243.93,153237
2026-05-05 09:20:00,243.93,243.94,243.61,243.68,148223
2026-05-05 09:25:00,243.68,243.74,243.48,243.52,159355
2026-05-05 09:30:00,243.52,243.58,243.38,243.39,151667
2026-05-05 09:35:00,243.39,243.49,243.38,243.47,73990
2026-05-05 09:40:00,243.47,243.85,243.42,243.78,110340
2026-05-05 09:45:00,243.78,243.81,243.35,243.41,95181
2026-05-05 09:50:00,243.41,243.75,243.36,243.74,79979
2026-05-05 09:55:00,243.74,243.95,243.74,243.92,124975
2026-05-05 10:00:00,243.92,244.09,243.88,244.06,52097
2026-05-05 10:05:00,244.06,244.14,243.99,244.01,65745
2026-05-05 10:10:00,244.01,244.03,243.85,243.94,112208
2026-05-05 10:15:00,243.94,243.99,243.73,243.85,93429
2026-05-05 10:20:00,243.85,243.96,243.79,243.91,77387
2026-05-05 10:25:00,243.91,244.06,243.88,244.02,75190
2026-05-05 10:30:00,244.02,244.15,244.0,244.04,62701
2026-05-05 10:35:00,244.04,244.09,243.92,244.08,71628
2026-05-05 10:40:00,244.08,244.17,244.03,244.06,84382
2026-05-05 10:45:00,244.06,244.08,243.98,244.05,116634
2026-05-05 10:50:00,244.05,244.37,244.05,244.32,53827
2026-05-05 10:55:00,244.32,244.39,244.18,244.2,57731
2026-05-05 11:00:00,244.2,244.25,244.17,244.22,65988
2026-05-05 11:05:00,244.22,244.23,244.15,244.18,95300
2026-05-05 11:10:00,244.18,244.21,244.0,244.15,95352
2026-05-05 11:15:00,244.15,244.32,244.13,244.3,62032
2026-05-05 11:20:00,244.3,244.63,244.29,244.57,69081
2026-05-05 11:25:00,244.57,244.63,244.46,244.49,65743
2026-05-05 11:30:00,244.49,244.49,244.25,244.35,147340
2026-05-05 11:35:00,244.35,244.36,244.11,244.11,36517
2026-05-05 11:40:00,244.11,244.14,244.05,244.06,60864
2026-05-05 11:45:00,244.06,244.12,243.9,244.05,94049
2026-05-05 11:50:00,244.05,244.1,244.01,244.09,63045
2026-05-05 11:55:00,244.09,244.14,244.0,244.14,88415
2026-05-05 12:00:00,244.14,244.19,244.1,244.16,126379
2026-05-05 12:05:00,244.16,244.24,244.08,244.18,60944
2026-05-05 12:10:00,244.18,244.35,244.17,244.24,58095
2026-05-05 12:15:00,244.24,244.31,244.06,244.08,83519
2026-05-05 12:20:00,244.08,244.21,244.05,244.1,47888
2026-05-05 12:25:00,244.1,244.12,243.97,244.02,76117
2026-05-05 12:30:00,244.02,244.17,244.01,244.16,44066
2026-05-05 12:35:00,244.16,244.21,244.07,244.07,48034
2026-05-05 12:40:00,244.07,244.08,243.91,243.93,89071
2026-05-05 12:45:00,243.93,244.13,243.88,244.1,54761
2026-05-05 12:50:00,244.1,244.17,244.03,244.06,62251
2026-05-05 12:55:00,244.06,244.06,243.79,243.85,62564
2026-05-05 13:00:00,243.85,243.96,243.84,243.9,48927
2026-05-05 13:05:00,243.9,244.05,243.83,244.04,59758
2026-05-05 13:10:00,244.04,244.22,244.02,244.19,112841
2026-05-05 13:15:00,244.19,244.2,244.01,244.05,82676
2026-05-05 13:20:00,244.05,244.23,244.03,244.21,78263
2026-05-05 13:25:00,244.21,244.33,244.2,244.28,82783
2026-05-05 13:30:00,244.28,244.28,244.16,244.19,53150
2026-05-05 13:35:00,244.19,244.24,244.12,244.16,168094
2026-05-05 13:40:00,244.16,244.32,244.12,244.31,47341
2026-05-05 13:45:00,244.31,244.47,244.31,244.45,97657
2026-05-05 13:50:00,244.45,244.5,244.29,244.31,79946
2026-05-05 13:55:00,244.31,244.37,244.26,244.29,47021
2026-05-05 14:00:00,244.29,244.36,244.22,244.33,67917
2026-05-05 14:05:00,244.33,244.47,244.31,244.44,87986
2026-05-05 14:10:00,244.44,244.44,244.34,244.36,67656
2026-05-05 14:15:00,244.36,244.57,244.29,244.55,59565
2026-05-05 14:20:00,244.55,244.83,244.52,244.77,101787
2026-05-05 14:25:00,244.77,244.86,244.77,244.84,117535
2026-05-05 14:30:00,244.84,244.85,244.6,244.68,95349
2026-05-05 14:35:00,244.68,244.7,244.38,244.42,81421
2026-05-05 14:40:00,244.42,244.54,244.4,244.5,80635
2026-05-05 14:45:00,244.5,244.51,244.4,244.48,67776
2026-05-05 14:50:00,244.48,244.63,244.41,244.62,130975
2026-05-05 14:55:00,244.62,244.62,244.51,244.54,51690
2026-05-05 15:00:00,244.54,244.57,244.29,244.3,111922
2026-05-05 15:05:00,244.3,244.34,243.71,243.77,73869
2026-05-05 15:10:00,243.77,243.84,243.7,243.74,209039
2026-05-05 15:15:00,243.74,243.8,243.67,243.77,118464
2026-05-05 15:20:00,243.77,243.97,243.7,243.84,117394
2026-05-05 15:25:00,243.84,244.17,243.65,244.11,120595
2026-05-06 09:15:00,243.6,244.02,243.54,243.61,87101
2026-05-06 09:20:00,243.61,244.05,243.52,243.96,228999
2026-05-06 09:25:00,243.96,244.22,243.74,243.84,65309
2026-05-06 09:30:00,243.84,243.86,243.61,243.63,204469
2026-05-06 09:35:00,243.63,243.65,243.23,243.29,100445
2026-05-06 09:40:00,243.29,243.65,243.22,243.53,129119
2026-05-06 09:45:00,243.53,243.88,243.52,243.82,89373
2026-05-06 09:50:00,243.82,243.89,243.63,243.67,95733
2026-05-06 09:55:00,243.67,243.85,243.67,243.85,86873
2026-05-06 10:00:00,243.85,243.94,243.78,243.9,72964
2026-05-06 10:05:00,243.9,244.02,243.81,243.86,44048
2026-05-06 10:10:00,243.86,244.0,243.78,243.86,96250
2026-05-06 10:15:00,243.86,244.2,243.84,244.19,103936
2026-05-06 10:20:00,244.19,244.2,243.97,243.97,185662
2026-05-06 10:25:00,243.97,244.01,243.85,243.89,60199
2026-05-06 10:30:00,243.89,243.93,243.68,243.72,79834
2026-05-06 10:35:00,243.72,243.79,243.48,243.54,36220
2026-05-06 10:40:00,243.54,243.54,243.42,243.42,74857
2026-05-06 10:45:00,243.42,243.43,243.13,243.15,104478
2026-05-06 10:50:00,243.15,243.36,243.1,243.31,71275
2026-05-06 10:55:00,243.31,243.37,243.16,243.22,55121
2026-05-06 11:00:00,243.22,243.33,243.18,243.31,86220
2026-05-06 11:05:00,243.31,243.48,243.26,243.42,44768
2026-05-06 11:10:00,243.42,243.45,243.27,243.32,65524
2026-05-06 11:15:00,243.32,243.36,243.19,243.28,112216
2026-05-06 11:20:00,243.28,243.41,243.26,243.28,101713
2026-05-06 11:25:00,243.28,243.31,243.14,243.3,107041
2026-05-06 11:30:00,243.3,243.35,243.05,243.05,111840
2026-05-06 11:35:00,243.05,243.1,242.92,243.02,85417
2026-05-06 11:40:00,243.02,243.03,242.88,242.91,58893
2026-05-06 11:45:00,242.91,243.13,242.9,243.03,70275
2026-05-06 11:50:00,243.03,243.24,243.01,243.22,87755
2026-05-06 11:55:00,243.22,243.47,243.21,243.42,43631
2026-05-06 12:00:00,243.42,243.46,243.21,243.26,133717
2026-05-06 12:05:00,243.26,243.33,243.25,243.29,72511
2026-05-06 12:10:00,243.29,243.39,243.18,243.21,71872
2026-05-06 12:15:00,243.21,243.27,243.13,243.16,29668
2026-05-06 12:20:00,243.16,243.23,243.05,243.22,121026
2026-05-06 12:25:00,243.22,243.36,243.1,243.19,94279
2026-05-06 12:30:00,243.19,243.34,243.18,243.3,80893
2026-05-06 12:35:00,243.3,243.44,243.3,243.33,57243
2026-05-06 12:40:00,243.33,243.38,242.92,242.98,78268
2026-05-06 12:45:00,242.98,243.15,242.96,242.96,65528
2026-05-06 12:50:00,242.96,243.08,242.85,242.86,45493
2026-05-06 12:55:00,242.86,242.88,242.77,242.8,39427
2026-05-06 13:00:00,242.8,242.81,242.57,242.59,128088
2026-05-06 13:05:00,242.59,242.65,242.41,242.58,77726
2026-05-06 13:10:00,242.58,242.68,242.28,242.3,139581
2026-05-06 13:15:00,242.3,242.52,242.19,242.52,69549
2026-05-06 13:20:00,242.52,242.52,242.16,242.17,145757
2026-05-06 13:25:00,242.17,242.32,242.14,242.25,48138
2026-05-06 13:30:00,242.25,242.28,242.12,242.23,54463
2026-05-06 13:35:00,242.23,242.32,242.03,242.3,95750
2026-05-06 13:40:00,242.3,242.36,242.25,242.34,65207
2026-05-06 13:45:00,242.34,242.37,242.06,242.06,88456
2026-05-06 13:50:00,242.06,242.12,241.79,241.86,67168
2026-05-06 13:55:00,241.86,242.05,241.75,241.89,132741
2026-05-06 14:00:00,241.89,241.94,241.77,241.79,90706
2026-05-06 14:05:00,241.79,242.06,241.78,242.03,39733
2026-05-06 14:10:00,242.03,242.03,241.9,241.98,69522
2026-05-06 14:15:00,241.98,242.0,241.86,241.98,87772
2026-05-06 14:20:00,241.98,242.27,241.96,242.27,59771
2026-05-06 14:25:00,242.27,242.3,242.03,242.04,76560
2026-05-06 14:30:00,242.04,242.25,241.89,242.22,76685
2026-05-06 14:35:00,242.22,242.53,242.2,242.45,111839
2026-05-06 14:40:00,242.45,242.57,242.41,242.43,83434
2026-05-06 14:45:00,242.43,242.55,242.31,242.5,79586
2026-05-06 14:50:00,242.5,242.59,242.27,242.4,48262
2026-05-06 14:55:00,242.4,242.66,242.39,242.61,164667
2026-05-06 15:00:00,242.61,242.68,242.45,242.49,139253
2026-05-06 15:05:00,242.49,242.49,242.08,242.14,91124
2026-05-06 15:10:00,242.14,242.3,241.97,242.19,127007
2026-05-06 15:15:00,242.19,242.3,242.07,242.3,115516
2026-05-06 15:20:00,242.3,242.47,242.18,242.3,162299
2026-05-06 15:25:00,242.3,242.38,241.9,241.95,116936
2026-05-07 09:15:00,242.85,243.43,242.81,243.29,139737
2026-05-07 09:20:00,243.29,243.32,242.86,242.9,93465
2026-05-07 09:25:00,242.9,242.94,242.6,242.69,139839
2026-05-07 09:30:00,242.69,242.89,242.67,242.85,148722
2026-05-07 09:35:00,242.85,243.05,242.44,242.49,92982
2026-05-07 09:40:00,242.49,242.58,242.44,242.52,208980
2026-05-07 09:45:00,242.52,242.57,242.36,242.41,80826
2026-05-07 09:50:00,242.41,242.56,242.36,242.5,84912
2026-05-07 09:55:00,242.5,242.71,242.47,242.59,103389
2026-05-07 10:00:00,242.59,242.98,242.53,242.95,88450
2026-05-07 10:05:00,242.95,242.97,242.72,242.81,81366
2026-05-07 10:10:00,242.81,242.84,242.65,242.65,75463
2026-05-07 10:15:00,242.65,242.7,242.49,242.65,112527
2026-05-07 10:20:00,242.65,242.73,242.43,242.45,73015
2026-05-07 10:25:00,242.45,242.5,242.26,242.32,69451
2026-05-07 10:30:00,242.32,242.35,242.08,242.11,55749
2026-05-07 10:35:00,242.11,242.15,241.91,241.93,59219
2026-05-07 10:40:00,241.93,242.2,241.88,242.2,119120
2026-05-07 10:45:00,242.2,242.4,242.19,242.36,100209
2026-05-07 10:50:00,242.36,242.48,242.28,242.4,95049
2026-05-07 10:55:00,242.4,242.42,242.18,242.27,39498
2026-05-07 11:00:00,242.27,242.41,242.19,242.34,56013
2026-05-07 11:05:00,242.34,242.4,242.21,242.32,40761
2026-05-07 11:10:00,242.32,242.69,242.32,242.66,45784
2026-05-07 11:15:00,242.66,242.76,242.54,242.75,97983
2026-05-07 11:20:00,242.75,242.96,242.74,242.86,56398
2026-05-07 11:25:00,242.86,242.97,242.83,242.84,76686
2026-05-07 11:30:00,242.84,243.0,242.82,242.89,105669
2026-05-07 11:35:00,242.89,242.96,242.74,242.77,57116
2026-05-07 11:40:00,242.77,242.78,242.48,242.49,32895
2026-05-07 11:45:00,242.49,242.55,242.36,242.46,140105
2026-05-07 11:50:00,242.46,242.58,242.38,242.56,56628
2026-05-07 11:55:00,242.56,242.73,242.56,242.71,160844
2026-05-07 12:00:00,242.71,242.78,242.62,242.66,60030
2026-05-07 12:05:00,242.66,242.68,242.51,242.58,63033
2026-05-07 12:10:00,242.58,242.6,242.49,242.49,58409
2026-05-07 12:15:00,242.49,242.5,242.27,242.31,105262
2026-05-07 12:20:00,242.31,242.44,242.27,242.43,73624
2026-05-07 12:25:00,242.43,242.7,242.42,242.69,79387
2026-05-07 12:30:00,242.69,242.88,242.68,242.84,67302
2026-05-07 12:35:00,242.84,242.99,242.75,242.83,78905
2026-05-07 12:40:00,242.83,242.95,242.8,242.89,90701
2026-05-07 12:45:00,242.89,242.99,242.8,242.82,88767
2026-05-07 12:50:00,242.82,242.86,242.65,242.82,61273
2026-05-07 12:55:00,242.82,242.88,242.78,242.85,76851
2026-05-07 13:00:00,242.85,242.87,242.78,242.78,60432
2026-05-07 13:05:00,242.78,242.98,242.74,242.97,158792
2026-05-07 13:10:00,242.97,243.06,242.97,243.02,154020
2026-05-07 13:15:00,243.02,243.06,242.92,243.05,102265
2026-05-07 13:20:00,243.05,243.13,242.92,242.92,65631
2026-05-07 13:25:00,242.92,242.97,242.72,242.82,71384
2026-05-07 13:30:00,242.82,242.87,242.73,242.76,77195
2026-05-07 13:35:00,242.76,242.79,242.64,242.65,70888
2026-05-07 13:40:00,242.65,242.87,242.6,242.69,58012
2026-05-07 13:45:00,242.69,242.69,242.39,242.43,49414
2026-05-07 13:50:00,242.43,242.55,242.42,242.52,77087
2026-05-07 13:55:00,242.52,242.65,242.44,242.58,90368
2026-05-07 14:00:00,242.58,242.86,242.57,242.78,81182
2026-05-07 14:05:00,242.78,242.99,242.74,242.79,57362
2026-05-07 14:10:00,242.79,242.82,242.7,242.72,65941
2026-05-07 14:15:00,242.72,242.72,242.47,242.5,69681
2026-05-07 14:20:00,242.5,242.65,242.38,242.64,55940
2026-05-07 14:25:00,242.64,243.0,242.63,242.98,82071
2026-05-07 14:30:00,242.98,243.1,242.83,243.06,94573
2026-05-07 14:35:00,243.06,243.08,242.72,242.88,89824
2026-05-07 14:40:00,242.88,242.89,242.65,242.67,74994
2026-05-07 14:45:00,242.67,243.03,242.61,243.01,89863
2026-05-07 14:50:00,243.01,243.19,242.91,242.94,155593
2026-05-07 14:55:00,242.94,242.99,242.77,242.77,53091
2026-05-07 15:00:00,242.77,242.85,242.54,242.63,63604
2026-05-07 15:05:00,242.63,242.91,242.55,242.71,77106
2026-05-07 15:10:00,242.71,243.08,242.65,243.05,72967
2026-05-07 15:15:00,243.05,243.29,242.82,242.92,106839
2026-05-07 15:20:00,242.92,243.24,242.89,243.17,116154
2026-05-07 15:25:00,243.17,243.28,242.97,243.19,194055
2026-05-08 09:15:00,242.72,243.16,242.7,243.11,109819
2026-05-08 09:20:00,243.11,243.38,242.9,243.33,171304
2026-05-08 09:25:00,243.33,243.6,243.1,243.51,171364
2026-05-08 09:30:00,243.51,243.84,243.49,243.79,206027
2026-05-08 09:35:00,243.79,243.86,243.53,243.59,79983
2026-05-08 09:40:00,243.59,243.86,243.57,243.78,156811
2026-05-08 09:45:00,243.78,244.0,243.76,243.91,77189
2026-05-08 09:50:00,243.91,243.98,243.54,243.65,112168
2026-05-08 09:55:00,243.65,243.67,243.36,243.36,90931
2026-05-08 10:00:00,243.36,243.44,243.09,243.12,82874
2026-05-08 10:05:00,243.12,243.15,242.71,242.76,71562
2026-05-08 10:10:00,242.76,242.89,242.73,242.76,60128
2026-05-08 10:15:00,242.76,242.86,242.4,242.47,116844
2026-05-08 10:20:00,242.47,242.5,242.26,242.33,41989
2026-05-08 10:25:00,242.33,242.39,242.31,242.31,92869
2026-05-08 10:30:00,242.31,242.48,242.16,242.45,48233
2026-05-08 10:35:00,242.45,242.48,242.31,242.37,39943
2026-05-08 10:40:00,242.37,242.44,242.19,242.23,53336
2026-05-08 10:45:00,242.23,242.42,242.15,242.39,110807
2026-05-08 10:50:00,242.39,242.52,242.29,242.49,130513
2026-05-08 10:55:00,242.49,242.5,242.38,242.39,53282
2026-05-08 11:00:00,242.39,242.43,242.16,242.41,62501
2026-05-08 11:05:00,242.41,242.41,242.24,242.25,51398
2026-05-08 11:10:00,242.25,242.31,242.24,242.29,69978
2026-05-08 11:15:00,242.29,242.33,242.14,242.27,64583
2026-05-08 11:20:00,242.27,242.3,242.15,242.16,49155
2026-05-08 11:25:00,242.16,242.32,242.12,242.29,68380
2026-05-08 11:30:00,242.29,242.3,242.14,242.14,60641
2026-05-08 11:35:00,242.14,242.18,241.74,241.76,64216
2026-05-08 11:40:00,241.76,241.79,241.59,241.63,73121
2026-05-08 11:45:00,241.63,241.7,241.6,241.63,79892
2026-05-08 11:50:00,241.63,241.64,241.47,241.59,107439
2026-05-08 11:55:00,241.59,241.76,241.58,241.74,44732
2026-05-08 12:00:00,241.74,241.78,241.6,241.66,65407
2026-05-08 12:05:00,241.66,241.87,241.53,241.85,54059
2026-05-08 12:10:00,241.85,241.87,241.59,241.68,79029
2026-05-08 12:15:00,241.68,241.9,241.63,241.78,115461
2026-05-08 12:20:00,241.78,241.84,241.77,241.8,87978
2026-05-08 12:25:00,241.8,241.89,241.77,241.88,97527
2026-05-08 12:30:00,241.88,241.93,241.77,241.81,93059
2026-05-08 12:35:00,241.81,241.88,241.64,241.68,95099
2026-05-08 12:40:00,241.68,241.76,241.68,241.74,90017
2026-05-08 12:45:00,241.74,241.76,241.67,241.7,56130
2026-05-08 12:50:00,241.7,241.97,241.62,241.96,76785
2026-05-08 12:55:00,241.96,242.04,241.92,241.99,60495
2026-05-08 13:00:00,241.99,242.06,241.9,241.98,81024
2026-05-08 13:05:00,241.98,242.37,241.98,242.37,78534
2026-05-08 13:10:00,242.37,242.45,242.19,242.26,75649
2026-05-08 13:15:00,242.26,242.31,242.12,242.31,142476
2026-05-08 13:20:00,242.31,242.44,242.21,242.41,60271
2026-05-08 13:25:00,242.41,242.44,242.23,242.25,72517
2026-05-08 13:30:00,242.25,242.29,242.09,242.11,103359
2026-05-08 13:35:00,242.11,242.23,242.07,242.21,87887
2026-05-08 13:40:00,242.21,242.41,242.2,242.38,102099
2026-05-08 13:45:00,242.38,242.56,242.38,242.38,50098
2026-05-08 13:50:00,242.38,242.6,242.32,242.54,66018
2026-05-08 13:55:00,242.54,242.7,242.47,242.5,36113
2026-05-08 14:00:00,242.5,242.7,242.42,242.65,89697
2026-05-08 14:05:00,242.65,242.82,242.63,242.76,41551
2026-05-08 14:10:00,242.76,242.98,242.72,242.92,65934
2026-05-08 14:15:00,242.92,243.02,242.87,242.99,54407
2026-05-08 14:20:00,242.99,243.1,242.91,243.1,84013
2026-05-08 14:25:00,243.1,243.16,243.03,243.08,66655
2026-05-08 14:30:00,243.08,243.21,243.06,243.18,79084
2026-05-08 14:35:00,243.18,243.58,243.17,243.57,116570
2026-05-08 14:40:00,243.57,243.9,243.56,243.77,78944
2026-05-08 14:45:00,243.77,243.83,243.47,243.79,89034
2026-05-08 14:50:00,243.79,243.94,243.73,243.92,106248
2026-05-08 14:55:00,243.92,243.99,243.81,243.89,180811
2026-05-08 15:00:00,243.89,243.99,243.75,243.94,106875
2026-05-08 15:05:00,243.94,244.08,243.86,243.99,86403
2026-05-08 15:10:00,243.99,244.18,243.98,244.05,76665
2026-05-08 15:15:00,244.05,244.21,244.05,244.13,139897
2026-05-08 15:20:00,244.13,244.33,244.0,244.03,270572
2026-05-08 15:25:00,244.03,244.23,243.86,244.05,155732
2026-05-11 09:15:00,244.48,244.9,244.17,244.31,227354
2026-05-11 09:20:00,244.31,244.58,244.23,244.53,192698
2026-05-11 09:25:00,244.53,244.91,244.37,244.69,126409
2026-05-11 09:30:00,244.69,245.1,244.64,244.99,90760
2026-05-11 09:35:00,244.99,245.19,244.83,244.98,161894
2026-05-11 09:40:00,244.98,245.05,244.55,244.58,107991
2026-05-11 09:45:00,244.58,244.59,244.12,244.22,156200
2026-05-11 09:50:00,244.22,244.42,244.11,244.36,67877
2026-05-11 09:55:00,244.36,244.4,244.13,244.22,134955
2026-05-11 10:00:00,244.22,244.24,244.01,244.05,179939
2026-05-11 10:05:00,244.05,244.24,243.95,244.17,94081
2026-05-11 10:10:00,244.17,244.24,244.11,244.17,106018
2026-05-11 10:15:00,244.17,244.27,243.96,244.19,52003
2026-05-11 10:20:00,244.19,244.31,244.09,244.1,66686
2026-05-11 10:25:00,244.1,244.33,244.05,244.23,67827
2026-05-11 10:30:00,244.23,244.33,244.18,244.32,37142
2026-05-11 10:35:00,244.32,244.37,244.11,244.15,75216
2026-05-11 10:40:00,244.15,244.2,244.12,244.16,148884
2026-05-11 10:45:00,244.16,244.47,244.04,244.43,79506
2026-05-11 10:50:00,244.43,244.46,244.35,244.45,58823
2026-05-11 10:55:00,244.45,244.61,244.33,244.57,89116
2026-05-11 11:00:00,244.57,244.76,244.54,244.59,111113
2026-05-11 11:05:00,244.59,244.67,244.47,244.63,73079
2026-05-11 11:10:00,244.63,244.76,244.56,244.66,29941
2026-05-11 11:15:00,244.66,244.66,244.43,244.5,78196
2026-05-11 11:20:00,244.5,244.6,244.34,244.57,52158
2026-05-11 11:25:00,244.57,244.6,244.29,244.3,55960
2026-05-11 11:30:00,244.3,244.35,244.09,244.12,106752
2026-05-11 11:35:00,244.12,244.18,243.87,243.92,79108
2026-05-11 11:40:00,243.92,244.03,243.91,243.92,67735
2026-05-11 11:45:00,243.92,244.05,243.9,243.94,73733
2026-05-11 11:50:00,243.94,244.24,243.92,244.2,33283
2026-05-11 11:55:00,244.2,244.33,244.16,244.16,80556
2026-05-11 12:00:00,244.16,244.47,244.14,244.45,77403
2026-05-11 12:05:00,244.45,244.46,244.39,244.42,56593
2026-05-11 12:10:00,244.42,244.57,244.29,244.42,93293
2026-05-11 12:15:00,244.42,244.55,244.27,244.41,67862
2026-05-11 12:20:00,244.41,244.45,244.32,244.36,49655
2026-05-11 12:25:00,244.36,244.37,244.2,244.34,72156
2026-05-11 12:30:00,244.34,244.38,244.18,244.2,103454
2026-05-11 12:35:00,244.2,244.31,244.18,244.21,101912
2026-05-11 12:40:00,244.21,244.5,244.21,244.48,122556
2026-05-11 12:45:00,244.48,244.56,244.43,244.54,111291
2026-05-11 12:50:00,244.54,244.57,244.26,244.31,60256
2026-05-11 12:55:00,244.31,244.38,244.25,244.32,43895
2026-05-11 13:00:00,244.32,244.54,244.29,244.53,77431
2026-05-11 13:05:00,244.53,244.7,244.49,244.56,103242
2026-05-11 13:10:00,244.56,244.61,244.36,244.55,83443
2026-05-11 13:15:00,244.55,244.56,244.1,244.1,67822
2026-05-11 13:20:00,244.1,244.21,243.97,244.02,61231
2026-05-11 13:25:00,244.02,244.09,243.85,243.88,41189
2026-05-11 13:30:00,243.88,244.05,243.86,243.95,50118
2026-05-11 13:35:00,243.95,244.04,243.88,244.04,76980
2026-05-11 13:40:00,244.04,244.16,243.9,243.98,72585
2026-05-11 13:45:00,243.98,244.07,243.78,243.86,76106
2026-05-11 13:50:00,243.86,244.09,243.85,244.01,92321
2026-05-11 13:55:00,244.01,244.12,243.99,244.08,72715
2026-05-11 14:00:00,244.08,244.18,243.96,244.12,59260
2026-05-11 14:05:00,244.12,244.24,244.12,244.22,158301
2026-05-11 14:10:00,244.22,244.27,243.94,244.03,68958
2026-05-11 14:15:00,244.03,244.34,243.98,244.31,92616
2026-05-11 14:20:00,244.31,244.56,244.29,244.52,90571
2026-05-11 14:25:00,244.52,244.54,244.3,244.34,82303
2026-05-11 14:30:00,244.34,244.88,244.32,244.86,31128
2026-05-11 14:35:00,244.86,245.08,244.83,244.88,110240
2026-05-11 14:40:00,244.88,244.88,244.57,244.67,122326
2026-05-11 14:45:00,244.67,244.96,244.61,244.96,55722
2026-05-11 14:50:00,244.96,245.13,244.96,245.08,83216
2026-05-11 14:55:00,245.08,245.27,244.96,245.14,125229
2026-05-11 15:00:00,245.14,245.25,245.05,245.11,115907
2026-05-11 15:05:00,245.11,245.37,245.04,245.32,76707
2026-05-11 15:10:00,245.32,245.46,245.29,245.41,114119
2026-05-11 15:15:00,245.41,245.52,245.34,245.48,73395
2026-05-11 15:20:00,245.48,245.64,245.28,245.63,204722
2026-05-11 15:25:00,245.63,245.82,245.55,245.59,198838
2026-05-12 09:15:00,246.99,246.99,246.58,246.82,235171
2026-05-12 09:20:00,246.82,246.98,246.5,246.59,167139
2026-05-12 09:25:00,246.59,247.11,246.53,247.09,209336
2026-05-12 09:30:00,247.09,247.43,246.94,247.39,82724
2026-05-12 09:35:00,247.39,247.96,247.33,247.8,181824
2026-05-12 09:40:00,247.8,248.05,247.76,247.95,131179
2026-05-12 09:45:00,247.95,248.34,247.92,248.24,105122
2026-05-12 09:50:00,248.24,248.26,247.88,247.99,102741
2026-05-12 09:55:00,247.99,248.11,247.89,248.07,66342
2026-05-12 10:00:00,248.07,248.32,248.03,248.27,67585
2026-05-12 10:05:00,248.27,248.27,248.05,248.13,64081
2026-05-12 10:10:00,248.13,248.15,247.88,248.11,76864
2026-05-12 10:15:00,248.11,248.31,248.07,248.28,50406
2026-05-12 10:20:00,248.28,248.35,248.21,248.23,63521
2026-05-12 10:25:00,248.23,248.48,248.2,248.3,80748
2026-05-12 10:30:00,248.3,248.47,248.29,248.29,113257
2026-05-12 10:35:00,248.29,248.33,247.91,247.96,124474
2026-05-12 10:40:00,247.96,248.03,247.79,247.8,91435
2026-05-12 10:45:00,247.8,247.82,247.43,247.44,57658
2026-05-12 10:50:00,247.44,247.52,247.33,247.35,65198
2026-05-12 10:55:00,247.35,247.52,247.35,247.36,70509
2026-05-12 11:00:00,247.36,247.4,247.32,247.34,70547
2026-05-12 11:05:00,247.34,247.44,247.3,247.39,51642
2026-05-12 11:10:00,247.39,247.42,247.18,247.26,134258
2026-05-12 11:15:00,247.26,247.33,247.15,247.31,50881
2026-05-12 11:20:00,247.31,247.37,247.16,247.25,54094
2026-05-12 11:25:00,247.25,247.3,247.18,247.18,86254
2026-05-12 11:30:00,247.18,247.41,247.17,247.37,79591
2026-05-12 11:35:00,247.37,247.45,247.24,247.37,84663
2026-05-12 11:40:00,247.37,247.46,247.34,247.45,51802
2026-05-12 11:45:00,247.45,247.54,247.44,247.47,105094
2026-05-12 11:50:00,247.47,247.47,247.36,247.42,36209
2026-05-12 11:55:00,247.42,247.47,247.18,247.24,130249
2026-05-12 12:00:00,247.24,247.25,246.92,246.95,68778
2026-05-12 12:05:00,246.95,247.02,246.86,246.93,83258
2026-05-12 12:10:00,246.93,246.98,246.79,246.92,70876
2026-05-12 12:15:00,246.92,247.05,246.8,246.86,58523
2026-05-12 12:20:00,246.86,247.04,246.74,246.8,65225
2026-05-12 12:25:00,246.8,246.8,246.61,246.78,62621
2026-05-12 12:30:00,246.78,247.05,246.72,246.74,45575
2026-05-12 12:35:00,246.74,246.75,246.64,246.66,82496
2026-05-12 12:40:00,246.66,246.67,246.54,246.63,88590
2026-05-12 12:45:00,246.63,246.94,246.63,246.89,63552
2026-05-12 12:50:00,246.89,247.05,246.83,246.84,96298
2026-05-12 12:55:00,246.84,246.91,246.78,246.82,55570
2026-05-12 13:00:00,246.82,246.83,246.38,246.38,101443
2026-05-12 13:05:00,246.38,246.42,246.31,246.33,52186
2026-05-12 13:10:00,246.33,246.41,246.27,246.34,65338
2026-05-12 13:15:00,246.34,246.36,245.92,245.94,57234
2026-05-12 13:20:00,245.94,245.95,245.68,245.75,75508
2026-05-12 13:25:00,245.75,245.79,245.62,245.65,83783
2026-05-12 13:30:00,245.65,245.88,245.57,245.61,92314
2026-05-12 13:35:00,245.61,245.66,245.45,245.48,78633
2026-05-12 13:40:00,245.48,245.54,245.27,245.28,68584
2026-05-12 13:45:00,245.28,245.28,245.14,245.21,60747
2026-05-12 13:50:00,245.21,245.26,244.99,245.0,126514
2026-05-12 13:55:00,245.0,245.05,244.77,244.78,98759
2026-05-12 14:00:00,244.78,244.85,244.76,244.8,91472
2026-05-12 14:05:00,244.8,244.84,244.54,244.62,71999
2026-05-12 14:10:00,244.62,244.86,244.62,244.67,97339
2026-05-12 14:15:00,244.67,244.9,244.61,244.87,90842
2026-05-12 14:20:00,244.87,244.98,244.82,244.84,72984
2026-05-12 14:25:00,244.84,244.9,244.57,244.57,85687
2026-05-12 14:30:00,244.57,244.68,244.31,244.4,46782
2026-05-12 14:35:00,244.4,244.46,244.27,244.36,117784
2026-05-12 14:40:00,244.36,244.46,244.21,244.31,98698
2026-05-12 14:45:00,244.31,244.34,244.17,244.29,70698
2026-05-12 14:50:00,244.29,244.62,244.16,244.59,125401
2026-05-12 14:55:00,244.59,244.62,244.34,244.38,159864
2026-05-12 15:00:00,244.38,244.48,244.2,244.25,74677
2026-05-12 15:05:00,244.25,244.54,244.17,244.52,93591
2026-05-12 15:10:00,244.52,244.82,244.3,244.72,104025
2026-05-12 15:15:00,244.72,244.87,244.44,244.45,119078
2026-05-12 15:20:00,244.45,244.95,244.41,244.87,67016
2026-05-12 15:25:00,244.87,245.21,244.83,244.95,158839
2026-05-13 09:15:00,244.56,244.84,244.21,244.55,207022
2026-05-13 09:20:00,244.55,245.36,244.49,245.28,211634
2026-05-13 09:25:00,245.28,246.19,245.19,246.17,152570
2026-05-13 09:30:00,246.17,246.21,245.84,245.95,201587
2026-05-13 09:35:00,245.95,246.03,245.55,245.61,128697
2026-05-13 09:40:00,245.61,245.68,245.19,245.31,87936
2026-05-13 09:45:00,245.31,245.44,245.03,245.34,153193
2026-05-13 09:50:00,245.34,245.36,244.83,244.9,89530
2026-05-13 09:55:00,244.9,244.91,244.37,244.38,59597
2026-05-13 10:00:00,244.38,244.74,244.35,244.59,79978
2026-05-13 10:05:00,244.59,244.62,244.41,244.55,95009
2026-05-13 10:10:00,244.55,244.56,244.18,244.28,68271
2026-05-13 10:15:00,244.28,244.35,244.11,244.14,46583
2026-05-13 10:20:00,244.14,244.24,244.06,244.16,66907
2026-05-13 10:25:00,244.16,244.24,244.0,244.18,39170
2026-05-13 10:30:00,244.18,244.33,244.16,244.3,45252
2026-05-13 10:35:00,244.3,244.46,244.27,244.42,40680
2026-05-13 10:40:00,244.42,244.49,244.28,244.33,83072
2026-05-13 10:45:00,244.33,244.49,244.31,244.41,72467
2026-05-13 10:50:00,244.41,244.65,244.34,244.6,75093
2026-05-13 10:55:00,244.6,245.0,244.58,244.99,71174
2026-05-13 11:00:00,244.99,245.11,244.9,244.94,41812
2026-05-13 11:05:00,244.94,244.99,244.76,244.88,62504
2026-05-13 11:10:00,244.88,245.08,244.85,245.02,71559
2026-05-13 11:15:00,245.02,245.13,244.97,245.08,115525
2026-05-13 11:20:00,245.08,245.1,244.91,244.98,68910
2026-05-13 11:25:00,244.98,245.12,244.88,245.06,62138
2026-05-13 11:30:00,245.06,245.18,244.94,245.01,67895
2026-05-13 11:35:00,245.01,245.14,244.94,244.98,180852
2026-05-13 11:40:00,244.98,245.04,244.77,244.81,67079
2026-05-13 11:45:00,244.81,244.89,244.66,244.83,84687
2026-05-13 11:50:00,244.83,244.87,244.65,244.67,123707
2026-05-13 11:55:00,244.67,244.78,244.58,244.62,44227
2026-05-13 12:00:00,244.62,244.77,244.34,244.34,79921
2026-05-13 12:05:00,244.34,244.44,244.15,244.17,73786
2026-05-13 12:10:00,244.17,244.3,244.15,244.29,64893
2026-05-13 12:15:00,244.29,244.56,244.19,244.55,94210
2026-05-13 12:20:00,244.55,244.66,244.29,244.33,62444
2026-05-13 12:25:00,244.33,244.52,244.27,244.49,106522
2026-05-13 12:30:00,244.49,244.53,244.31,244.41,83266
2026-05-13 12:35:00,244.41,244.58,244.32,244.51,48093
2026-05-13 12:40:00,244.51,244.64,244.47,244.54,104932
2026-05-13 12:45:00,244.54,244.78,244.51,244.71,78083
2026-05-13 12:50:00,244.71,244.95,244.67,244.93,69265
2026-05-13 12:55:00,244.93,244.95,244.81,244.87,73695
2026-05-13 13:00:00,244.87,244.88,244.7,244.71,41398
2026-05-13 13:05:00,244.71,244.75,244.53,244.68,87758
2026-05-13 13:10:00,244.68,244.7,244.52,244.53,73981
2026-05-13 13:15:00,244.53,244.68,244.51,244.67,51588
2026-05-13 13:20:00,244.67,244.86,244.64,244.74,68720
2026-05-13 13:25:00,244.74,244.92,244.67,244.88,91470
2026-05-13 13:30:00,244.88,245.0,244.84,244.97,83699
2026-05-13 13:35:00,244.97,245.26,244.88,245.21,55594
2026-05-13 13:40:00,245.21,245.29,245.12,245.22,36885
2026-05-13 13:45:00,245.22,245.27,245.03,245.07,44317
2026-05-13 13:50:00,245.07,245.48,245.02,245.48,91531
2026-05-13 13:55:00,245.48,245.92,245.41,245.91,47716
2026-05-13 14:00:00,245.91,245.92,245.69,245.83,131105
2026-05-13 14:05:00,245.83,246.09,245.82,246.04,99489
2026-05-13 14:10:00,246.04,246.35,246.01,246.29,96194
2026-05-13 14:15:00,246.29,246.47,246.16,246.47,147520
2026-05-13 14:20:00,246.47,246.81,246.45,246.73,131691
2026-05-13 14:25:00,246.73,246.73,246.59,246.69,146524
2026-05-13 14:30:00,246.69,246.71,246.48,246.62,72788
2026-05-13 14:35:00,246.62,246.87,246.6,246.8,115461
2026-05-13 14:40:00,246.8,246.95,246.5,246.53,88390
2026-05-13 14:45:00,246.53,246.69,246.46,246.59,189532
2026-05-13 14:50:00,246.59,246.63,246.36,246.58,126682
2026-05-13 14:55:00,246.58,246.84,246.51,246.78,86322
2026-05-13 15:00:00,246.78,247.01,246.5,246.99,70693
2026-05-13 15:05:00,246.99,247.21,246.94,247.1,88661
2026-05-13 15:10:00,247.1,247.17,246.9,247.02,162627
2026-05-13 15:15:00,247.02,247.29,246.94,247.15,127696
2026-05-13 15:20:00,247.15,247.37,246.44,246.52,157070
2026-05-13 15:25:00,246.52,246.72,246.51,246.66,64627
2026-05-14 09:15:00,247.64,247.68,247.3,247.65,63993
2026-05-14 09:20:00,247.65,247.72,246.68,247.01,227579
2026-05-14 09:25:00,247.01,247.2,246.72,246.84,102717
2026-05-14 09:30:00,246.84,246.99,246.45,246.48,185736
2026-05-14 09:35:00,246.48,246.54,246.13,246.16,236967
2026-05-14 09:40:00,246.16,246.34,246.03,246.21,132947
2026-05-14 09:45:00,246.21,246.49,246.13,246.43,107260
2026-05-14 09:50:00,246.43,246.56,246.33,246.45,100140
2026-05-14 09:55:00,246.45,246.5,246.24,246.3,122210
2026-05-14 10:00:00,246.3,246.39,246.17,246.21,76534
2026-05-14 10:05:00,246.21,246.37,246.18,246.36,114626
2026-05-14 10:10:00,246.36,246.38,246.28,246.33,114281
2026-05-14 10:15:00,246.33,246.38,246.15,246.17,76603
2026-05-14 10:20:00,246.17,246.41,246.15,246.35,88406
2026-05-14 10:25:00,246.35,246.37,246.26,246.35,74013
2026-05-14 10:30:00,246.35,246.59,246.28,246.4,58861
2026-05-14 10:35:00,246.4,246.52,246.34,246.47,46878
2026-05-14 10:40:00,246.47,246.58,246.39,246.52,74443
2026-05-14 10:45:00,246.52,246.58,246.42,246.54,84552
2026-05-14 10:50:00,246.54,246.61,246.5,246.51,55051
2026-05-14 10:55:00,246.51,246.77,246.47,246.57,43395
2026-05-14 11:00:00,246.57,246.64,246.44,246.61,90284
2026-05-14 11:05:00,246.61,246.73,246.54,246.58,79005
2026-05-14 11:10:00,246.58,246.77,246.58,246.61,57662
2026-05-14 11:15:00,246.61,246.82,246.61,246.7,88008
2026-05-14 11:20:00,246.7,246.74,246.5,246.59,46247
2026-05-14 11:25:00,246.59,246.67,246.56,246.64,77175
2026-05-14 11:30:00,246.64,246.71,246.4,246.48,72697
2026-05-14 11:35:00,246.48,246.78,246.47,246.63,82765
2026-05-14 11:40:00,246.63,246.92,246.58,246.92,147774
2026-05-14 11:45:00,246.92,247.14,246.86,247.06,86183
2026-05-14 11:50:00,247.06,247.34,247.04,247.3,63298
2026-05-14 11:55:00,247.3,247.53,247.21,247.39,104023
2026-05-14 12:00:00,247.39,247.43,247.18,247.18,166330
2026-05-14 12:05:00,247.18,247.36,247.15,247.19,66337
2026-05-14 12:10:00,247.19,247.21,246.96,247.02,47521
2026-05-14 12:15:00,247.02,247.06,246.94,247.06,72424
2026-05-14 12:20:00,247.06,247.18,246.94,246.94,62733
2026-05-14 12:25:00,246.94,247.16,246.86,246.89,119206
2026-05-14 12:30:00,246.89,246.94,246.67,246.76,65430
2026-05-14 12:35:00,246.76,246.87,246.61,246.75,136500
2026-05-14 12:40:00,246.75,246.77,246.38,246.55,80791
2026-05-14 12:45:00,246.55,246.58,246.33,246.52,99571
2026-05-14 12:50:00,246.52,246.64,246.52,246.6,131720
2026-05-14 12:55:00,246.6,246.64,246.26,246.3,79171
2026-05-14 13:00:00,246.3,246.32,246.06,246.09,55107
2026-05-14 13:05:00,246.09,246.42,246.01,246.35,89694
2026-05-14 13:10:00,246.35,246.41,246.24,246.31,67231
2026-05-14 13:15:00,246.31,246.4,246.09,246.4,74628
2026-05-14 13:20:00,246.4,246.45,246.19,246.2,56026
2026-05-14 13:25:00,246.2,246.4,246.18,246.25,91135
2026-05-14 13:30:00,246.25,246.47,246.16,246.42,58713
2026-05-14 13:35:00,246.42,246.48,246.16,246.24,117567
2026-05-14 13:40:00,246.24,246.26,246.06,246.14,36188
2026-05-14 13:45:00,246.14,246.45,246.14,246.44,95383
2026-05-14 13:50:00,246.44,246.5,246.39,246.43,74745
2026-05-14 13:55:00,246.43,246.61,246.36,246.59,122537
2026-05-14 14:00:00,246.59,246.7,246.52,246.53,63969
2026-05-14 14:05:00,246.53,246.53,246.3,246.34,65152
2026-05-14 14:10:00,246.34,246.37,246.06,246.23,107502
2026-05-14 14:15:00,246.23,246.29,246.12,246.26,87747
2026-05-14 14:20:00,246.26,246.67,246.17,246.64,55626
2026-05-14 14:25:00,246.64,246.79,246.45,246.56,118465
2026-05-14 14:30:00,246.56,246.57,246.19,246.21,93119
2026-05-14 14:35:00,246.21,246.24,246.02,246.09,133975
2026-05-14 14:40:00,246.09,246.41,246.0,246.33,93824
2026-05-14 14:45:00,246.33,246.58,246.31,246.42,84932
2026-05-14 14:50:00,246.42,246.58,246.31,246.46,70658
2026-05-14 14:55:00,246.46,246.49,245.97,246.01,88105
2026-05-14 15:00:00,246.01,246.05,245.5,245.54,141056
2026-05-14 15:05:00,245.54,245.58,245.26,245.38,64472
2026-05-14 15:10:00,245.38,245.47,245.2,245.26,134937
2026-05-14 15:15:00,245.26,245.28,244.58,244.63,78871
2026-05-14 15:20:00,244.63,244.67,244.5,244.51,187518
2026-05-14 15:25:00,244.51,244.74,244.43,244.52,192549
2026-05-15 09:15:00,245.22,245.72,245.13,245.67,171821
2026-05-15 09:20:00,245.67,246.34,245.66,245.95,179491
2026-05-15 09:25:00,245.95,246.46,245.93,246.27,125577
2026-05-15 09:30:00,246.27,246.47,246.01,246.36,156607
2026-05-15 09:35:00,246.36,246.87,246.31,246.8,159299
2026-05-15 09:40:00,246.8,247.2,246.72,246.89,241311
2026-05-15 09:45:00,246.89,247.34,246.87,247.29,116498
2026-05-15 09:50:00,247.29,247.41,247.06,247.17,43485
2026-05-15 09:55:00,247.17,247.24,247.03,247.18,75894
2026-05-15 10:00:00,247.18,247.41,247.0,247.21,106614
2026-05-15 10:05:00,247.21,247.36,247.14,247.15,83474
2026-05-15 10:10:00,247.15,247.16,246.89,247.04,108668
2026-05-15 10:15:00,247.04,247.05,246.62,246.66,62813
2026-05-15 10:20:00,246.66,247.08,246.62,247.03,124530
2026-05-15 10:25:00,247.03,247.46,246.96,247.24,80508
2026-05-15 10:30:00,247.24,247.49,247.16,247.47,145478
2026-05-15 10:35:00,247.47,247.56,247.39,247.52,64483
2026-05-15 10:40:00,247.52,247.9,247.51,247.86,104659
2026-05-15 10:45:00,247.86,248.15,247.77,248.0,75590
2026-05-15 10:50:00,248.0,248.16,247.94,248.14,101787
2026-05-15 10:55:00,248.14,248.22,247.71,247.72,103932
2026-05-15 11:00:00,247.72,247.94,247.7,247.91,129542
2026-05-15 11:05:00,247.91,247.95,247.66,247.72,87898
2026-05-15 11:10:00,247.72,247.81,247.67,247.8,65992
2026-05-15 11:15:00,247.8,247.86,247.5,247.51,73489
2026-05-15 11:20:00,247.51,247.55,247.43,247.48,58031
2026-05-15 11:25:00,247.48,247.58,247.24,247.36,84153
2026-05-15 11:30:00,247.36,247.39,246.95,246.98,100114
2026-05-15 11:35:00,246.98,247.15,246.69,246.76,71373
2026-05-15 11:40:00,246.76,246.77,246.42,246.62,68574
2026-05-15 11:45:00,246.62,246.7,246.38,246.39,110331
2026-05-15 11:50:00,246.39,246.45,246.23,246.28,75048
2026-05-15 11:55:00,246.28,246.43,246.25,246.42,52620
2026-05-15 12:00:00,246.42,246.48,246.29,246.33,57082
2026-05-15 12:05:00,246.33,246.54,246.28,246.37,66496
2026-05-15 12:10:00,246.37,246.58,246.36,246.52,75193
2026-05-15 12:15:00,246.52,246.62,246.44,246.56,56264
2026-05-15 12:20:00,246.56,246.61,246.36,246.39,81215
2026-05-15 12:25:00,246.39,246.41,246.09,246.27,75946
2026-05-15 12:30:00,246.27,246.43,246.17,246.39,52471
2026-05-15 12:35:00,246.39,246.73,246.37,246.6,61198
2026-05-15 12:40:00,246.6,246.91,246.55,246.85,90603
2026-05-15 12:45:00,246.85,247.14,246.84,246.92,122600
2026-05-15 12:50:00,246.92,247.0,246.83,246.93,82369
2026-05-15 12:55:00,246.93,246.98,246.71,246.9,60137
2026-05-15 13:00:00,246.9,247.16,246.86,247.09,59018
2026-05-15 13:05:00,247.09,247.52,247.08,247.49,76464
2026-05-15 13:10:00,247.49,247.51,247.25,247.34,63211
2026-05-15 13:15:00,247.34,247.37,246.97,247.04,92088
2026-05-15 13:20:00,247.04,247.18,246.96,246.96,80517
2026-05-15 13:25:00,246.96,247.37,246.95,247.31,88834
2026-05-15 13:30:00,247.31,247.37,247.16,247.32,83371
2026-05-15 13:35:00,247.32,247.38,246.97,247.2,53815
2026-05-15 13:40:00,247.2,247.25,246.96,247.09,91507
2026-05-15 13:45:00,247.09,247.31,247.06,247.13,43463
2026-05-15 13:50:00,247.13,247.18,246.59,246.66,78977
2026-05-15 13:55:00,246.66,246.72,246.47,246.5,101940
2026-05-15 14:00:00,246.5,246.9,246.48,246.81,74135
2026-05-15 14:05:00,246.81,246.96,246.8,246.87,44991
2026-05-15 14:10:00,246.87,247.04,246.58,246.97,111734
2026-05-15 14:15:00,246.97,247.31,246.95,247.19,52723
2026-05-15 14:20:00,247.19,247.29,246.97,247.05,70724
2026-05-15 14:25:00,247.05,247.14,246.96,247.03,39853
2026-05-15 14:30:00,247.03,247.29,246.99,247.26,88030
2026-05-15 14:35:00,247.26,247.35,247.09,247.25,65744
2026-05-15 14:40:00,247.25,247.31,247.08,247.31,119591
2026-05-15 14:45:00,247.31,247.53,247.21,247.52,139760
2026-05-15 14:50:00,247.52,247.64,247.43,247.49,111979
2026-05-15 14:55:00,247.49,247.67,247.13,247.24,103189
2026-05-15 15:00:00,247.24,247.31,247.06,247.06,52462
2026-05-15 15:05:00,247.06,247.37,246.93,246.96,56939
2026-05-15 15:10:00,246.96,247.03,246.62,246.66,95441
2026-05-15 15:15:00,246.66,246.7,246.21,246.36,121122
2026-05-15 15:20:00,246.36,246.79,246.28,246.69,137665
2026-05-15 15:25:00,246.69,247.0,246.6,246.9,148495
2026-05-18 09:15:00,246.18,246.87,245.99,246.75,175961
2026-05-18 09:20:00,246.75,246.95,246.53,246.63,306536
2026-05-18 09:25:00,246.63,247.54,246.62,247.45,289214
2026-05-18 09:30:00,247.45,247.55,247.14,247.33,116767
2026-05-18 09:35:00,247.33,247.77,247.2,247.31,85002
2026-05-18 09:40:00,247.31,247.36,246.68,246.79,84086
2026-05-18 09:45:00,246.79,247.31,246.63,246.73,99197
2026-05-18 09:50:00,246.73,246.83,245.85,245.93,96622
2026-05-18 09:55:00,245.93,245.96,245.64,245.84,147746
2026-05-18 10:00:00,245.84,246.02,245.82,245.9,83250
2026-05-18 10:05:00,245.9,246.33,245.83,246.21,72371
2026-05-18 10:10:00,246.21,246.31,245.91,246.26,86511
2026-05-18 10:15:00,246.26,246.44,245.98,245.98,87726
2026-05-18 10:20:00,245.98,246.47,245.96,246.25,110306
2026-05-18 10:25:00,246.25,246.58,246.14,246.56,64215
2026-05-18 10:30:00,246.56,246.68,246.13,246.26,72677
2026-05-18 10:35:00,246.26,246.33,246.08,246.21,40487
2026-05-18 10:40:00,246.21,246.43,246.12,246.22,145971
2026-05-18 10:45:00,246.22,246.26,245.85,245.96,146012
2026-05-18 10:50:00,245.96,246.21,245.92,246.14,59049
2026-05-18 10:55:00,246.14,246.29,246.09,246.28,65105
2026-05-18 11:00:00,246.28,246.37,245.8,246.03,83408
2026-05-18 11:05:00,246.03,246.19,245.93,246.07,56599
2026-05-18 11:10:00,246.07,246.17,245.93,246.13,49406
2026-05-18 11:15:00,246.13,246.17,245.78,245.82,69871
2026-05-18 11:20:00,245.82,245.83,245.58,245.69,63532
2026-05-18 11:25:00,245.69,245.96,245.46,245.57,48205
2026-05-18 11:30:00,245.57,245.6,245.43,245.49,156552
2026-05-18 11:35:00,245.49,245.71,245.3,245.64,52973
2026-05-18 11:40:00,245.64,246.14,245.6,245.97,137463
2026-05-18 11:45:00,245.97,246.06,245.6,245.81,74571
2026-05-18 11:50:00,245.81,246.08,245.74,246.01,29407
2026-05-18 11:55:00,246.01,246.22,245.98,246.01,52266
2026-05-18 12:00:00,246.01,246.08,245.95,245.97,48176
2026-05-18 12:05:00,245.97,246.15,245.9,246.1,82030
2026-05-18 12:10:00,246.1,246.66,246.02,246.62,89038
2026-05-18 12:15:00,246.62,246.74,246.6,246.71,98161
2026-05-18 12:20:00,246.71,246.87,246.36,246.46,80063
2026-05-18 12:25:00,246.46,246.55,246.25,246.41,87095
2026-05-18 12:30:00,246.41,246.54,246.19,246.2,48825
2026-05-18 12:35:00,246.2,246.73,246.18,246.67,111023
2026-05-18 12:40:00,246.67,246.74,246.38,246.48,49795
2026-05-18 12:45:00,246.48,246.55,246.1,246.33,65773
2026-05-18 12:50:00,246.33,246.53,246.32,246.47,98039
2026-05-18 12:55:00,246.47,246.6,246.21,246.48,82904
2026-05-18 13:00:00,246.48,246.51,246.12,246.21,66034
2026-05-18 13:05:00,246.21,246.29,245.97,245.97,48024
2026-05-18 13:10:00,245.97,246.0,245.7,245.8,65611
2026-05-18 13:15:00,245.8,245.82,245.57,245.68,99988
2026-05-18 13:20:00,245.68,246.17,245.63,246.12,85413
2026-05-18 13:25:00,246.12,246.45,246.1,246.44,73478
2026-05-18 13:30:00,246.44,246.56,246.07,246.11,78320
2026-05-18 13:35:00,246.11,246.57,246.06,246.43,75870
2026-05-18 13:40:00,246.43,246.45,246.17,246.25,58058
2026-05-18 13:45:00,246.25,246.26,245.95,246.18,53533
2026-05-18 13:50:00,246.18,246.43,246.11,246.37,76315
2026-05-18 13:55:00,246.37,246.47,246.34,246.38,78176
2026-05-18 14:00:00,246.38,246.38,245.88,245.95,42628
2026-05-18 14:05:00,245.95,246.11,245.41,245.52,82009
2026-05-18 14:10:00,245.52,245.75,245.4,245.74,141312
2026-05-18 14:15:00,245.74,246.02,245.72,245.98,55477
2026-05-18 14:20:00,245.98,246.19,245.89,245.91,81992
2026-05-18 14:25:00,245.91,246.09,245.77,245.92,144469
2026-05-18 14:30:00,245.92,246.42,245.8,246.27,110031
2026-05-18 14:35:00,246.27,246.68,246.24,246.66,90319
2026-05-18 14:40:00,246.66,246.96,246.61,246.86,75433
2026-05-18 14:45:00,246.86,247.0,246.61,246.86,129393
2026-05-18 14:50:00,246.86,247.25,246.85,247.23,79844
2026-05-18 14:55:00,247.23,247.23,246.84,246.91,109594
2026-05-18 15:00:00,246.91,247.2,246.44,246.6,174208
2026-05-18 15:05:00,246.6,246.74,246.12,246.51,148854
2026-05-18 15:10:00,246.51,247.08,246.39,246.99,72422
2026-05-18 15:15:00,246.99,247.43,246.96,247.13,104533
2026-05-18 15:20:00,247.13,247.35,246.28,246.43,245048
2026-05-18 15:25:00,246.43,246.77,246.19,246.22,247146
2026-05-19 09:15:00,247.06,247.35,246.3,246.75,168991
2026-05-19 09:20:00,246.75,246.8,246.25,246.32,111710
2026-05-19 09:25:00,246.32,246.35,245.82,245.86,124754
2026-05-19 09:30:00,245.86,245.89,245.05,245.68,133971
2026-05-19 09:35:00,245.68,246.14,245.66,246.11,140155
2026-05-19 09:40:00,246.11,246.33,245.67,245.84,151767
2026-05-19 09:45:00,245.84,245.88,245.15,245.3,78816
2026-05-19 09:50:00,245.3,245.47,245.19,245.23,67276
2026-05-19 09:55:00,245.23,245.29,244.8,244.92,99405
2026-05-19 10:00:00,244.92,245.03,244.72,244.99,31418
2026-05-19 10:05:00,244.99,245.55,244.95,245.44,73024
2026-05-19 10:10:00,245.44,245.49,245.05,245.4,210394
2026-05-19 10:15:00,245.4,245.44,245.0,245.22,87582
2026-05-19 10:20:00,245.22,245.29,244.97,245.11,82604
2026-05-19 10:25:00,245.11,245.41,245.02,245.39,66097
2026-05-19 10:30:00,245.39,245.48,245.34,245.45,100906
2026-05-19 10:35:00,245.45,245.6,245.24,245.32,106134
2026-05-19 10:40:00,245.32,245.51,245.3,245.33,81692
2026-05-19 10:45:00,245.33,245.66,245.31,245.57,80644
2026-05-19 10:50:00,245.57,245.95,245.57,245.94,81544
2026-05-19 10:55:00,245.94,246.0,245.76,245.89,125257
2026-05-19 11:00:00,245.89,246.01,245.54,245.56,59986
2026-05-19 11:05:00,245.56,245.59,245.44,245.48,94906
2026-05-19 11:10:00,245.48,245.81,245.38,245.39,81521
2026-05-19 11:15:00,245.39,245.41,245.19,245.33,58002
2026-05-19 11:20:00,245.33,245.39,245.05,245.1,117436
2026-05-19 11:25:00,245.1,245.29,244.91,245.17,70554
2026-05-19 11:30:00,245.17,245.3,245.03,245.1,72338
2026-05-19 11:35:00,245.1,245.26,244.94,245.21,47859
2026-05-19 11:40:00,245.21,245.54,245.2,245.47,105910
2026-05-19 11:45:00,245.47,245.84,245.46,245.81,61787
2026-05-19 11:50:00,245.81,245.94,245.46,245.62,68431
2026-05-19 11:55:00,245.62,245.73,245.62,245.68,108765
2026-05-19 12:00:00,245.68,246.08,245.64,245.97,101101
2026-05-19 12:05:00,245.97,246.23,245.9,246.17,41045
2026-05-19 12:10:00,246.17,246.19,245.99,246.04,74320
2026-05-19 12:15:00,246.04,246.29,246.03,246.27,78364
2026-05-19 12:20:00,246.27,246.51,246.09,246.18,85070
2026-05-19 12:25:00,246.18,246.34,245.94,245.98,55949
2026-05-19 12:30:00,245.98,246.26,245.96,246.06,127032
2026-05-19 12:35:00,246.06,246.27,245.96,246.07,116069
2026-05-19 12:40:00,246.07,246.26,245.71,245.73,71142
2026-05-19 12:45:00,245.73,245.91,245.69,245.81,135628
2026-05-19 12:50:00,245.81,245.92,245.67,245.81,47062
2026-05-19 12:55:00,245.81,245.83,245.6,245.75,73004
2026-05-19 13:00:00,245.75,245.76,245.34,245.42,80034
2026-05-19 13:05:00,245.42,245.53,245.37,245.49,62383
2026-05-19 13:10:00,245.49,245.51,244.92,244.95,62002
2026-05-19 13:15:00,244.95,245.25,244.75,245.15,50896
2026-05-19 13:20:00,245.15,245.45,245.08,245.19,75467
2026-05-19 13:25:00,245.19,245.52,245.13,245.47,68154
2026-05-19 13:30:00,245.47,245.55,245.44,245.5,88556
2026-05-19 13:35:00,245.5,245.5,245.18,245.19,78464
2026-05-19 13:40:00,245.19,245.19,244.54,244.63,54687
2026-05-19 13:45:00,244.63,244.66,244.35,244.45,43986
2026-05-19 13:50:00,244.45,244.84,244.43,244.82,73308
2026-05-19 13:55:00,244.82,245.01,244.66,244.9,89752
2026-05-19 14:00:00,244.9,244.98,244.71,244.71,66997
2026-05-19 14:05:00,244.71,244.75,244.56,244.63,79682
2026-05-19 14:10:00,244.63,244.66,244.27,244.32,114405
2026-05-19 14:15:00,244.32,244.37,243.74,243.78,46090
2026-05-19 14:20:00,243.78,243.92,243.29,243.3,71849
2026-05-19 14:25:00,243.3,243.53,243.24,243.25,62366
2026-05-19 14:30:00,243.25,243.45,243.05,243.13,93421
2026-05-19 14:35:00,243.13,243.46,243.11,243.44,71941
2026-05-19 14:40:00,243.44,243.46,242.77,242.88,178034
2026-05-19 14:45:00,242.88,243.31,242.87,243.1,108329
2026-05-19 14:50:00,243.1,243.25,242.94,243.0,109691
2026-05-19 14:55:00,243.0,243.08,242.66,242.91,116629
2026-05-19 15:00:00,242.91,243.06,242.46,242.63,123085
2026-05-19 15:05:00,242.63,242.72,242.45,242.5,48851
2026-05-19 15:10:00,242.5,242.79,242.27,242.64,89001
2026-05-19 15:15:00,242.64,242.93,242.58,242.62,170855
2026-05-19 15:20:00,242.62,242.73,242.34,242.57,164152
2026-05-19 15:25:00,242.57,242.88,242.22,242.46,102938
2026-05-20 09:15:00,242.56,244.05,242.47,243.89,137863
2026-05-20 09:20:00,243.89,244.35,243.8,244.06,215004
2026-05-20 09:25:00,244.06,244.55,243.77,243.86,228159
2026-05-20 09:30:00,243.86,244.7,243.77,244.33,228942
2026-05-20 09:35:00,244.33,244.48,243.72,243.95,142302
2026-05-20 09:40:00,243.95,244.05,243.29,243.43,124280
2026-05-20 09:45:00,243.43,243.51,243.2,243.47,53522
2026-05-20 09:50:00,243.47,243.97,243.24,243.64,118103
2026-05-20 09:55:00,243.64,243.71,243.05,243.18,89522
2026-05-20 10:00:00,243.18,243.45,243.1,243.39,127073
2026-05-20 10:05:00,243.39,243.46,243.05,243.15,69758
2026-05-20 10:10:00,243.15,243.19,242.59,242.67,55149
2026-05-20 10:15:00,242.67,242.8,242.5,242.77,84222
2026-05-20 10:20:00,242.77,243.26,242.64,243.18,84249
2026-05-20 10:25:00,243.18,243.19,242.98,243.18,55648
2026-05-20 10:30:00,243.18,243.5,243.12,243.41,69078
2026-05-20 10:35:00,243.41,243.52,243.24,243.34,108610
2026-05-20 10:40:00,243.34,243.34,243.09,243.12,57933
2026-05-20 10:45:00,243.12,243.13,242.94,242.96,54591
2026-05-20 10:50:00,242.96,243.25,242.79,243.19,97327
2026-05-20 10:55:00,243.19,243.59,243.14,243.53,70853
2026-05-20 11:00:00,243.53,243.73,243.48,243.57,45346
2026-05-20 11:05:00,243.57,243.79,243.57,243.68,65162
2026-05-20 11:10:00,243.68,243.95,243.54,243.56,86570
2026-05-20 11:15:00,243.56,243.59,243.32,243.32,129069
2026-05-20 11:20:00,243.32,243.4,242.97,243.17,120453
2026-05-20 11:25:00,243.17,243.32,242.89,242.9,73322
2026-05-20 11:30:00,242.9,242.96,242.7,242.85,68465
2026-05-20 11:35:00,242.85,243.15,242.83,242.97,67281
2026-05-20 11:40:00,242.97,243.0,242.64,242.76,38211
2026-05-20 11:45:00,242.76,242.85,242.66,242.7,82096
2026-05-20 11:50:00,242.7,242.75,242.24,242.26,61490
2026-05-20 11:55:00,242.26,242.49,242.19,242.24,66574
2026-05-20 12:00:00,242.24,242.28,242.07,242.19,66211
2026-05-20 12:05:00,242.19,242.27,241.75,241.84,124758
2026-05-20 12:10:00,241.84,242.17,241.8,242.15,53311
2026-05-20 12:15:00,242.15,242.46,241.91,242.31,46768
2026-05-20 12:20:00,242.31,242.32,242.02,242.07,100903
2026-05-20 12:25:00,242.07,242.13,242.07,242.1,86815
2026-05-20 12:30:00,242.1,242.32,241.85,242.23,65132
2026-05-20 12:35:00,242.23,242.31,241.79,241.93,76265
2026-05-20 12:40:00,241.93,241.99,241.5,241.62,86012
2026-05-20 12:45:00,241.62,241.65,240.97,241.13,73736
2026-05-20 12:50:00,241.13,241.17,240.93,241.03,97499
2026-05-20 12:55:00,241.03,241.42,241.02,241.28,52065
2026-05-20 13:00:00,241.28,241.34,241.09,241.11,76610
2026-05-20 13:05:00,241.11,241.18,240.9,241.15,52407
2026-05-20 13:10:00,241.15,241.21,240.7,240.91,44841
2026-05-20 13:15:00,240.91,240.96,240.67,240.68,63030
2026-05-20 13:20:00,240.68,240.93,240.68,240.93,157960
2026-05-20 13:25:00,240.93,240.94,240.06,240.29,83488
2026-05-20 13:30:00,240.29,240.75,240.28,240.63,79833
2026-05-20 13:35:00,240.63,240.72,240.33,240.42,66601
2026-05-20 13:40:00,240.42,240.46,240.28,240.45,51892
2026-05-20 13:45:00,240.45,240.53,240.17,240.21,59377
2026-05-20 13:50:00,240.21,240.46,240.0,240.33,69381
2026-05-20 13:55:00,240.33,240.51,240.06,240.22,47165
2026-05-20 14:00:00,240.22,240.26,239.97,240.19,67112
2026-05-20 14:05:00,240.19,240.29,240.18,240.19,79472
2026-05-20 14:10:00,240.19,240.31,240.0,240.3,36398
2026-05-20 14:15:00,240.3,240.7,240.27,240.35,51298
2026-05-20 14:20:00,240.35,240.47,240.08,240.22,72131
2026-05-20 14:25:00,240.22,240.42,240.04,240.28,101396
2026-05-20 14:30:00,240.28,240.4,240.22,240.31,65525
2026-05-20 14:35:00,240.31,240.31,239.82,239.82,59022
2026-05-20 14:40:00,239.82,240.47,239.81,240.17,85227
2026-05-20 14:45:00,240.17,240.35,240.0,240.32,77381
2026-05-20 14:50:00,240.32,240.7,240.26,240.48,106229
2026-05-20 14:55:00,240.48,240.58,240.1,240.32,80822
2026-05-20 15:00:00,240.32,240.32,239.94,240.01,70308
2026-05-20 15:05:00,240.01,240.3,239.96,240.12,133113
2026-05-20 15:10:00,240.12,240.15,239.57,239.78,189949
2026-05-20 15:15:00,239.78,239.91,239.4,239.69,136670
2026-05-20 15:20:00,239.69,239.79,239.23,239.3,170597
2026-05-20 15:25:00,239.3,239.59,238.69,239.55,112239
2026-05-21 09:15:00,238.94,239.2,238.49,238.53,171419
2026-05-21 09:20:00,238.53,238.99,238.32,238.96,166255
2026-05-21 09:25:00,238.96,239.33,238.94,239.09,113259
2026-05-21 09:30:00,239.09,239.74,239.01,239.66,119759
2026-05-21 09:35:00,239.66,239.87,239.18,239.25,82076
2026-05-21 09:40:00,239.25,239.42,239.0,239.12,96902
2026-05-21 09:45:00,239.12,239.18,238.77,238.82,112557
2026-05-21 09:50:00,238.82,239.25,238.7,238.97,122123
2026-05-21 09:55:00,238.97,239.08,238.89,238.98,73200
2026-05-21 10:00:00,238.98,239.19,238.77,238.83,99332
2026-05-21 10:05:00,238.83,238.85,238.29,238.45,71361
2026-05-21 10:10:00,238.45,238.68,238.19,238.6,76442
2026-05-21 10:15:00,238.6,238.89,238.59,238.65,110534
2026-05-21 10:20:00,238.65,238.77,238.38,238.66,76175
2026-05-21 10:25:00,238.66,238.88,238.52,238.57,65909
2026-05-21 10:30:00,238.57,238.6,238.44,238.6,87063
2026-05-21 10:35:00,238.6,238.75,238.53,238.7,132172
2026-05-21 10:40:00,238.7,238.84,238.51,238.56,71630
2026-05-21 10:45:00,238.56,238.81,238.45,238.76,83123
2026-05-21 10:50:00,238.76,238.78,238.19,238.22,82347
2026-05-21 10:55:00,238.22,238.31,237.85,237.88,78381
2026-05-21 11:00:00,237.88,238.1,237.74,238.05,153272
2026-05-21 11:05:00,238.05,238.23,237.84,238.11,96449
2026-05-21 11:10:00,238.11,238.55,238.09,238.51,72692
2026-05-21 11:15:00,238.51,238.63,238.38,238.62,153811
2026-05-21 11:20:00,238.62,238.64,238.11,238.17,51082
2026-05-21 11:25:00,238.17,238.28,238.12,238.17,85442
2026-05-21 11:30:00,238.17,238.33,238.09,238.13,50934
2026-05-21 11:35:00,238.13,238.36,238.07,238.31,65600
2026-05-21 11:40:00,238.31,238.32,238.15,238.16,38208
2026-05-21 11:45:00,238.16,238.21,237.68,237.73,61490
2026-05-21 11:50:00,237.73,238.34,237.7,238.33,90843
2026-05-21 11:55:00,238.33,238.5,238.26,238.27,46350
2026-05-21 12:00:00,238.27,238.49,238.19,238.45,65422
2026-05-21 12:05:00,238.45,238.78,238.42,238.57,110752
2026-05-21 12:10:00,238.57,238.8,238.43,238.51,109230
2026-05-21 12:15:00,238.51,238.71,238.29,238.37,66786
2026-05-21 12:20:00,238.37,238.55,238.36,238.53,69264
2026-05-21 12:25:00,238.53,238.78,238.52,238.53,107176
2026-05-21 12:30:00,238.53,238.81,238.52,238.75,77982
2026-05-21 12:35:00,238.75,238.76,238.37,238.45,117698
2026-05-21 12:40:00,238.45,238.73,238.36,238.5,78492
2026-05-21 12:45:00,238.5,238.6,238.36,238.43,46448
2026-05-21 12:50:00,238.43,238.59,238.21,238.28,59903
2026-05-21 12:55:00,238.28,238.35,238.05,238.28,88769
2026-05-21 13:00:00,238.28,238.31,238.03,238.2,52922
2026-05-21 13:05:00,238.2,238.44,238.1,238.41,92402
2026-05-21 13:10:00,238.41,238.47,237.99,238.01,41000
2026-05-21 13:15:00,238.01,238.07,237.68,237.7,66362
2026-05-21 13:20:00,237.7,237.71,237.47,237.61,102397
2026-05-21 13:25:00,237.61,237.64,237.42,237.5,90957
2026-05-21 13:30:00,237.5,237.7,237.4,237.66,64068
2026-05-21 13:35:00,237.66,237.77,237.4,237.47,86727
2026-05-21 13:40:00,237.47,237.51,237.26,237.34,36141
2026-05-21 13:45:00,237.34,237.45,237.25,237.34,76617
2026-05-21 13:50:00,237.34,237.4,237.15,237.15,70945
2026-05-21 13:55:00,237.15,237.23,236.61,236.76,58821
2026-05-21 14:00:00,236.76,237.11,236.74,237.11,85764
2026-05-21 14:05:00,237.11,237.39,237.0,237.36,52318
2026-05-21 14:10:00,237.36,237.43,236.97,237.05,43507
2026-05-21 14:15:00,237.05,237.35,236.98,237.33,82647
2026-05-21 14:20:00,237.33,237.36,237.09,237.33,81075
2026-05-21 14:25:00,237.33,237.42,237.07,237.16,154913
2026-05-21 14:30:00,237.16,237.17,236.89,236.98,39317
2026-05-21 14:35:00,236.98,237.28,236.95,237.28,105643
2026-05-21 14:40:00,237.28,237.44,237.11,237.15,150003
2026-05-21 14:45:00,237.15,237.29,237.03,237.23,98031
2026-05-21 14:50:00,237.23,237.29,236.79,236.87,95119
2026-05-21 14:55:00,236.87,237.09,236.64,237.05,97867
2026-05-21 15:00:00,237.05,237.07,236.8,236.97,57265
2026-05-21 15:05:00,236.97,237.32,236.97,237.15,75663
2026-05-21 15:10:00,237.15,237.22,236.89,236.94,82870
2026-05-21 15:15:00,236.94,237.14,236.75,236.76,186454
2026-05-21 15:20:00,236.76,237.12,236.69,236.88,178114
2026-05-21 15:25:00,236.88,237.14,236.87,237.1,149971
2026-05-22 09:15:00,236.68,236.94,235.1,235.18,230677
2026-05-22 09:20:00,235.18,235.29,234.7,234.71,206013
2026-05-22 09:25:00,234.71,234.95,234.15,234.21,254871
2026-05-22 09:30:00,234.21,235.27,234.19,235.27,177226
2026-05-22 09:35:00,235.27,235.34,235.0,235.08,109115
2026-05-22 09:40:00,235.08,235.62,234.97,235.57,134083
2026-05-22 09:45:00,235.57,235.71,235.56,235.67,120082
2026-05-22 09:50:00,235.67,235.7,235.41,235.55,82586
2026-05-22 09:55:00,235.55,236.1,235.52,235.91,131703
2026-05-22 10:00:00,235.91,235.95,235.73,235.93,105291
2026-05-22 10:05:00,235.93,235.98,235.51,235.54,64427
2026-05-22 10:10:00,235.54,235.73,235.49,235.62,83254
2026-05-22 10:15:00,235.62,235.65,235.37,235.48,130860
2026-05-22 10:20:00,235.48,235.78,235.4,235.66,93649
2026-05-22 10:25:00,235.66,236.28,235.63,236.23,70230
2026-05-22 10:30:00,236.23,236.39,236.16,236.29,84087
2026-05-22 10:35:00,236.29,236.36,236.05,236.32,59274
2026-05-22 10:40:00,236.32,236.49,236.2,236.21,91334
2026-05-22 10:45:00,236.21,236.22,236.05,236.2,64016
2026-05-22 10:50:00,236.2,236.25,235.8,236.06,98269
2026-05-22 10:55:00,236.06,236.26,236.05,236.23,79308
2026-05-22 11:00:00,236.23,236.27,236.08,236.09,99645
2026-05-22 11:05:00,236.09,236.21,236.0,236.18,55404
2026-05-22 11:10:00,236.18,236.31,235.94,236.26,85373
2026-05-22 11:15:00,236.26,236.36,236.19,236.35,74792
2026-05-22 11:20:00,236.35,236.38,236.26,236.27,63040
2026-05-22 11:25:00,236.27,236.38,236.09,236.11,74960
2026-05-22 11:30:00,236.11,236.18,235.99,236.0,95960
2026-05-22 11:35:00,236.0,236.35,235.97,236.29,124258
2026-05-22 11:40:00,236.29,236.35,236.24,236.35,32067
2026-05-22 11:45:00,236.35,236.45,236.12,236.22,140771
2026-05-22 11:50:00,236.22,236.28,236.13,236.15,49924
2026-05-22 11:55:00,236.15,236.32,236.01,236.27,124456
2026-05-22 12:00:00,236.27,236.53,236.27,236.51,67196
2026-05-22 12:05:00,236.51,236.77,236.44,236.72,65279
2026-05-22 12:10:00,236.72,236.75,236.58,236.69,96727
2026-05-22 12:15:00,236.69,236.92,236.64,236.92,114471
2026-05-22 12:20:00,236.92,236.99,236.71,236.89,91750
2026-05-22 12:25:00,236.89,237.24,236.76,237.23,119640
2026-05-22 12:30:00,237.23,237.31,236.96,237.0,75411
2026-05-22 12:35:00,237.0,237.16,236.98,237.07,70771
2026-05-22 12:40:00,237.07,237.28,237.0,237.18,70634
2026-05-22 12:45:00,237.18,237.44,237.02,237.34,93058
2026-05-22 12:50:00,237.34,237.38,237.01,237.02,42642
2026-05-22 12:55:00,237.02,237.26,236.92,237.02,100272
2026-05-22 13:00:00,237.02,237.1,236.6,236.6,57765
2026-05-22 13:05:00,236.6,236.76,236.41,236.59,92233
2026-05-22 13:10:00,236.59,236.89,236.55,236.8,43083
2026-05-22 13:15:00,236.8,236.96,236.65,236.75,63836
2026-05-22 13:20:00,236.75,237.05,236.74,236.89,72178
2026-05-22 13:25:00,236.89,236.94,236.4,236.43,62771
2026-05-22 13:30:00,236.43,236.52,236.31,236.41,84185
2026-05-22 13:35:00,236.41,236.53,236.28,236.49,86402
2026-05-22 13:40:00,236.49,236.71,236.32,236.46,55282
2026-05-22 13:45:00,236.46,236.66,236.41,236.58,120357
2026-05-22 13:50:00,236.58,236.98,236.58,236.59,78433
2026-05-22 13:55:00,236.59,236.73,236.22,236.28,77209
2026-05-22 14:00:00,236.28,236.38,236.16,236.22,90000
2026-05-22 14:05:00,236.22,236.37,235.99,236.34,57854
2026-05-22 14:10:00,236.34,236.36,235.97,236.22,118823
2026-05-22 14:15:00,236.22,236.23,235.59,235.74,135607
2026-05-22 14:20:00,235.74,236.01,235.62,235.92,153826
2026-05-22 14:25:00,235.92,236.46,235.89,236.42,139973
2026-05-22 14:30:00,236.42,236.71,236.39,236.55,135638
2026-05-22 14:35:00,236.55,236.73,236.34,236.7,121608
2026-05-22 14:40:00,236.7,236.96,236.4,236.46,104248
2026-05-22 14:45:00,236.46,236.55,236.36,236.38,78235
2026-05-22 14:50:00,236.38,236.87,236.35,236.79,136535
2026-05-22 14:55:00,236.79,237.08,236.48,236.97,76876
2026-05-22 15:00:00,236.97,237.17,236.83,236.97,61214
2026-05-22 15:05:00,236.97,236.98,236.64,236.88,61653
2026-05-22 15:10:00,236.88,236.97,236.25,236.3,222375
2026-05-22 15:15:00,236.3,236.38,235.95,236.38,184364
2026-05-22 15:20:00,236.38,236.84,236.28,236.79,105863
2026-05-22 15:25:00,236.79,236.86,236.54,236.68,133139
2026-05-25 09:15:00,236.65,236.73,235.91,236.24,142335
2026-05-25 09:20:00,236.24,236.85,236.09,236.65,209836
2026-05-25 09:25:00,236.65,237.18,236.37,237.09,126731
2026-05-25 09:30:00,237.09,237.57,237.0,237.51,151576
2026-05-25 09:35:00,237.51,238.12,237.5,237.79,85255
2026-05-25 09:40:00,237.79,238.14,237.59,238.09,136739
2026-05-25 09:45:00,238.09,238.25,237.97,238.08,159791
2026-05-25 09:50:00,238.08,238.52,238.07,238.44,123339
2026-05-25 09:55:00,238.44,238.7,238.33,238.62,66684
2026-05-25 10:00:00,238.62,238.86,238.49,238.53,180066
2026-05-25 10:05:00,238.53,238.56,238.38,238.46,88112
2026-05-25 10:10:00,238.46,238.56,238.28,238.36,154395
2026-05-25 10:15:00,238.36,238.5,237.98,238.11,52915
2026-05-25 10:20:00,238.11,238.34,238.1,238.21,138351
2026-05-25 10:25:00,238.21,238.57,238.14,238.54,66982
2026-05-25 10:30:00,238.54,238.65,238.1,238.14,83649
2026-05-25 10:35:00,238.14,238.31,238.13,238.26,77447
2026-05-25 10:40:00,238.26,238.49,238.17,238.18,150093
2026-05-25 10:45:00,238.18,238.57,238.05,238.5,77635
2026-05-25 10:50:00,238.5,238.63,238.33,238.36,78356
2026-05-25 10:55:00,238.36,238.55,238.15,238.53,58041
2026-05-25 11:00:00,238.53,238.56,238.38,238.49,72525
2026-05-25 11:05:00,238.49,238.54,238.36,238.36,53034
2026-05-25 11:10:00,238.36,238.43,238.2,238.21,78127
2026-05-25 11:15:00,238.21,238.34,238.04,238.33,83737
2026-05-25 11:20:00,238.33,238.74,238.28,238.68,91644
2026-05-25 11:25:00,238.68,239.23,238.6,239.19,80634
2026-05-25 11:30:00,239.19,239.48,239.1,239.47,63091
2026-05-25 11:35:00,239.47,239.5,239.33,239.34,60672
2026-05-25 11:40:00,239.34,239.37,239.22,239.32,49612
2026-05-25 11:45:00,239.32,239.4,239.19,239.25,58617
2026-05-25 11:50:00,239.25,239.52,239.19,239.5,48947
2026-05-25 11:55:00,239.5,239.73,239.33,239.68,49560
2026-05-25 12:00:00,239.68,239.8,239.63,239.78,32536
2026-05-25 12:05:00,239.78,239.89,239.64,239.84,68941
2026-05-25 12:10:00,239.84,240.0,239.77,239.99,66252
2026-05-25 12:15:00,239.99,240.18,239.88,240.07,92462
2026-05-25 12:20:00,240.07,240.07,239.84,239.89,60215
2026-05-25 12:25:00,239.89,240.03,239.77,239.98,40388
2026-05-25 12:30:00,239.98,240.02,239.82,239.93,77103
2026-05-25 12:35:00,239.93,240.1,239.86,240.07,83846
2026-05-25 12:40:00,240.07,240.28,239.95,239.98,102625
2026-05-25 12:45:00,239.98,240.11,239.84,240.05,94503
2026-05-25 12:50:00,240.05,240.24,240.0,240.24,43224
2026-05-25 12:55:00,240.24,240.31,240.14,240.16,99192
2026-05-25 13:00:00,240.16,240.39,240.09,240.3,36274
2026-05-25 13:05:00,240.3,240.36,240.09,240.25,84690
2026-05-25 13:10:00,240.25,240.34,240.12,240.32,109898
2026-05-25 13:15:00,240.32,240.33,239.97,240.03,97368
2026-05-25 13:20:00,240.03,240.41,239.91,240.28,46646
2026-05-25 13:25:00,240.28,240.3,239.98,240.02,35144
2026-05-25 13:30:00,240.02,240.19,240.0,240.18,60180
2026-05-25 13:35:00,240.18,240.29,239.94,240.11,41546
2026-05-25 13:40:00,240.11,240.31,239.96,240.0,52053
2026-05-25 13:45:00,240.0,240.01,239.58,239.59,60735
2026-05-25 13:50:00,239.59,239.65,239.29,239.37,46122
2026-05-25 13:55:00,239.37,239.47,239.3,239.32,154647
2026-05-25 14:00:00,239.32,239.35,239.09,239.13,84440
2026-05-25 14:05:00,239.13,239.17,238.83,238.87,71631
2026-05-25 14:10:00,238.87,239.27,238.84,239.14,78139
2026-05-25 14:15:00,239.14,239.21,238.97,239.15,98658
2026-05-25 14:20:00,239.15,239.59,239.14,239.59,87204
2026-05-25 14:25:00,239.59,239.63,239.39,239.42,75731
2026-05-25 14:30:00,239.42,239.45,239.16,239.23,66308
2026-05-25 14:35:00,239.23,239.76,239.22,239.73,65172
2026-05-25 14:40:00,239.73,239.91,239.6,239.81,130500
2026-05-25 14:45:00,239.81,240.4,239.76,240.3,94664
2026-05-25 14:50:00,240.3,240.45,240.1,240.2,137759
2026-05-25 14:55:00,240.2,240.31,240.05,240.11,78153
2026-05-25 15:00:00,240.11,240.28,239.64,239.96,119142
2026-05-25 15:05:00,239.96,240.01,239.58,239.8,81925
2026-05-25 15:10:00,239.8,240.0,239.52,239.63,175172
2026-05-25 15:15:00,239.63,239.82,238.98,239.27,147881
2026-05-25 15:20:00,239.27,239.4,238.69,238.81,94344
2026-05-25 15:25:00,238.81,238.94,238.61,238.84,110001
2026-05-26 09:15:00,237.79,238.55,237.77,238.3,122084
2026-05-26 09:20:00,238.3,238.69,238.03,238.6,102561
2026-05-26 09:25:00,238.6,238.61,237.69,237.7,78792
2026-05-26 09:30:00,237.7,238.02,237.67,237.71,182770
2026-05-26 09:35:00,237.71,237.96,237.65,237.88,136350
2026-05-26 09:40:00,237.88,237.9,237.5,237.51,112473
2026-05-26 09:45:00,237.51,237.93,237.47,237.89,96573
2026-05-26 09:50:00,237.89,238.05,237.52,237.53,151141
2026-05-26 09:55:00,237.53,237.58,237.38,237.42,92655
2026-05-26 10:00:00,237.42,237.46,236.79,236.79,98405
2026-05-26 10:05:00,236.79,236.85,236.43,236.56,164670
2026-05-26 10:10:00,236.56,236.6,236.37,236.51,164277
2026-05-26 10:15:00,236.51,236.63,236.09,236.12,73928
2026-05-26 10:20:00,236.12,236.15,235.9,235.99,79473
2026-05-26 10:25:00,235.99,236.01,235.65,235.79,85359
2026-05-26 10:30:00,235.79,236.0,235.64,235.81,48092
2026-05-26 10:35:00,235.81,235.82,235.26,235.28,89123
2026-05-26 10:40:00,235.28,235.52,235.12,235.4,165531
2026-05-26 10:45:00,235.4,235.72,235.38,235.57,73443
2026-05-26 10:50:00,235.57,235.81,235.39,235.39,66424
2026-05-26 10:55:00,235.39,235.42,235.08,235.16,93367
2026-05-26 11:00:00,235.16,235.21,234.97,234.98,38559
2026-05-26 11:05:00,234.98,235.09,234.67,234.68,66347
2026-05-26 11:10:00,234.68,235.15,234.63,235.12,116167
2026-05-26 11:15:00,235.12,235.14,234.88,234.93,43127
2026-05-26 11:20:00,234.93,235.2,234.86,235.18,117342
2026-05-26 11:25:00,235.18,235.33,235.06,235.19,35786
2026-05-26 11:30:00,235.19,235.36,235.12,235.36,36818
2026-05-26 11:35:00,235.36,235.38,235.02,235.09,64196
2026-05-26 11:40:00,235.09,235.25,234.94,235.17,82622
2026-05-26 11:45:00,235.17,235.53,235.14,235.5,53927
2026-05-26 11:50:00,235.5,235.51,235.39,235.39,62662
2026-05-26 11:55:00,235.39,235.41,235.2,235.24,74596
2026-05-26 12:00:00,235.24,235.28,234.82,234.99,49326
2026-05-26 12:05:00,234.99,235.02,234.44,234.44,58837
2026-05-26 12:10:00,234.44,234.71,234.4,234.45,65127
2026-05-26 12:15:00,234.45,234.62,234.34,234.37,39770
2026-05-26 12:20:00,234.37,234.5,234.16,234.2,107597
2026-05-26 12:25:00,234.2,234.43,234.18,234.4,106791
2026-05-26 12:30:00,234.4,234.74,234.38,234.7,46265
2026-05-26 12:35:00,234.7,234.93,234.65,234.65,112947
2026-05-26 12:40:00,234.65,234.89,234.47,234.67,52802
2026-05-26 12:45:00,234.67,234.7,234.45,234.52,93033
2026-05-26 12:50:00,234.52,235.03,234.51,234.99,123875
2026-05-26 12:55:00,234.99,235.46,234.97,235.37,88048
2026-05-26 13:00:00,235.37,235.41,235.13,235.19,50166
2026-05-26 13:05:00,235.19,235.41,235.07,235.26,86516
2026-05-26 13:10:00,235.26,235.82,235.25,235.74,63319
2026-05-26 13:15:00,235.74,235.76,235.47,235.47,44487
2026-05-26 13:20:00,235.47,235.48,235.1,235.4,61498
2026-05-26 13:25:00,235.4,235.44,235.03,235.16,93846
2026-05-26 13:30:00,235.16,235.2,235.15,235.18,105406
2026-05-26 13:35:00,235.18,235.54,235.09,235.49,57789
2026-05-26 13:40:00,235.49,235.71,235.45,235.61,111979
2026-05-26 13:45:00,235.61,235.81,235.46,235.81,118530
2026-05-26 13:50:00,235.81,235.91,235.74,235.75,110019
2026-05-26 13:55:00,235.75,235.99,235.61,235.93,115625
2026-05-26 14:00:00,235.93,236.03,235.7,235.85,82463
2026-05-26 14:05:00,235.85,235.89,235.46,235.53,56605
2026-05-26 14:10:00,235.53,235.62,235.46,235.61,42943
2026-05-26 14:15:00,235.61,235.65,235.03,235.11,71781
2026-05-26 14:20:00,235.11,235.36,235.07,235.24,70807
2026-05-26 14:25:00,235.24,235.34,235.13,235.23,77291
2026-05-26 14:30:00,235.23,235.5,235.16,235.42,111542
2026-05-26 14:35:00,235.42,235.72,235.33,235.71,136049
2026-05-26 14:40:00,235.71,235.78,235.28,235.31,136466
2026-05-26 14:45:00,235.31,235.48,235.22,235.24,61243
2026-05-26 14:50:00,235.24,235.32,235.02,235.09,108833
2026-05-26 14:55:00,235.09,235.33,234.96,235.13,146407
2026-05-26 15:00:00,235.13,235.29,235.03,235.13,96810
2026-05-26 15:05:00,235.13,235.31,234.68,234.7,113982
2026-05-26 15:10:00,234.7,235.2,234.7,235.07,151469
2026-05-26 15:15:00,235.07,235.26,234.56,234.84,75603
2026-05-26 15:20:00,234.84,235.17,234.6,235.09,206055
2026-05-26 15:25:00,235.09,235.31,234.78,235.14,140592
2026-05-27 09:15:00,236.16,236.76,236.0,236.73,173694
2026-05-27 09:20:00,236.73,236.88,236.47,236.51,172661
2026-05-27 09:25:00,236.51,236.74,236.3,236.74,135570
2026-05-27 09:30:00,236.74,236.88,236.7,236.76,159113
2026-05-27 09:35:00,236.76,236.85,235.72,235.97,131086
2026-05-27 09:40:00,235.97,236.23,235.85,235.9,158845
2026-05-27 09:45:00,235.9,236.25,235.77,236.19,82575
2026-05-27 09:50:00,236.19,236.2,235.88,235.91,72982
2026-05-27 09:55:00,235.91,236.09,235.7,235.88,119821
2026-05-27 10:00:00,235.88,236.01,235.73,236.0,104468
2026-05-27 10:05:00,236.0,236.03,235.88,236.02,84550
2026-05-27 10:10:00,236.02,236.03,235.65,235.81,90115
2026-05-27 10:15:00,235.81,236.12,235.65,235.84,39814
2026-05-27 10:20:00,235.84,236.01,235.78,235.92,71707
2026-05-27 10:25:00,235.92,236.02,235.68,235.93,77470
2026-05-27 10:30:00,235.93,236.12,235.92,236.11,75381
2026-05-27 10:35:00,236.11,236.33,236.09,236.14,106730
2026-05-27 10:40:00,236.14,236.15,235.88,235.99,83849
2026-05-27 10:45:00,235.99,236.05,235.83,236.02,69876
2026-05-27 10:50:00,236.02,236.07,235.77,235.95,106036
2026-05-27 10:55:00,235.95,236.04,235.77,235.83,39565
2026-05-27 11:00:00,235.83,235.92,235.61,235.73,71420
2026-05-27 11:05:00,235.73,235.78,235.62,235.74,49623
2026-05-27 11:10:00,235.74,236.23,235.67,236.21,52230
2026-05-27 11:15:00,236.21,236.34,236.14,236.33,44554
2026-05-27 11:20:00,236.33,236.41,236.09,236.1,52219
2026-05-27 11:25:00,236.1,236.12,235.86,236.03,73606
2026-05-27 11:30:00,236.03,236.33,236.03,236.27,64868
2026-05-27 11:35:00,236.27,236.34,236.17,236.2,47789
2026-05-27 11:40:00,236.2,236.41,236.19,236.37,107236
2026-05-27 11:45:00,236.37,236.49,236.27,236.3,105326
2026-05-27 11:50:00,236.3,236.72,236.25,236.55,117084
2026-05-27 11:55:00,236.55,236.86,236.49,236.77,56127
2026-05-27 12:00:00,236.77,236.84,236.63,236.8,82524
2026-05-27 12:05:00,236.8,236.97,236.67,236.77,46122
2026-05-27 12:10:00,236.77,237.01,236.73,236.88,77959
2026-05-27 12:15:00,236.88,237.15,236.8,237.1,110471
2026-05-27 12:20:00,237.1,237.4,236.91,237.3,42693
2026-05-27 12:25:00,237.3,237.46,237.21,237.44,59019
2026-05-27 12:30:00,237.44,237.74,237.35,237.56,69953
2026-05-27 12:35:00,237.56,237.64,237.34,237.6,83675
2026-05-27 12:40:00,237.6,237.75,237.56,237.67,112138
2026-05-27 12:45:00,237.67,237.85,237.64,237.79,91219
2026-05-27 12:50:00,237.79,238.37,237.73,238.33,204966
2026-05-27 12:55:00,238.33,238.48,238.31,238.45,81333
2026-05-27 13:00:00,238.45,238.56,238.36,238.36,82110
2026-05-27 13:05:00,238.36,238.4,238.05,238.08,65115
2026-05-27 13:10:00,238.08,238.09,237.81,237.94,87133
2026-05-27 13:15:00,237.94,238.1,237.81,237.96,124480
2026-05-27 13:20:00,237.96,238.03,237.87,238.0,73282
2026-05-27 13:25:00,238.0,238.08,237.93,237.93,55408
2026-05-27 13:30:00,237.93,238.25,237.88,238.17,46338
2026-05-27 13:35:00,238.17,238.29,238.15,238.22,50056
2026-05-27 13:40:00,238.22,238.31,237.95,237.99,22755
2026-05-27 13:45:00,237.99,238.35,237.95,238.34,54243
2026-05-27 13:50:00,238.34,238.74,238.33,238.64,49516
2026-05-27 13:55:00,238.64,238.84,238.56,238.62,81431
2026-05-27 14:00:00,238.62,239.01,238.57,238.95,39715
2026-05-27 14:05:00,238.95,239.03,238.73,239.0,93480
2026-05-27 14:10:00,239.0,239.16,238.8,238.88,123205
2026-05-27 14:15:00,238.88,239.25,238.78,239.21,61866
2026-05-27 14:20:00,239.21,239.49,239.12,239.13,96059
2026-05-27 14:25:00,239.13,239.18,239.08,239.14,81967
2026-05-27 14:30:00,239.14,239.35,239.14,239.21,93713
2026-05-27 14:35:00,239.21,239.24,239.04,239.15,88390
2026-05-27 14:40:00,239.15,239.55,239.15,239.41,47118
2026-05-27 14:45:00,239.41,239.53,239.26,239.42,50086
2026-05-27 14:50:00,239.42,239.8,239.38,239.6,136130
2026-05-27 14:55:00,239.6,239.61,239.42,239.45,114269
2026-05-27 15:00:00,239.45,239.97,239.4,239.42,128933
2026-05-27 15:05:00,239.42,239.54,239.04,239.08,131295
2026-05-27 15:10:00,239.08,239.4,239.0,239.19,185893
2026-05-27 15:15:00,239.19,239.21,238.64,238.76,53685
2026-05-27 15:20:00,238.76,238.87,238.31,238.46,172956
2026-05-27 15:25:00,238.46,239.04,238.35,238.85,112866
2026-05-28 09:15:00,238.78,238.98,238.68,238.93,241304
2026-05-28 09:20:00,238.93,239.38,238.53,239.3,223944
2026-05-28 09:25:00,239.3,239.4,239.0,239.09,360484
2026-05-28 09:30:00,239.09,239.38,238.64,239.25,100754
2026-05-28 09:35:00,239.25,239.76,239.21,239.74,117497
2026-05-28 09:40:00,239.74,239.81,239.53,239.64,70934
2026-05-28 09:45:00,239.64,239.86,239.48,239.64,64601
2026-05-28 09:50:00,239.64,239.93,239.57,239.87,139840
2026-05-28 09:55:00,239.87,240.28,239.73,240.26,110555
2026-05-28 10:00:00,240.26,240.52,240.17,240.38,179300
2026-05-28 10:05:00,240.38,240.73,240.31,240.65,109615
2026-05-28 10:10:00,240.65,240.92,240.65,240.69,171646
2026-05-28 10:15:00,240.69,240.9,240.68,240.82,77101
2026-05-28 10:20:00,240.82,241.34,240.79,241.09,66365
2026-05-28 10:25:00,241.09,241.36,240.9,240.97,131896
2026-05-28 10:30:00,240.97,241.03,240.63,240.82,103584
2026-05-28 10:35:00,240.82,241.13,240.8,241.08,46930
2026-05-28 10:40:00,241.08,241.38,241.05,241.26,53094
2026-05-28 10:45:00,241.26,241.26,240.92,240.92,97544
2026-05-28 10:50:00,240.92,241.3,240.71,241.27,69450
2026-05-28 10:55:00,241.27,241.73,241.21,241.51,73709
2026-05-28 11:00:00,241.51,241.62,241.49,241.52,91185
2026-05-28 11:05:00,241.52,241.71,241.36,241.66,96100
2026-05-28 11:10:00,241.66,241.83,241.61,241.75,75449
2026-05-28 11:15:00,241.75,241.9,241.71,241.83,106262
2026-05-28 11:20:00,241.83,241.89,241.49,241.52,126740
2026-05-28 11:25:00,241.52,241.54,241.16,241.38,91109
2026-05-28 11:30:00,241.38,241.75,241.37,241.62,57282
2026-05-28 11:35:00,241.62,241.64,241.46,241.61,59159
2026-05-28 11:40:00,241.61,242.12,241.5,242.09,86819
2026-05-28 11:45:00,242.09,242.16,241.76,242.0,114136
2026-05-28 11:50:00,242.0,242.09,241.84,241.89,61918
2026-05-28 11:55:00,241.89,242.07,241.78,241.84,60693
2026-05-28 12:00:00,241.84,241.9,241.7,241.8,66260
2026-05-28 12:05:00,241.8,241.91,241.71,241.89,46842
2026-05-28 12:10:00,241.89,242.33,241.89,242.18,81733
2026-05-28 12:15:00,242.18,242.29,242.17,242.25,107494
2026-05-28 12:20:00,242.25,242.31,242.13,242.21,57703
2026-05-28 12:25:00,242.21,242.39,242.16,242.32,49078
2026-05-28 12:30:00,242.32,242.44,242.19,242.36,130767
2026-05-28 12:35:00,242.36,242.46,242.26,242.4,41161
2026-05-28 12:40:00,242.4,242.68,242.4,242.62,77764
2026-05-28 12:45:00,242.62,242.67,242.14,242.28,82316
2026-05-28 12:50:00,242.28,242.35,241.93,242.2,97223
2026-05-28 12:55:00,242.2,242.35,242.05,242.11,70124
2026-05-28 13:00:00,242.11,242.13,241.96,242.03,124206
2026-05-28 13:05:00,242.03,242.39,241.97,242.1,114747
2026-05-28 13:10:00,242.1,242.19,242.0,242.13,26197
2026-05-28 13:15:00,242.13,242.31,241.88,242.1,113449
2026-05-28 13:20:00,242.1,242.26,242.05,242.06,120272
2026-05-28 13:25:00,242.06,242.26,242.04,242.15,73164
2026-05-28 13:30:00,242.15,242.52,242.05,242.47,102082
2026-05-28 13:35:00,242.47,242.49,242.11,242.25,66357
2026-05-28 13:40:00,242.25,242.46,242.12,242.44,58657
2026-05-28 13:45:00,242.44,242.82,242.36,242.72,195352
2026-05-28 13:50:00,242.72,243.19,242.61,243.16,49902
2026-05-28 13:55:00,243.16,243.19,242.81,242.86,61867
2026-05-28 14:00:00,242.86,242.89,242.78,242.86,49349
2026-05-28 14:05:00,242.86,243.18,242.72,243.16,82978
2026-05-28 14:10:00,243.16,243.39,243.05,243.37,52020
2026-05-28 14:15:00,243.37,243.7,243.17,243.69,101358
2026-05-28 14:20:00,243.69,243.91,243.53,243.58,96479
2026-05-28 14:25:00,243.58,243.65,243.31,243.37,142129
2026-05-28 14:30:00,243.37,243.46,243.16,243.43,43922
2026-05-28 14:35:00,243.43,243.55,243.03,243.24,61284
2026-05-28 14:40:00,243.24,243.58,243.18,243.52,41375
2026-05-28 14:45:00,243.52,243.78,243.32,243.38,104757
2026-05-28 14:50:00,243.38,243.71,243.14,243.29,93368
2026-05-28 14:55:00,243.29,243.38,243.16,243.29,49388
2026-05-28 15:00:00,243.29,243.68,243.17,243.42,82708
2026-05-28 15:05:00,243.42,243.66,243.23,243.29,234226
2026-05-28 15:10:00,243.29,243.56,243.25,243.5,97547
2026-05-28 15:15:00,243.5,243.67,243.17,243.61,98037
2026-05-28 15:20:00,243.61,243.93,243.45,243.74,168547
2026-05-28 15:25:00,243.74,244.16,243.61,244.14,158800
2026-05-29 09:15:00,244.38,245.75,244.25,245.72,226871
2026-05-29 09:20:00,245.72,245.75,245.28,245.72,156293
2026-05-29 09:25:00,245.72,246.23,245.65,245.75,158746
2026-05-29 09:30:00,245.75,246.12,245.7,245.76,114508
2026-05-29 09:35:00,245.76,246.36,245.69,246.02,63053
2026-05-29 09:40:00,246.02,246.37,245.96,246.27,80107
2026-05-29 09:45:00,246.27,246.38,246.05,246.26,207268
2026-05-29 09:50:00,246.26,246.27,245.98,246.21,66986
2026-05-29 09:55:00,246.21,246.52,246.15,246.18,66400
2026-05-29 10:00:00,246.18,246.2,245.87,245.91,49995
2026-05-29 10:05:00,245.91,246.18,245.88,246.13,142877
2026-05-29 10:10:00,246.13,246.16,245.59,245.6,74345
2026-05-29 10:15:00,245.6,245.93,245.56,245.8,72299
2026-05-29 10:20:00,245.8,246.35,245.76,246.19,129320
2026-05-29 10:25:00,246.19,246.61,246.08,246.49,97898
2026-05-29 10:30:00,246.49,246.73,246.27,246.37,48635
2026-05-29 10:35:00,246.37,246.37,246.1,246.26,77717
2026-05-29 10:40:00,246.26,246.35,246.23,246.23,51536
2026-05-29 10:45:00,246.23,246.44,245.98,246.03,56984
2026-05-29 10:50:00,246.03,246.19,245.73,245.85,118495
2026-05-29 10:55:00,245.85,245.98,245.77,245.96,75057
2026-05-29 11:00:00,245.96,246.18,245.8,245.86,56188
2026-05-29 11:05:00,245.86,246.38,245.79,246.23,87543
2026-05-29 11:10:00,246.23,246.65,246.11,246.51,71724
2026-05-29 11:15:00,246.51,246.73,246.44,246.66,72261
2026-05-29 11:20:00,246.66,246.8,246.53,246.73,39841
2026-05-29 11:25:00,246.73,246.81,246.39,246.45,140337
2026-05-29 11:30:00,246.45,246.47,246.28,246.3,91041
2026-05-29 11:35:00,246.3,246.33,245.96,245.99,64366
2026-05-29 11:40:00,245.99,246.07,245.74,245.86,50932
2026-05-29 11:45:00,245.86,246.03,245.86,245.96,115896
2026-05-29 11:50:00,245.96,246.36,245.96,246.2,43166
2026-05-29 11:55:00,246.2,246.41,246.19,246.34,37023
2026-05-29 12:00:00,246.34,246.61,246.18,246.61,78299
2026-05-29 12:05:00,246.61,246.71,246.46,246.51,138540
2026-05-29 12:10:00,246.51,246.54,246.17,246.18,61535
2026-05-29 12:15:00,246.18,246.35,246.1,246.16,58062
2026-05-29 12:20:00,246.16,246.21,246.1,246.17,83437
2026-05-29 12:25:00,246.17,246.3,246.05,246.21,75714
2026-05-29 12:30:00,246.21,246.28,245.87,245.9,63433
2026-05-29 12:35:00,245.9,246.17,245.84,246.02,65841
2026-05-29 12:40:00,246.02,246.13,245.83,246.03,99613
2026-05-29 12:45:00,246.03,246.19,245.79,245.87,37123
2026-05-29 12:50:00,245.87,246.03,245.83,245.94,50732
2026-05-29 12:55:00,245.94,246.03,245.64,245.8,115583
2026-05-29 13:00:00,245.8,245.89,245.23,245.35,117580
2026-05-29 13:05:00,245.35,245.63,245.27,245.55,58346
2026-05-29 13:10:00,245.55,245.64,245.29,245.33,27936
2026-05-29 13:15:00,245.33,245.85,245.27,245.76,165090
2026-05-29 13:20:00,245.76,245.91,245.69,245.83,65774
2026-05-29 13:25:00,245.83,246.11,245.77,246.0,89929
2026-05-29 13:30:00,246.0,246.42,246.0,246.27,83323
2026-05-29 13:35:00,246.27,246.32,245.88,246.01,65675
2026-05-29 13:40:00,246.01,246.16,245.7,246.14,48719
2026-05-29 13:45:00,246.14,246.24,245.84,246.03,121989
2026-05-29 13:50:00,246.03,246.12,245.66,245.71,84119
2026-05-29 13:55:00,245.71,245.79,245.6,245.75,102584
2026-05-29 14:00:00,245.75,245.81,245.44,245.51,122283
2026-05-29 14:05:00,245.51,245.51,245.18,245.19,50359
2026-05-29 14:10:00,245.19,245.26,245.1,245.14,40396
2026-05-29 14:15:00,245.14,245.21,244.9,245.21,47399
2026-05-29 14:20:00,245.21,245.22,244.58,244.6,101616
2026-05-29 14:25:00,244.6,244.93,244.54,244.84,132049
2026-05-29 14:30:00,244.84,245.38,244.77,245.32,159458
2026-05-29 14:35:00,245.32,245.61,245.22,245.43,99735
2026-05-29 14:40:00,245.43,245.61,245.24,245.37,98444
2026-05-29 14:45:00,245.37,246.07,245.22,246.01,95948
2026-05-29 14:50:00,246.01,246.18,245.95,246.05,117038
2026-05-29 14:55:00,246.05,246.11,245.77,245.83,88380
2026-05-29 15:00:00,245.83,246.02,245.41,245.45,98292
2026-05-29 15:05:00,245.45,246.39,245.36,246.37,86682
2026-05-29 15:10:00,246.37,246.77,246.05,246.71,107855
2026-05-29 15:15:00,246.71,247.06,246.71,247.01,128757
2026-05-29 15:20:00,247.01,247.2,246.38,246.88,47634
2026-05-29 15:25:00,246.88,247.24,246.48,246.61,160470
2026-06-01 09:15:00,247.64,248.2,246.86,247.13,179991
2026-06-01 09:20:00,247.13,247.95,247.09,247.67,162205
2026-06-01 09:25:00,247.67,247.7,247.18,247.19,230505
2026-06-01 09:30:00,247.19,247.3,247.05,247.22,215195
2026-06-01 09:35:00,247.22,247.27,246.79,247.09,112644
2026-06-01 09:40:00,247.09,247.34,246.86,246.92,86485
2026-06-01 09:45:00,246.92,247.66,246.91,247.35,52418
2026-06-01 09:50:00,247.35,247.63,247.23,247.28,95768
2026-06-01 09:55:00,247.28,247.56,247.25,247.41,144151
2026-06-01 10:00:00,247.41,247.41,247.05,247.36,60602
2026-06-01 10:05:00,247.36,247.48,247.06,247.23,122025
2026-06-01 10:10:00,247.23,247.75,247.2,247.69,44660
2026-06-01 10:15:00,247.69,248.1,247.57,248.06,68076
2026-06-01 10:20:00,248.06,248.07,247.37,247.4,70798
2026-06-01 10:25:00,247.4,247.54,247.22,247.48,58400
2026-06-01 10:30:00,247.48,247.82,247.4,247.63,69130
2026-06-01 10:35:00,247.63,247.8,247.46,247.51,67373
2026-06-01 10:40:00,247.51,247.76,247.49,247.61,121699
2026-06-01 10:45:00,247.61,248.04,247.47,247.99,67326
2026-06-01 10:50:00,247.99,248.14,247.98,248.07,70828
2026-06-01 10:55:00,248.07,248.37,247.98,248.34,57430
2026-06-01 11:00:00,248.34,248.56,248.34,248.53,52277
2026-06-01 11:05:00,248.53,248.55,248.34,248.42,63996
2026-06-01 11:10:00,248.42,248.47,248.06,248.1,102238
2026-06-01 11:15:00,248.1,248.13,247.87,247.97,41485
2026-06-01 11:20:00,247.97,248.0,247.71,247.94,66051
2026-06-01 11:25:00,247.94,248.15,247.89,248.1,76179
2026-06-01 11:30:00,248.1,248.12,247.73,247.78,74476
2026-06-01 11:35:00,247.78,247.9,247.68,247.8,84975
2026-06-01 11:40:00,247.8,247.92,247.71,247.75,124974
2026-06-01 11:45:00,247.75,247.92,247.65,247.91,102327
2026-06-01 11:50:00,247.91,247.95,247.28,247.37,89055
2026-06-01 11:55:00,247.37,247.5,247.36,247.44,84181
2026-06-01 12:00:00,247.44,247.46,247.19,247.37,68209
2026-06-01 12:05:00,247.37,247.55,247.33,247.4,152582
2026-06-01 12:10:00,247.4,247.64,247.37,247.59,41682
2026-06-01 12:15:00,247.59,247.78,247.58,247.74,101126
2026-06-01 12:20:00,247.74,247.83,247.49,247.54,76972
2026-06-01 12:25:00,247.54,247.61,246.87,246.93,44179
2026-06-01 12:30:00,246.93,246.96,246.8,246.81,61088
2026-06-01 12:35:00,246.81,246.94,246.71,246.81,40286
2026-06-01 12:40:00,246.81,247.06,246.75,246.99,72407
2026-06-01 12:45:00,246.99,247.13,246.91,247.09,67356
2026-06-01 12:50:00,247.09,247.17,247.06,247.16,119877
2026-06-01 12:55:00,247.16,247.33,247.07,247.32,37386
2026-06-01 13:00:00,247.32,247.51,247.22,247.48,133705
2026-06-01 13:05:00,247.48,247.7,247.47,247.55,63086
2026-06-01 13:10:00,247.55,247.74,247.42,247.67,127616
2026-06-01 13:15:00,247.67,247.82,247.45,247.6,75540
2026-06-01 13:20:00,247.6,247.64,247.37,247.52,70690
2026-06-01 13:25:00,247.52,247.69,247.45,247.62,97099
2026-06-01 13:30:00,247.62,247.91,247.62,247.8,83009
2026-06-01 13:35:00,247.8,247.91,247.76,247.77,114607
2026-06-01 13:40:00,247.77,247.78,247.53,247.65,43537
2026-06-01 13:45:00,247.65,247.72,247.46,247.58,112860
2026-06-01 13:50:00,247.58,247.79,247.54,247.57,87878
2026-06-01 13:55:00,247.57,247.71,247.2,247.28,80215
2026-06-01 14:00:00,247.28,247.3,247.07,247.12,84437
2026-06-01 14:05:00,247.12,247.33,247.0,247.31,83088
2026-06-01 14:10:00,247.31,247.79,247.19,247.73,117928
2026-06-01 14:15:00,247.73,248.01,247.66,247.76,53171
2026-06-01 14:20:00,247.76,248.09,247.65,247.93,94805
2026-06-01 14:25:00,247.93,247.97,247.74,247.82,99001
2026-06-01 14:30:00,247.82,247.91,247.67,247.75,41109
2026-06-01 14:35:00,247.75,247.88,247.5,247.55,68931
2026-06-01 14:40:00,247.55,247.84,247.18,247.26,159282
2026-06-01 14:45:00,247.26,247.66,247.2,247.65,103553
2026-06-01 14:50:00,247.65,247.67,247.13,247.18,131474
2026-06-01 14:55:00,247.18,247.26,247.04,247.15,74526
2026-06-01 15:00:00,247.15,247.17,246.82,247.04,82550
2026-06-01 15:05:00,247.04,247.1,246.48,246.97,131269
2026-06-01 15:10:00,246.97,247.16,246.65,246.88,101794
2026-06-01 15:15:00,246.88,246.89,246.24,246.28,111938
2026-06-01 15:20:00,246.28,246.94,246.18,246.8,141395
2026-06-01 15:25:00,246.8,247.33,246.57,247.15,139955
2026-06-02 09:15:00,246.74,246.99,246.44,246.49,94307
2026-06-02 09:20:00,246.49,246.55,245.73,245.74,128485
2026-06-02 09:25:00,245.74,245.81,245.02,245.08,129876
2026-06-02 09:30:00,245.08,245.2,244.56,244.71,108588
2026-06-02 09:35:00,244.71,245.12,244.12,244.18,164918
2026-06-02 09:40:00,244.18,244.43,243.8,243.95,154126
2026-06-02 09:45:00,243.95,244.34,243.88,243.95,131991
2026-06-02 09:50:00,243.95,244.26,243.87,243.93,114966
2026-06-02 09:55:00,243.93,244.04,243.57,243.59,93841
2026-06-02 10:00:00,243.59,243.63,242.78,242.87,113737
2026-06-02 10:05:00,242.87,242.94,242.69,242.9,69940
2026-06-02 10:10:00,242.9,242.93,242.56,242.6,99911
2026-06-02 10:15:00,242.6,242.97,242.57,242.91,108323
2026-06-02 10:20:00,242.91,242.93,242.55,242.83,77180
2026-06-02 10:25:00,242.83,243.16,242.71,243.02,51419
2026-06-02 10:30:00,243.02,243.09,242.82,242.96,132019
2026-06-02 10:35:00,242.96,243.11,242.55,242.7,121962
2026-06-02 10:40:00,242.7,242.72,242.53,242.6,112424
2026-06-02 10:45:00,242.6,242.71,242.44,242.66,77784
2026-06-02 10:50:00,242.66,242.87,242.6,242.7,62732
2026-06-02 10:55:00,242.7,243.3,242.63,243.22,79985
2026-06-02 11:00:00,243.22,243.57,243.06,243.44,87381
2026-06-02 11:05:00,243.44,243.84,243.43,243.78,97524
2026-06-02 11:10:00,243.78,244.02,243.74,243.98,80665
2026-06-02 11:15:00,243.98,243.99,243.59,243.59,110200
2026-06-02 11:20:00,243.59,243.72,243.51,243.57,78490
2026-06-02 11:25:00,243.57,243.59,243.35,243.43,67155
2026-06-02 11:30:00,243.43,243.49,243.19,243.33,95475
2026-06-02 11:35:00,243.33,243.37,243.08,243.36,65423
2026-06-02 11:40:00,243.36,243.73,243.34,243.73,58328
2026-06-02 11:45:00,243.73,243.81,243.23,243.28,66292
2026-06-02 11:50:00,243.28,243.35,243.13,243.31,72140
2026-06-02 11:55:00,243.31,243.35,242.84,242.85,104203
2026-06-02 12:00:00,242.85,243.61,242.82,243.61,165039
2026-06-02 12:05:00,243.61,243.64,243.38,243.61,63692
2026-06-02 12:10:00,243.61,243.66,243.36,243.41,102893
2026-06-02 12:15:00,243.41,243.6,243.37,243.52,46093
2026-06-02 12:20:00,243.52,243.73,243.44,243.63,84372
2026-06-02 12:25:00,243.63,243.69,243.32,243.4,104330
2026-06-02 12:30:00,243.4,243.45,243.07,243.09,38258
2026-06-02 12:35:00,243.09,243.65,243.05,243.41,69402
2026-06-02 12:40:00,243.41,243.54,243.29,243.42,49733
2026-06-02 12:45:00,243.42,243.69,243.41,243.52,106292
2026-06-02 12:50:00,243.52,243.7,243.47,243.67,80899
2026-06-02 12:55:00,243.67,243.82,243.59,243.77,61697
2026-06-02 13:00:00,243.77,244.03,243.69,243.96,112716
2026-06-02 13:05:00,243.96,243.99,243.71,243.85,57156
2026-06-02 13:10:00,243.85,243.9,243.37,243.45,63585
2026-06-02 13:15:00,243.45,243.51,243.37,243.39,72219
2026-06-02 13:20:00,243.39,243.57,243.29,243.47,77055
2026-06-02 13:25:00,243.47,243.66,243.31,243.37,60936
2026-06-02 13:30:00,243.37,243.58,243.37,243.56,54151
2026-06-02 13:35:00,243.56,243.98,243.54,243.94,42441
2026-06-02 13:40:00,243.94,244.41,243.71,244.31,87405
2026-06-02 13:45:00,244.31,244.44,244.24,244.26,86340
2026-06-02 13:50:00,244.26,244.32,244.09,244.12,87513
2026-06-02 13:55:00,244.12,244.14,243.86,243.93,122274
2026-06-02 14:00:00,243.93,244.06,243.74,244.03,83193
2026-06-02 14:05:00,244.03,244.05,243.85,243.86,80355
2026-06-02 14:10:00,243.86,244.01,243.57,243.69,81682
2026-06-02 14:15:00,243.69,243.71,243.21,243.39,77241
2026-06-02 14:20:00,243.39,243.59,243.31,243.53,53482
2026-06-02 14:25:00,243.53,243.96,243.44,243.91,89060
2026-06-02 14:30:00,243.91,244.94,243.84,244.91,89468
2026-06-02 14:35:00,244.91,245.05,244.82,245.0,46007
2026-06-02 14:40:00,245.0,245.27,244.93,244.95,48469
2026-06-02 14:45:00,244.95,245.39,244.81,245.03,120924
2026-06-02 14:50:00,245.03,245.35,244.86,244.9,44815
2026-06-02 14:55:00,244.9,244.95,244.47,244.69,110633
2026-06-02 15:00:00,244.69,244.72,244.05,244.06,70028
2026-06-02 15:05:00,244.06,244.1,243.91,243.99,138617
2026-06-02 15:10:00,243.99,244.15,243.65,243.92,88806
2026-06-02 15:15:00,243.92,243.99,243.73,243.85,73970
2026-06-02 15:20:00,243.85,243.96,243.41,243.54,211404
2026-06-02 15:25:00,243.54,243.69,242.64,242.94,98733
2026-06-03 09:15:00,242.95,243.09,242.75,243.01,153143
2026-06-03 09:20:00,243.01,243.19,242.83,243.0,128632
2026-06-03 09:25:00,243.0,243.87,242.88,243.19,96646
2026-06-03 09:30:00,243.19,243.65,242.87,243.57,199152
2026-06-03 09:35:00,243.57,243.67,243.07,243.34,111788
2026-06-03 09:40:00,243.34,243.54,243.2,243.5,103581
2026-06-03 09:45:00,243.5,243.9,243.02,243.81,149078
2026-06-03 09:50:00,243.81,243.91,242.97,242.97,115646
2026-06-03 09:55:00,242.97,242.99,242.58,242.76,81970
2026-06-03 10:00:00,242.76,242.91,242.54,242.61,115670
2026-06-03 10:05:00,242.61,242.73,242.36,242.7,112861
2026-06-03 10:10:00,242.7,242.7,242.24,242.35,136656
2026-06-03 10:15:00,242.35,242.39,241.77,241.87,98136
2026-06-03 10:20:00,241.87,242.03,241.59,241.6,85974
2026-06-03 10:25:00,241.6,241.88,241.48,241.84,72825
2026-06-03 10:30:00,241.84,241.91,241.69,241.89,53850
2026-06-03 10:35:00,241.89,242.38,241.87,242.31,94303
2026-06-03 10:40:00,242.31,242.58,242.23,242.56,89292
2026-06-03 10:45:00,242.56,242.61,242.46,242.52,114359
2026-06-03 10:50:00,242.52,242.74,242.51,242.54,116607
2026-06-03 10:55:00,242.54,242.85,242.41,242.75,83202
2026-06-03 11:00:00,242.75,242.88,242.37,242.43,67367
2026-06-03 11:05:00,242.43,242.65,242.13,242.15,77421
2026-06-03 11:10:00,242.15,242.24,241.43,241.6,109948
2026-06-03 11:15:00,241.6,241.76,241.51,241.57,142624
2026-06-03 11:20:00,241.57,241.68,241.31,241.67,67682
2026-06-03 11:25:00,241.67,241.69,241.21,241.34,52948
2026-06-03 11:30:00,241.34,241.47,241.15,241.19,61864
2026-06-03 11:35:00,241.19,241.2,240.91,241.07,67090
2026-06-03 11:40:00,241.07,241.08,240.7,240.91,97137
2026-06-03 11:45:00,240.91,241.21,240.77,241.18,77818
2026-06-03 11:50:00,241.18,241.6,241.15,241.54,80581
2026-06-03 11:55:00,241.54,241.73,241.47,241.65,54838
2026-06-03 12:00:00,241.65,241.68,241.44,241.49,95338
2026-06-03 12:05:00,241.49,241.63,241.3,241.34,38297
2026-06-03 12:10:00,241.34,241.54,241.15,241.38,73288
2026-06-03 12:15:00,241.38,241.54,241.16,241.2,73944
2026-06-03 12:20:00,241.2,241.37,241.04,241.32,93119
2026-06-03 12:25:00,241.32,241.51,241.07,241.12,33760
2026-06-03 12:30:00,241.12,241.13,240.42,240.57,96519
2026-06-03 12:35:00,240.57,240.7,240.36,240.42,40973
2026-06-03 12:40:00,240.42,240.62,240.41,240.54,97084
2026-06-03 12:45:00,240.54,240.85,240.33,240.73,93245
2026-06-03 12:50:00,240.73,240.75,240.26,240.31,57785
2026-06-03 12:55:00,240.31,240.49,239.98,240.06,89838
2026-06-03 13:00:00,240.06,240.32,240.04,240.2,109826
2026-06-03 13:05:00,240.2,240.21,239.78,239.87,89255
2026-06-03 13:10:00,239.87,239.97,239.65,239.92,69432
2026-06-03 13:15:00,239.92,240.43,239.89,240.32,88386
2026-06-03 13:20:00,240.32,240.59,240.13,240.49,159974
2026-06-03 13:25:00,240.49,240.66,240.19,240.2,69593
2026-06-03 13:30:00,240.2,240.72,240.18,240.6,97457
2026-06-03 13:35:00,240.6,240.67,240.2,240.22,95809
2026-06-03 13:40:00,240.22,240.33,240.01,240.17,71886
2026-06-03 13:45:00,240.17,240.45,240.03,240.16,60864
2026-06-03 13:50:00,240.16,240.62,240.13,240.6,52163
2026-06-03 13:55:00,240.6,240.72,240.25,240.28,71910
2026-06-03 14:00:00,240.28,240.31,239.84,240.06,126822
2026-06-03 14:05:00,240.06,240.29,240.02,240.23,66125
2026-06-03 14:10:00,240.23,240.5,240.22,240.42,107994
2026-06-03 14:15:00,240.42,240.45,240.1,240.18,76955
2026-06-03 14:20:00,240.18,240.23,239.99,240.2,50180
2026-06-03 14:25:00,240.2,240.27,239.9,240.01,50982
2026-06-03 14:30:00,240.01,240.45,240.01,240.33,172310
2026-06-03 14:35:00,240.33,240.73,240.23,240.29,112973
2026-06-03 14:40:00,240.29,240.35,240.06,240.18,64099
2026-06-03 14:45:00,240.18,240.57,240.11,240.45,151269
2026-06-03 14:50:00,240.45,240.8,240.4,240.73,57082
2026-06-03 14:55:00,240.73,240.93,240.34,240.42,113487
2026-06-03 15:00:00,240.42,240.46,240.1,240.33,78143
2026-06-03 15:05:00,240.33,240.47,240.04,240.13,97063
2026-06-03 15:10:00,240.13,240.31,240.03,240.04,115182
2026-06-03 15:15:00,240.04,240.51,239.96,240.39,94183
2026-06-03 15:20:00,240.39,240.49,240.17,240.43,85940
2026-06-03 15:25:00,240.43,240.7,239.76,239.88,139799
2026-06-04 09:15:00,239.42,239.98,239.19,239.91,121753
2026-06-04 09:20:00,239.91,239.99,239.45,239.82,239540
2026-06-04 09:25:00,239.82,239.96,238.57,238.66,99470
2026-06-04 09:30:00,238.66,238.93,238.03,238.13,53064
2026-06-04 09:35:00,238.13,238.25,237.5,237.54,137064
2026-06-04 09:40:00,237.54,238.21,237.46,238.03,98067
2026-06-04 09:45:00,238.03,238.47,237.94,238.31,91178
2026-06-04 09:50:00,238.31,238.51,237.87,238.36,251560
2026-06-04 09:55:00,238.36,238.61,238.28,238.53,67291
2026-06-04 10:00:00,238.53,238.99,238.51,238.72,187468
2026-06-04 10:05:00,238.72,239.23,238.6,239.18,113071
2026-06-04 10:10:00,239.18,239.19,238.73,239.01,95475
2026-06-04 10:15:00,239.01,239.22,238.99,239.2,51025
2026-06-04 10:20:00,239.2,239.32,239.08,239.24,102460
2026-06-04 10:25:00,239.24,239.5,239.1,239.42,40255
2026-06-04 10:30:00,239.42,239.54,239.23,239.26,78094
2026-06-04 10:35:00,239.26,239.59,239.2,239.37,71720
2026-06-04 10:40:00,239.37,239.5,239.19,239.26,87462
2026-06-04 10:45:00,239.26,239.83,239.14,239.81,126816
2026-06-04 10:50:00,239.81,239.96,239.7,239.79,91730
2026-06-04 10:55:00,239.79,239.8,239.36,239.37,80494
2026-06-04 11:00:00,239.37,239.54,239.19,239.25,108345
2026-06-04 11:05:00,239.25,239.51,239.22,239.26,89396
2026-06-04 11:10:00,239.26,239.34,239.08,239.22,90245
2026-06-04 11:15:00,239.22,239.49,239.21,239.49,49953
2026-06-04 11:20:00,239.49,239.56,239.08,239.1,96357
2026-06-04 11:25:00,239.1,239.42,239.05,239.4,37891
2026-06-04 11:30:00,239.4,239.49,239.21,239.4,102450
2026-06-04 11:35:00,239.4,239.42,239.0,239.06,148595
2026-06-04 11:40:00,239.06,239.28,239.02,239.26,40949
2026-06-04 11:45:00,239.26,239.55,238.92,239.04,83702
2026-06-04 11:50:00,239.04,239.61,239.04,239.56,59164
2026-06-04 11:55:00,239.56,239.73,239.38,239.72,93724
2026-06-04 12:00:00,239.72,239.89,239.53,239.7,89807
2026-06-04 12:05:00,239.7,239.72,239.45,239.69,73168
2026-06-04 12:10:00,239.69,240.13,239.55,240.03,79012
2026-06-04 12:15:00,240.03,240.16,239.88,240.08,57278
2026-06-04 12:20:00,240.08,240.1,239.64,239.83,64871
2026-06-04 12:25:00,239.83,240.12,239.79,240.1,47807
2026-06-04 12:30:00,240.1,240.2,239.64,239.66,35782
2026-06-04 12:35:00,239.66,239.72,239.31,239.5,66524
2026-06-04 12:40:00,239.5,239.93,239.48,239.93,48563
2026-06-04 12:45:00,239.93,239.97,239.8,239.86,60908
2026-06-04 12:50:00,239.86,240.2,239.85,239.97,96837
2026-06-04 12:55:00,239.97,240.17,239.87,240.16,40976
2026-06-04 13:00:00,240.16,240.38,240.09,240.16,101291
2026-06-04 13:05:00,240.16,240.24,239.68,239.99,99545
2026-06-04 13:10:00,239.99,240.05,239.85,239.99,85029
2026-06-04 13:15:00,239.99,240.13,239.91,240.06,67745
2026-06-04 13:20:00,240.06,240.43,239.95,240.34,124120
2026-06-04 13:25:00,240.34,240.61,240.27,240.57,63060
2026-06-04 13:30:00,240.57,240.67,240.2,240.2,33827
2026-06-04 13:35:00,240.2,240.25,239.8,239.9,83245
2026-06-04 13:40:00,239.9,240.01,239.84,239.95,77550
2026-06-04 13:45:00,239.95,240.0,239.69,239.73,216176
2026-06-04 13:50:00,239.73,239.98,239.66,239.95,86060
2026-06-04 13:55:00,239.95,240.41,239.81,240.21,56464
2026-06-04 14:00:00,240.21,240.26,239.74,239.78,87282
2026-06-04 14:05:00,239.78,239.84,239.54,239.8,68386
2026-06-04 14:10:00,239.8,240.02,239.73,239.73,97882
2026-06-04 14:15:00,239.73,240.07,239.7,240.06,90345
2026-06-04 14:20:00,240.06,240.34,239.98,240.21,68696
2026-06-04 14:25:00,240.21,240.38,240.08,240.37,92846
2026-06-04 14:30:00,240.37,240.52,240.06,240.17,124968
2026-06-04 14:35:00,240.17,240.22,239.37,239.41,118739
2026-06-04 14:40:00,239.41,239.53,238.96,238.99,72752
2026-06-04 14:45:00,238.99,239.41,238.9,239.33,124115
2026-06-04 14:50:00,239.33,239.63,239.31,239.54,104982
2026-06-04 14:55:00,239.54,239.76,239.34,239.7,51764
2026-06-04 15:00:00,239.7,240.05,239.48,239.92,213878
2026-06-04 15:05:00,239.92,240.13,239.77,239.84,177002
2026-06-04 15:10:00,239.84,239.89,239.73,239.73,142527
2026-06-04 15:15:00,239.73,240.01,239.56,239.89,128039
2026-06-04 15:20:00,239.89,240.39,239.85,240.28,248007
2026-06-04 15:25:00,240.28,240.38,239.8,239.87,157902
2026-06-05 09:15:00,240.47,240.58,240.02,240.32,153690
2026-06-05 09:20:00,240.32,241.17,240.21,240.5,165585
2026-06-05 09:25:00,240.5,240.66,240.0,240.62,204270
2026-06-05 09:30:00,240.62,241.15,240.57,241.0,122867
2026-06-05 09:35:00,241.0,241.25,240.88,241.15,169493
2026-06-05 09:40:00,241.15,241.22,240.64,241.08,166266
2026-06-05 09:45:00,241.08,241.61,240.92,241.39,88058
2026-06-05 09:50:00,241.39,241.79,240.89,241.62,126434
2026-06-05 09:55:00,241.62,241.8,240.94,241.01,105147
2026-06-05 10:00:00,241.01,241.22,240.88,241.14,138547
2026-06-05 10:05:00,241.14,241.21,240.91,241.16,111244
2026-06-05 10:10:00,241.16,241.19,240.92,241.15,117987
2026-06-05 10:15:00,241.15,241.21,240.88,241.06,65552
2026-06-05 10:20:00,241.06,241.2,240.9,241.17,92335
2026-06-05 10:25:00,241.17,241.94,241.07,241.93,68635
2026-06-05 10:30:00,241.93,241.99,241.75,241.77,80350
2026-06-05 10:35:00,241.77,242.01,241.76,242.0,115284
2026-06-05 10:40:00,242.0,242.44,241.99,242.3,142888
2026-06-05 10:45:00,242.3,242.46,242.14,242.27,43297
2026-06-05 10:50:00,242.27,242.55,242.26,242.53,93973
2026-06-05 10:55:00,242.53,242.54,242.05,242.33,48065
2026-06-05 11:00:00,242.33,242.35,241.9,242.01,50955
2026-06-05 11:05:00,242.01,242.59,241.95,242.57,80995
2026-06-05 11:10:00,242.57,242.58,242.17,242.49,66586
2026-06-05 11:15:00,242.49,242.98,242.48,242.87,51083
2026-06-05 11:20:00,242.87,242.88,242.43,242.5,97176
2026-06-05 11:25:00,242.5,242.82,242.42,242.63,73227
2026-06-05 11:30:00,242.63,242.67,242.25,242.66,43805
2026-06-05 11:35:00,242.66,242.7,242.17,242.24,107009
2026-06-05 11:40:00,242.24,242.66,242.23,242.61,87626
2026-06-05 11:45:00,242.61,242.88,242.49,242.59,52868
2026-06-05 11:50:00,242.59,242.82,242.55,242.77,50470
2026-06-05 11:55:00,242.77,242.8,242.03,242.08,43280
2026-06-05 12:00:00,242.08,242.13,241.42,241.48,90131
2026-06-05 12:05:00,241.48,241.82,241.45,241.66,56708
2026-06-05 12:10:00,241.66,241.79,241.58,241.77,38907
2026-06-05 12:15:00,241.77,241.91,241.63,241.65,37681
2026-06-05 12:20:00,241.65,241.74,241.45,241.63,88689
2026-06-05 12:25:00,241.63,241.72,241.35,241.43,74604
2026-06-05 12:30:00,241.43,241.51,240.84,240.85,78298
2026-06-05 12:35:00,240.85,241.29,240.8,241.17,92384
2026-06-05 12:40:00,241.17,241.55,241.1,241.3,94381
2026-06-05 12:45:00,241.3,241.62,241.16,241.47,87057
2026-06-05 12:50:00,241.47,241.48,241.29,241.29,50541
2026-06-05 12:55:00,241.29,241.31,240.99,241.11,62628
2026-06-05 13:00:00,241.11,241.27,240.86,241.16,68980
2026-06-05 13:05:00,241.16,241.18,240.96,241.06,95763
2026-06-05 13:10:00,241.06,241.17,240.94,241.16,74749
2026-06-05 13:15:00,241.16,241.25,240.94,240.98,74389
2026-06-05 13:20:00,240.98,241.24,240.85,240.94,73079
2026-06-05 13:25:00,240.94,241.03,240.63,240.93,51440
2026-06-05 13:30:00,240.93,240.96,240.6,240.61,55020
2026-06-05 13:35:00,240.61,240.65,240.48,240.48,76434
2026-06-05 13:40:00,240.48,240.49,240.03,240.1,102839
2026-06-05 13:45:00,240.1,240.21,240.08,240.16,55965
2026-06-05 13:50:00,240.16,240.43,240.07,240.41,63837
2026-06-05 13:55:00,240.41,241.0,240.4,240.83,83512
2026-06-05 14:00:00,240.83,240.98,240.59,240.7,44927
2026-06-05 14:05:00,240.7,241.09,240.68,240.93,89149
2026-06-05 14:10:00,240.93,241.05,240.85,240.94,65295
2026-06-05 14:15:00,240.94,241.03,240.8,241.01,120326
2026-06-05 14:20:00,241.01,241.04,240.79,240.79,49213
2026-06-05 14:25:00,240.79,240.97,240.68,240.81,77251
2026-06-05 14:30:00,240.81,240.92,240.68,240.76,102090
2026-06-05 14:35:00,240.76,240.87,240.48,240.79,107149
2026-06-05 14:40:00,240.79,240.79,240.41,240.54,61304
2026-06-05 14:45:00,240.54,240.59,240.1,240.16,91565
2026-06-05 14:50:00,240.16,240.18,239.76,239.82,56233
2026-06-05 14:55:00,239.82,239.84,239.36,239.43,151467
2026-06-05 15:00:00,239.43,239.47,238.94,239.0,105515
2026-06-05 15:05:00,239.0,239.26,238.69,239.07,75189
2026-06-05 15:10:00,239.07,239.23,238.85,238.91,83543
2026-06-05 15:15:00,238.91,239.04,238.64,238.76,141350
2026-06-05 15:20:00,238.76,238.81,237.98,238.36,94475
2026-06-05 15:25:00,238.36,238.69,237.74,238.03,193518
2026-06-08 09:15:00,239.06,240.24,238.95,239.75,111821
2026-06-08 09:20:00,239.75,240.23,239.67,240.21,319192
2026-06-08 09:25:00,240.21,240.25,239.6,239.63,127672
2026-06-08 09:30:00,239.63,239.73,238.86,238.95,180965
2026-06-08 09:35:00,238.95,239.11,238.55,238.68,76015
2026-06-08 09:40:00,238.68,238.73,238.44,238.62,192545
2026-06-08 09:45:00,238.62,238.74,238.32,238.66,163907
2026-06-08 09:50:00,238.66,239.09,238.54,238.83,161595
2026-06-08 09:55:00,238.83,239.11,238.68,239.03,79581
2026-06-08 10:00:00,239.03,239.05,238.76,238.95,255911
2026-06-08 10:05:00,238.95,239.33,238.82,239.12,90581
2026-06-08 10:10:00,239.12,239.21,238.87,239.0,93621
2026-06-08 10:15:00,239.0,239.08,238.65,238.7,75210
2026-06-08 10:20:00,238.7,238.74,238.6,238.65,99738
2026-06-08 10:25:00,238.65,238.68,238.37,238.4,60377
2026-06-08 10:30:00,238.4,238.67,238.36,238.54,100388
2026-06-08 10:35:00,238.54,238.56,238.34,238.4,69257
2026-06-08 10:40:00,238.4,238.61,238.2,238.4,110027
2026-06-08 10:45:00,238.4,238.66,238.36,238.59,52522
2026-06-08 10:50:00,238.59,238.68,238.3,238.31,75971
2026-06-08 10:55:00,238.31,238.33,237.73,237.74,112035
2026-06-08 11:00:00,237.74,238.02,237.57,237.99,110400
2026-06-08 11:05:00,237.99,238.18,237.77,237.84,125397
2026-06-08 11:10:00,237.84,238.12,237.78,237.99,73548
2026-06-08 11:15:00,237.99,238.37,237.96,238.11,119584
2026-06-08 11:20:00,238.11,238.17,237.8,237.86,44777
2026-06-08 11:25:00,237.86,238.13,237.74,237.99,52420
2026-06-08 11:30:00,237.99,238.11,237.85,238.04,129556
2026-06-08 11:35:00,238.04,238.09,237.68,237.77,60108
2026-06-08 11:40:00,237.77,237.86,237.5,237.53,112168
2026-06-08 11:45:00,237.53,237.57,237.29,237.35,47141
2026-06-08 11:50:00,237.35,237.41,236.97,237.18,63300
2026-06-08 11:55:00,237.18,237.43,237.07,237.12,84956
2026-06-08 12:00:00,237.12,237.35,236.98,237.2,74150
2026-06-08 12:05:00,237.2,237.32,236.93,237.18,52419
2026-06-08 12:10:00,237.18,237.2,236.74,236.82,105336
2026-06-08 12:15:00,236.82,237.5,236.71,237.45,68336
2026-06-08 12:20:00,237.45,237.47,237.02,237.19,49556
2026-06-08 12:25:00,237.19,237.38,237.05,237.29,55937
2026-06-08 12:30:00,237.29,237.43,237.04,237.2,143601
2026-06-08 12:35:00,237.2,237.66,237.18,237.58,43782
2026-06-08 12:40:00,237.58,237.66,237.4,237.6,47742
2026-06-08 12:45:00,237.6,238.34,237.53,238.26,68521
2026-06-08 12:50:00,238.26,238.29,238.0,238.17,55685
2026-06-08 12:55:00,238.17,238.48,238.15,238.38,67453
2026-06-08 13:00:00,238.38,238.49,238.25,238.45,68437
2026-06-08 13:05:00,238.45,238.63,238.43,238.51,74559
2026-06-08 13:10:00,238.51,238.56,238.19,238.25,64852
2026-06-08 13:15:00,238.25,238.36,238.11,238.34,73009
2026-06-08 13:20:00,238.34,238.51,238.17,238.41,46157
2026-06-08 13:25:00,238.41,238.94,238.34,238.94,114006
2026-06-08 13:30:00,238.94,239.11,238.89,239.03,36596
2026-06-08 13:35:00,239.03,239.13,238.71,238.78,54233
2026-06-08 13:40:00,238.78,238.83,238.53,238.7,113159
2026-06-08 13:45:00,238.7,239.03,238.54,238.98,93723
2026-06-08 13:50:00,238.98,239.3,238.98,239.13,56588
2026-06-08 13:55:00,239.13,239.38,239.05,239.35,90973
2026-06-08 14:00:00,239.35,239.6,239.31,239.58,28376
2026-06-08 14:05:00,239.58,239.99,239.5,239.91,75411
2026-06-08 14:10:00,239.91,240.07,239.7,239.89,87448
2026-06-08 14:15:00,239.89,240.18,239.83,240.17,101066
2026-06-08 14:20:00,240.17,240.63,240.09,240.6,75036
2026-06-08 14:25:00,240.6,240.79,240.6,240.68,82581
2026-06-08 14:30:00,240.68,240.73,240.59,240.6,106209
2026-06-08 14:35:00,240.6,240.95,240.54,240.8,62698
2026-06-08 14:40:00,240.8,240.81,240.39,240.48,72620
2026-06-08 14:45:00,240.48,240.96,240.35,240.64,65668
2026-06-08 14:50:00,240.64,240.68,240.33,240.61,119269
2026-06-08 14:55:00,240.61,241.2,240.58,241.08,60700
2026-06-08 15:00:00,241.08,241.82,240.99,241.59,100595
2026-06-08 15:05:00,241.59,241.89,241.53,241.78,144058
2026-06-08 15:10:00,241.78,242.36,241.6,242.27,107811
2026-06-08 15:15:00,242.27,242.76,242.23,242.46,139240
2026-06-08 15:20:00,242.46,242.66,242.0,242.12,93787
2026-06-08 15:25:00,242.12,243.34,242.07,243.28,134497
2026-06-09 09:15:00,242.07,242.18,240.78,240.97,213383
2026-06-09 09:20:00,240.97,241.39,240.8,241.23,157085
2026-06-09 09:25:00,241.23,241.94,241.02,241.89,218965
2026-06-09 09:30:00,241.89,242.03,241.42,241.94,92126
2026-06-09 09:35:00,241.94,242.1,241.58,242.06,84223
2026-06-09 09:40:00,242.06,242.24,241.76,241.85,174948
2026-06-09 09:45:00,241.85,241.91,241.28,241.57,107215
2026-06-09 09:50:00,241.57,241.67,241.35,241.35,78206
2026-06-09 09:55:00,241.35,241.6,241.18,241.4,58329
2026-06-09 10:00:00,241.4,241.5,241.27,241.38,85935
2026-06-09 10:05:00,241.38,241.5,241.07,241.49,141743
2026-06-09 10:10:00,241.49,241.6,241.29,241.43,103839
2026-06-09 10:15:00,241.43,241.73,241.38,241.67,75257
2026-06-09 10:20:00,241.67,241.69,241.2,241.31,89113
2026-06-09 10:25:00,241.31,241.41,241.15,241.25,51999
2026-06-09 10:30:00,241.25,241.65,241.21,241.59,89178
2026-06-09 10:35:00,241.59,241.64,241.03,241.07,118090
2026-06-09 10:40:00,241.07,241.08,240.76,240.77,77630
2026-06-09 10:45:00,240.77,241.07,240.65,240.96,71280
2026-06-09 10:50:00,240.96,240.97,240.81,240.86,60810
2026-06-09 10:55:00,240.86,241.42,240.8,241.34,91958
2026-06-09 11:00:00,241.34,241.63,241.26,241.56,57585
2026-06-09 11:05:00,241.56,241.58,241.43,241.51,98646
2026-06-09 11:10:00,241.51,241.79,241.47,241.65,78020
2026-06-09 11:15:00,241.65,242.13,241.65,241.94,67882
2026-06-09 11:20:00,241.94,242.18,241.89,242.18,97449
2026-06-09 11:25:00,242.18,242.53,242.09,242.4,105515
2026-06-09 11:30:00,242.4,242.8,242.19,242.62,56713
2026-06-09 11:35:00,242.62,242.66,242.5,242.54,56341
2026-06-09 11:40:00,242.54,242.64,242.5,242.59,57621
2026-06-09 11:45:00,242.59,242.65,242.35,242.44,106933
2026-06-09 11:50:00,242.44,242.59,242.35,242.49,95277
2026-06-09 11:55:00,242.49,242.59,242.09,242.11,32880
2026-06-09 12:00:00,242.11,242.3,241.89,241.97,54138
2026-06-09 12:05:00,241.97,242.07,241.74,241.81,48832
2026-06-09 12:10:00,241.81,241.92,241.56,241.82,133327
2026-06-09 12:15:00,241.82,241.87,241.51,241.52,64315
2026-06-09 12:20:00,241.52,241.76,241.51,241.75,149654
2026-06-09 12:25:00,241.75,241.82,241.3,241.47,145301
2026-06-09 12:30:00,241.47,241.61,241.34,241.59,57333
2026-06-09 12:35:00,241.59,241.69,241.45,241.52,81857
2026-06-09 12:40:00,241.52,241.67,241.23,241.28,106370
2026-06-09 12:45:00,241.28,241.82,241.23,241.78,62405
2026-06-09 12:50:00,241.78,241.96,241.62,241.91,83921
2026-06-09 12:55:00,241.91,242.0,241.45,241.54,92227
2026-06-09 13:00:00,241.54,241.59,241.39,241.43,74294
2026-06-09 13:05:00,241.43,241.52,241.01,241.22,44459
2026-06-09 13:10:00,241.22,241.72,241.14,241.64,69711
2026-06-09 13:15:00,241.64,241.85,241.62,241.64,68992
2026-06-09 13:20:00,241.64,242.17,241.59,242.12,84012
2026-06-09 13:25:00,242.12,242.29,242.02,242.19,40275
2026-06-09 13:30:00,242.19,242.56,242.03,242.35,78164
2026-06-09 13:35:00,242.35,242.39,242.01,242.03,76376
2026-06-09 13:40:00,242.03,242.11,241.92,242.04,68918
2026-06-09 13:45:00,242.04,242.25,242.02,242.18,75455
2026-06-09 13:50:00,242.18,242.2,242.02,242.19,59753
2026-06-09 13:55:00,242.19,242.27,242.06,242.1,71473
2026-06-09 14:00:00,242.1,242.39,242.05,242.37,62186
2026-06-09 14:05:00,242.37,242.38,241.79,241.92,58166
2026-06-09 14:10:00,241.92,242.15,241.68,241.73,83448
2026-06-09 14:15:00,241.73,241.76,241.22,241.39,82668
2026-06-09 14:20:00,241.39,241.68,241.2,241.62,99748
2026-06-09 14:25:00,241.62,241.92,241.61,241.84,75810
2026-06-09 14:30:00,241.84,241.86,241.48,241.62,82052
2026-06-09 14:35:00,241.62,241.76,241.18,241.34,147438
2026-06-09 14:40:00,241.34,241.44,240.91,240.92,76678
2026-06-09 14:45:00,240.92,241.24,240.9,241.13,72400
2026-06-09 14:50:00,241.13,241.61,241.03,241.57,71044
2026-06-09 14:55:00,241.57,241.64,241.36,241.56,82363
2026-06-09 15:00:00,241.56,241.59,241.14,241.29,103218
2026-06-09 15:05:00,241.29,241.48,241.04,241.21,145376
2026-06-09 15:10:00,241.21,241.39,241.13,241.33,110531
2026-06-09 15:15:00,241.33,241.61,240.87,241.53,93958
2026-06-09 15:20:00,241.53,241.54,240.75,240.79,65439
2026-06-09 15:25:00,240.79,240.89,240.29,240.37,176944
2026-06-10 09:15:00,240.0,241.1,239.92,240.89,354156
2026-06-10 09:20:00,240.89,241.15,240.83,240.95,240096
2026-06-10 09:25:00,240.95,241.18,240.45,240.62,363945
2026-06-10 09:30:00,240.62,241.23,240.43,241.08,140777
2026-06-10 09:35:00,241.08,241.88,240.99,241.79,68832
2026-06-10 09:40:00,241.79,241.79,241.12,241.33,67173
2026-06-10 09:45:00,241.33,241.38,240.88,240.91,72937
2026-06-10 09:50:00,240.91,241.13,240.81,240.91,110261
2026-06-10 09:55:00,240.91,241.0,240.18,240.2,147951
2026-06-10 10:00:00,240.2,240.34,240.1,240.23,58336
2026-06-10 10:05:00,240.23,240.38,239.9,239.99,185491
2026-06-10 10:10:00,239.99,240.43,239.88,240.3,62113
2026-06-10 10:15:00,240.3,240.54,240.26,240.45,98915
2026-06-10 10:20:00,240.45,240.7,240.41,240.7,82033
2026-06-10 10:25:00,240.7,240.81,240.66,240.78,41752
2026-06-10 10:30:00,240.78,241.04,240.7,240.97,86326
2026-06-10 10:35:00,240.97,241.26,240.9,241.18,83349
2026-06-10 10:40:00,241.18,241.47,241.08,241.42,59171
2026-06-10 10:45:00,241.42,241.55,241.2,241.21,71045
2026-06-10 10:50:00,241.21,241.46,241.16,241.44,72964
2026-06-10 10:55:00,241.44,241.56,241.23,241.52,54903
2026-06-10 11:00:00,241.52,241.55,241.19,241.28,106042
2026-06-10 11:05:00,241.28,241.41,241.17,241.4,41441
2026-06-10 11:10:00,241.4,241.45,240.81,240.85,86911
2026-06-10 11:15:00,240.85,240.96,240.53,240.93,75444
2026-06-10 11:20:00,240.93,241.02,240.41,240.47,82836
2026-06-10 11:25:00,240.47,240.5,240.15,240.17,49876
2026-06-10 11:30:00,240.17,240.39,240.04,240.3,59124
2026-06-10 11:35:00,240.3,240.33,239.91,240.01,47718
2026-06-10 11:40:00,240.01,240.03,239.76,239.89,91109
2026-06-10 11:45:00,239.89,240.0,239.74,239.92,51403
2026-06-10 11:50:00,239.92,239.94,239.36,239.54,26828
2026-06-10 11:55:00,239.54,239.94,239.52,239.84,47913
2026-06-10 12:00:00,239.84,239.93,239.6,239.64,58220
2026-06-10 12:05:00,239.64,239.66,239.44,239.49,36380
2026-06-10 12:10:00,239.49,239.77,239.35,239.73,96553
2026-06-10 12:15:00,239.73,240.04,239.62,239.89,88703
2026-06-10 12:20:00,239.89,240.0,239.79,239.82,78701
2026-06-10 12:25:00,239.82,240.06,239.75,240.0,56168
2026-06-10 12:30:00,240.0,240.34,239.92,239.95,80675
2026-06-10 12:35:00,239.95,240.19,239.8,240.06,89942
2026-06-10 12:40:00,240.06,240.09,239.93,239.97,48752
2026-06-10 12:45:00,239.97,240.02,239.83,239.88,79770
2026-06-10 12:50:00,239.88,239.99,239.79,239.89,27538
2026-06-10 12:55:00,239.89,239.94,239.58,239.66,67599
2026-06-10 13:00:00,239.66,239.82,239.53,239.77,74248
2026-06-10 13:05:00,239.77,239.91,239.52,239.85,98082
2026-06-10 13:10:00,239.85,239.92,239.49,239.51,70736
2026-06-10 13:15:00,239.51,240.15,239.42,240.08,55386
2026-06-10 13:20:00,240.08,240.2,239.83,240.14,27707
2026-06-10 13:25:00,240.14,240.4,240.12,240.22,72056
2026-06-10 13:30:00,240.22,240.34,240.16,240.31,71697
2026-06-10 13:35:00,240.31,240.36,239.99,240.08,61365
2026-06-10 13:40:00,240.08,240.3,240.08,240.23,57178
2026-06-10 13:45:00,240.23,240.44,240.2,240.42,79672
2026-06-10 13:50:00,240.42,240.66,240.33,240.4,88512
2026-06-10 13:55:00,240.4,240.48,240.02,240.09,61216
2026-06-10 14:00:00,240.09,240.36,239.9,240.23,83817
2026-06-10 14:05:00,240.23,240.3,240.02,240.21,81139
2026-06-10 14:10:00,240.21,240.24,239.71,239.77,102365
2026-06-10 14:15:00,239.77,239.84,239.4,239.5,73832
2026-06-10 14:20:00,239.5,239.79,239.44,239.44,115984
2026-06-10 14:25:00,239.44,239.72,239.35,239.64,55597
2026-06-10 14:30:00,239.64,239.8,239.54,239.56,129270
2026-06-10 14:35:00,239.56,239.75,239.45,239.67,95409
2026-06-10 14:40:00,239.67,239.84,239.62,239.81,170029
2026-06-10 14:45:00,239.81,240.07,239.47,239.74,66264
2026-06-10 14:50:00,239.74,239.96,239.55,239.72,216575
2026-06-10 14:55:00,239.72,239.92,239.56,239.63,114019
2026-06-10 15:00:00,239.63,239.65,239.1,239.12,86873
2026-06-10 15:05:00,239.12,239.65,239.05,239.64,92344
2026-06-10 15:10:00,239.64,239.96,239.43,239.51,137091
2026-06-10 15:15:00,239.51,239.82,239.4,239.69,145572
2026-06-10 15:20:00,239.69,239.86,239.47,239.51,71184
2026-06-10 15:25:00,239.51,239.55,238.96,239.05,115993
2026-06-11 09:15:00,239.31,240.1,239.16,239.89,347410
2026-06-11 09:20:00,239.89,240.05,239.33,239.69,102441
2026-06-11 09:25:00,239.69,239.97,239.51,239.91,146122
2026-06-11 09:30:00,239.91,240.03,239.37,239.71,215797
2026-06-11 09:35:00,239.71,240.21,239.63,240.02,95886
2026-06-11 09:40:00,240.02,240.19,239.65,240.04,83367
2026-06-11 09:45:00,240.04,240.37,239.78,240.35,73195
2026-06-11 09:50:00,240.35,240.41,240.08,240.19,92590
2026-06-11 09:55:00,240.19,240.23,239.76,240.09,80839
2026-06-11 10:00:00,240.09,240.11,239.92,240.06,84084
2026-06-11 10:05:00,240.06,240.24,239.86,239.95,104216
2026-06-11 10:10:00,239.95,240.42,239.94,240.23,71282
2026-06-11 10:15:00,240.23,240.27,240.12,240.22,153049
2026-06-11 10:20:00,240.22,240.61,240.17,240.58,43335
2026-06-11 10:25:00,240.58,240.73,240.41,240.44,79459
2026-06-11 10:30:00,240.44,240.63,240.44,240.52,105705
2026-06-11 10:35:00,240.52,240.73,240.5,240.67,49539
2026-06-11 10:40:00,240.67,240.7,240.31,240.56,87312
2026-06-11 10:45:00,240.56,240.69,240.34,240.39,75716
2026-06-11 10:50:00,240.39,240.56,240.33,240.45,50186
2026-06-11 10:55:00,240.45,240.57,240.19,240.51,88176
2026-06-11 11:00:00,240.51,241.0,240.48,240.99,77134
2026-06-11 11:05:00,240.99,241.43,240.88,241.43,83626
2026-06-11 11:10:00,241.43,241.55,241.38,241.4,55133
2026-06-11 11:15:00,241.4,241.43,241.06,241.16,100865
2026-06-11 11:20:00,241.16,241.44,241.13,241.34,45169
2026-06-11 11:25:00,241.34,241.61,241.31,241.52,61160
2026-06-11 11:30:00,241.52,241.53,241.0,241.34,88958
2026-06-11 11:35:00,241.34,241.43,241.17,241.38,103362
2026-06-11 11:40:00,241.38,241.5,241.08,241.12,133554
2026-06-11 11:45:00,241.12,241.49,241.06,241.45,63279
2026-06-11 11:50:00,241.45,241.51,241.19,241.23,70620
2026-06-11 11:55:00,241.23,241.27,240.65,240.85,32030
2026-06-11 12:00:00,240.85,240.91,240.61,240.72,60339
2026-06-11 12:05:00,240.72,240.87,240.67,240.83,93308
2026-06-11 12:10:00,240.83,241.06,240.82,240.9,53114
2026-06-11 12:15:00,240.9,241.01,240.8,240.89,102479
2026-06-11 12:20:00,240.89,241.47,240.86,241.45,48963
2026-06-11 12:25:00,241.45,241.62,241.42,241.45,73977
2026-06-11 12:30:00,241.45,241.67,241.43,241.54,128779
2026-06-11 12:35:00,241.54,241.71,241.52,241.65,87137
2026-06-11 12:40:00,241.65,241.66,241.53,241.58,59728
2026-06-11 12:45:00,241.58,241.66,241.39,241.62,58784
2026-06-11 12:50:00,241.62,241.76,241.51,241.6,64928
2026-06-11 12:55:00,241.6,242.05,241.6,242.0,63565
2026-06-11 13:00:00,242.0,242.27,241.91,242.25,81043
2026-06-11 13:05:00,242.25,242.51,242.22,242.4,53377
2026-06-11 13:10:00,242.4,242.63,242.36,242.61,61084
2026-06-11 13:15:00,242.61,242.8,242.6,242.76,80546
2026-06-11 13:20:00,242.76,243.13,242.65,243.05,77869
2026-06-11 13:25:00,243.05,243.24,243.04,243.08,42904
2026-06-11 13:30:00,243.08,243.45,243.04,243.37,70565
2026-06-11 13:35:00,243.37,243.45,243.12,243.34,120530
2026-06-11 13:40:00,243.34,243.35,243.17,243.23,58605
2026-06-11 13:45:00,243.23,243.6,243.17,243.44,150426
2026-06-11 13:50:00,243.44,243.59,243.42,243.51,56039
2026-06-11 13:55:00,243.51,243.8,243.5,243.73,77265
2026-06-11 14:00:00,243.73,244.15,243.67,244.08,32743
2026-06-11 14:05:00,244.08,244.37,243.97,244.19,189204
2026-06-11 14:10:00,244.19,244.6,244.14,244.35,58518
2026-06-11 14:15:00,244.35,244.42,244.16,244.36,117368
2026-06-11 14:20:00,244.36,244.43,244.11,244.26,83514
2026-06-11 14:25:00,244.26,244.47,243.93,244.41,127195
2026-06-11 14:30:00,244.41,244.82,244.26,244.69,59760
2026-06-11 14:35:00,244.69,244.8,244.5,244.79,156325
2026-06-11 14:40:00,244.79,244.79,244.48,244.57,97687
2026-06-11 14:45:00,244.57,244.67,244.2,244.31,131919
2026-06-11 14:50:00,244.31,244.74,244.29,244.72,58742
2026-06-11 14:55:00,244.72,244.79,244.54,244.67,97713
2026-06-11 15:00:00,244.67,244.74,244.18,244.35,112484
2026-06-11 15:05:00,244.35,244.56,243.92,244.01,137532
2026-06-11 15:10:00,244.01,244.24,243.44,243.57,117491
2026-06-11 15:15:00,243.57,243.66,243.27,243.32,125478
2026-06-11 15:20:00,243.32,243.44,242.63,242.7,132532
2026-06-11 15:25:00,242.7,243.36,242.64,243.17,94201
2026-06-12 09:15:00,244.82,245.02,244.54,244.94,94215
2026-06-12 09:20:00,244.94,245.27,244.65,244.97,425554
2026-06-12 09:25:00,244.97,245.24,244.7,244.73,235605
2026-06-12 09:30:00,244.73,245.39,244.69,245.28,157441
2026-06-12 09:35:00,245.28,245.72,245.14,245.48,144952
2026-06-12 09:40:00,245.48,245.65,245.3,245.56,70506
2026-06-12 09:45:00,245.56,245.6,245.13,245.23,117437
2026-06-12 09:50:00,245.23,245.52,244.8,245.49,167583
2026-06-12 09:55:00,245.49,245.87,245.45,245.74,62387
2026-06-12 10:00:00,245.74,245.86,245.58,245.68,151137
2026-06-12 10:05:00,245.68,245.73,245.41,245.61,76283
2026-06-12 10:10:00,245.61,245.63,245.36,245.39,128943
2026-06-12 10:15:00,245.39,245.62,245.15,245.62,94343
2026-06-12 10:20:00,245.62,245.91,245.5,245.8,86741
2026-06-12 10:25:00,245.8,245.83,245.39,245.43,47185
2026-06-12 10:30:00,245.43,245.44,245.03,245.07,53386
2026-06-12 10:35:00,245.07,245.15,244.93,245.13,67848
2026-06-12 10:40:00,245.13,245.36,245.13,245.34,73921
2026-06-12 10:45:00,245.34,245.5,245.18,245.19,70129
2026-06-12 10:50:00,245.19,245.67,245.14,245.66,100871
2026-06-12 10:55:00,245.66,245.82,245.48,245.76,76261
2026-06-12 11:00:00,245.76,246.0,245.64,245.78,58395
2026-06-12 11:05:00,245.78,245.96,245.73,245.77,56038
2026-06-12 11:10:00,245.77,245.92,245.76,245.87,67804
2026-06-12 11:15:00,245.87,246.02,245.84,245.87,73366
2026-06-12 11:20:00,245.87,246.13,245.71,246.04,100303
2026-06-12 11:25:00,246.04,246.12,245.98,246.07,92008
2026-06-12 11:30:00,246.07,246.12,245.79,245.95,87889
2026-06-12 11:35:00,245.95,245.95,245.2,245.35,209374
2026-06-12 11:40:00,245.35,245.58,245.28,245.48,69278
2026-06-12 11:45:00,245.48,245.68,245.47,245.68,63318
2026-06-12 11:50:00,245.68,245.87,245.61,245.84,65621
2026-06-12 11:55:00,245.84,246.08,245.83,245.98,91543
2026-06-12 12:00:00,245.98,246.04,245.65,245.8,123758
2026-06-12 12:05:00,245.8,246.0,245.7,245.9,82008
2026-06-12 12:10:00,245.9,246.16,245.85,246.1,84526
2026-06-12 12:15:00,246.1,246.42,246.05,246.35,69239
2026-06-12 12:20:00,246.35,246.72,246.34,246.65,67874
2026-06-12 12:25:00,246.65,246.75,246.58,246.65,53796
2026-06-12 12:30:00,246.65,246.76,246.43,246.44,210973
2026-06-12 12:35:00,246.44,246.52,246.34,246.43,111966
2026-06-12 12:40:00,246.43,246.47,246.17,246.2,49876
2026-06-12 12:45:00,246.2,246.29,246.05,246.07,85243
2026-06-12 12:50:00,246.07,246.21,246.0,246.15,88824
2026-06-12 12:55:00,246.15,246.42,246.12,246.39,131861
2026-06-12 13:00:00,246.39,246.67,246.35,246.67,92392
2026-06-12 13:05:00,246.67,247.08,246.55,246.96,81932
2026-06-12 13:10:00,246.96,247.09,246.67,247.01,100039
2026-06-12 13:15:00,247.01,247.15,246.81,246.89,46880
2026-06-12 13:20:00,246.89,247.05,246.76,246.77,71482
2026-06-12 13:25:00,246.77,246.78,246.63,246.66,74403
2026-06-12 13:30:00,246.66,247.07,246.64,246.89,95115
2026-06-12 13:35:00,246.89,246.93,246.63,246.83,63553
2026-06-12 13:40:00,246.83,246.89,246.44,246.46,121196
2026-06-12 13:45:00,246.46,246.49,246.2,246.31,97226
2026-06-12 13:50:00,246.31,246.51,246.21,246.22,79620
2026-06-12 13:55:00,246.22,246.36,246.17,246.3,80034
2026-06-12 14:00:00,246.3,246.32,245.85,245.99,68967
2026-06-12 14:05:00,245.99,246.0,245.76,245.89,102496
2026-06-12 14:10:00,245.89,246.03,245.83,245.95,62344
2026-06-12 14:15:00,245.95,246.09,245.76,245.78,68589
2026-06-12 14:20:00,245.78,246.01,245.7,245.83,79874
2026-06-12 14:25:00,245.83,245.9,245.73,245.75,250683
2026-06-12 14:30:00,245.75,245.93,245.52,245.78,50771
2026-06-12 14:35:00,245.78,245.87,245.36,245.51,80705
2026-06-12 14:40:00,245.51,245.76,245.34,245.64,86274
2026-06-12 14:45:00,245.64,245.68,245.41,245.53,74650
2026-06-12 14:50:00,245.53,245.58,245.3,245.39,96659
2026-06-12 14:55:00,245.39,245.4,245.01,245.13,116174
2026-06-12 15:00:00,245.13,245.39,244.77,244.85,77052
2026-06-12 15:05:00,244.85,245.02,244.82,244.98,116827
2026-06-12 15:10:00,244.98,245.0,244.66,244.76,146772
2026-06-12 15:15:00,244.76,245.43,244.69,245.36,166889
2026-06-12 15:20:00,245.36,245.88,245.08,245.77,194278
2026-06-12 15:25:00,245.77,245.91,244.86,245.08,95678
2026-06-15 09:15:00,244.95,245.12,244.05,244.25,283120
2026-06-15 09:20:00,244.25,244.56,244.11,244.11,133751
2026-06-15 09:25:00,244.11,245.0,244.11,244.64,130636
2026-06-15 09:30:00,244.64,244.77,243.94,244.06,169463
2026-06-15 09:35:00,244.06,244.74,244.04,244.58,146613
2026-06-15 09:40:00,244.58,244.62,244.27,244.31,64183
2026-06-15 09:45:00,244.31,244.81,244.29,244.58,83072
2026-06-15 09:50:00,244.58,244.96,244.26,244.36,123636
2026-06-15 09:55:00,244.36,244.43,243.77,243.84,85415
2026-06-15 10:00:00,243.84,243.88,243.4,243.6,70462
2026-06-15 10:05:00,243.6,243.71,243.35,243.37,49940
2026-06-15 10:10:00,243.37,243.66,243.3,243.55,69322
2026-06-15 10:15:00,243.55,243.72,243.45,243.45,68232
2026-06-15 10:20:00,243.45,243.97,243.32,243.92,65085
2026-06-15 10:25:00,243.92,244.32,243.75,244.3,111386
2026-06-15 10:30:00,244.3,244.39,244.21,244.37,99263
2026-06-15 10:35:00,244.37,244.73,244.2,244.24,81110
2026-06-15 10:40:00,244.24,244.35,244.13,244.23,81639
2026-06-15 10:45:00,244.23,244.48,244.15,244.4,74558
2026-06-15 10:50:00,244.4,244.57,244.37,244.45,70898
2026-06-15 10:55:00,244.45,244.61,244.44,244.51,71205
2026-06-15 11:00:00,244.51,244.64,244.33,244.55,65730
2026-06-15 11:05:00,244.55,244.67,244.37,244.59,56108
2026-06-15 11:10:00,244.59,244.72,244.5,244.52,64801
2026-06-15 11:15:00,244.52,244.56,244.29,244.35,88810
2026-06-15 11:20:00,244.35,244.53,244.32,244.4,152115
2026-06-15 11:25:00,244.4,244.53,244.24,244.28,66141
2026-06-15 11:30:00,244.28,244.41,244.12,244.27,71845
2026-06-15 11:35:00,244.27,244.27,243.88,244.03,52314
2026-06-15 11:40:00,244.03,244.41,244.0,244.05,44691
2026-06-15 11:45:00,244.05,244.14,243.87,243.87,38056
2026-06-15 11:50:00,243.87,244.08,243.84,244.07,57586
2026-06-15 11:55:00,244.07,244.35,244.06,244.3,99269
2026-06-15 12:00:00,244.3,244.32,243.8,243.84,91017
2026-06-15 12:05:00,243.84,243.86,243.55,243.62,109419
2026-06-15 12:10:00,243.62,243.64,243.38,243.41,72871
2026-06-15 12:15:00,243.41,243.58,243.32,243.51,39824
2026-06-15 12:20:00,243.51,243.93,243.5,243.91,87738
2026-06-15 12:25:00,243.91,244.15,243.84,244.03,65781
2026-06-15 12:30:00,244.03,244.15,243.99,244.12,64692
2026-06-15 12:35:00,244.12,244.18,243.75,243.92,74354
2026-06-15 12:40:00,243.92,244.11,243.88,244.02,50181
2026-06-15 12:45:00,244.02,244.42,244.01,244.23,96189
2026-06-15 12:50:00,244.23,244.96,244.15,244.91,55944
2026-06-15 12:55:00,244.91,245.09,244.87,244.89,114452
2026-06-15 13:00:00,244.89,245.22,244.89,245.11,60208
2026-06-15 13:05:00,245.11,245.33,245.04,245.29,44479
2026-06-15 13:10:00,245.29,245.29,244.87,244.98,49758
2026-06-15 13:15:00,244.98,244.98,244.71,244.92,49299
2026-06-15 13:20:00,244.92,245.39,244.89,245.28,46585
2026-06-15 13:25:00,245.28,245.43,245.03,245.05,96295
2026-06-15 13:30:00,245.05,245.09,244.84,244.94,107090
2026-06-15 13:35:00,244.94,245.0,244.71,244.9,63352
2026-06-15 13:40:00,244.9,245.04,244.7,244.77,80716
2026-06-15 13:45:00,244.77,244.86,244.44,244.51,111726
2026-06-15 13:50:00,244.51,244.62,244.29,244.6,45877
2026-06-15 13:55:00,244.6,244.72,244.6,244.61,114885
2026-06-15 14:00:00,244.61,244.63,244.36,244.41,99870
2026-06-15 14:05:00,244.41,244.46,244.28,244.28,75284
2026-06-15 14:10:00,244.28,244.63,244.24,244.51,114083
2026-06-15 14:15:00,244.51,244.96,244.51,244.93,65647
2026-06-15 14:20:00,244.93,245.38,244.83,245.32,63581
2026-06-15 14:25:00,245.32,245.36,244.76,244.87,38937
2026-06-15 14:30:00,244.87,244.96,244.62,244.64,66981
2026-06-15 14:35:00,244.64,245.17,244.58,245.14,79071
2026-06-15 14:40:00,245.14,245.62,245.1,245.52,63507
2026-06-15 14:45:00,245.52,245.54,245.36,245.42,146916
2026-06-15 14:50:00,245.42,245.46,245.08,245.17,105290
2026-06-15 14:55:00,245.17,245.64,245.01,245.32,82543
2026-06-15 15:00:00,245.32,245.89,245.29,245.85,121092
2026-06-15 15:05:00,245.85,245.91,245.27,245.32,147159
2026-06-15 15:10:00,245.32,245.61,245.11,245.6,56538
2026-06-15 15:15:00,245.6,246.15,245.52,246.1,71859
2026-06-15 15:20:00,246.1,247.04,246.08,246.86,138987
2026-06-15 15:25:00,246.86,247.1,246.76,246.83,163307
2026-06-16 09:15:00,245.65,246.44,245.4,246.14,211851
2026-06-16 09:20:00,246.14,247.06,245.91,246.85,223198
2026-06-16 09:25:00,246.85,246.92,246.44,246.65,218247
2026-06-16 09:30:00,246.65,247.49,246.47,247.43,75858
2026-06-16 09:35:00,247.43,247.76,247.28,247.68,107131
2026-06-16 09:40:00,247.68,247.92,247.58,247.74,112629
2026-06-16 09:45:00,247.74,248.08,247.64,247.95,125648
2026-06-16 09:50:00,247.95,248.01,247.67,247.75,58049
2026-06-16 09:55:00,247.75,247.93,247.72,247.75,132568
2026-06-16 10:00:00,247.75,247.89,247.59,247.8,116288
2026-06-16 10:05:00,247.8,247.93,247.65,247.67,41197
2026-06-16 10:10:00,247.67,248.16,247.61,248.06,113113
2026-06-16 10:15:00,248.06,248.31,247.98,248.3,68299
2026-06-16 10:20:00,248.3,248.43,248.23,248.41,95450
2026-06-16 10:25:00,248.41,248.47,248.22,248.37,67658
2026-06-16 10:30:00,248.37,248.41,248.16,248.33,78920
2026-06-16 10:35:00,248.33,248.54,248.32,248.45,60123
2026-06-16 10:40:00,248.45,248.54,248.21,248.29,68646
2026-06-16 10:45:00,248.29,248.32,248.06,248.18,79141
2026-06-16 10:50:00,248.18,248.19,247.84,247.95,56988
2026-06-16 10:55:00,247.95,247.99,247.61,247.63,71052
2026-06-16 11:00:00,247.63,247.82,247.48,247.76,103303
2026-06-16 11:05:00,247.76,247.9,247.59,247.68,47188
2026-06-16 11:10:00,247.68,247.79,247.61,247.67,68488
2026-06-16 11:15:00,247.67,247.75,247.5,247.56,69183
2026-06-16 11:20:00,247.56,247.79,247.39,247.45,54782
2026-06-16 11:25:00,247.45,247.58,247.26,247.3,97966
2026-06-16 11:30:00,247.3,247.66,247.19,247.57,131371
2026-06-16 11:35:00,247.57,247.57,247.27,247.31,55150
2026-06-16 11:40:00,247.31,247.31,247.13,247.28,95065
2026-06-16 11:45:00,247.28,247.51,247.27,247.27,62176
2026-06-16 11:50:00,247.27,247.36,247.18,247.2,54041
2026-06-16 11:55:00,247.2,247.23,246.78,246.84,99131
2026-06-16 12:00:00,246.84,246.93,246.72,246.83,48360
2026-06-16 12:05:00,246.83,246.85,246.54,246.63,45136
2026-06-16 12:10:00,246.63,246.81,246.53,246.72,62930
2026-06-16 12:15:00,246.72,246.8,246.37,246.42,68454
2026-06-16 12:20:00,246.42,246.6,246.42,246.56,92936
2026-06-16 12:25:00,246.56,246.67,246.45,246.52,63310
2026-06-16 12:30:00,246.52,246.63,246.46,246.53,107868
2026-06-16 12:35:00,246.53,246.53,246.36,246.43,89813
2026-06-16 12:40:00,246.43,246.74,246.34,246.61,50615
2026-06-16 12:45:00,246.61,246.72,246.51,246.69,78078
2026-06-16 12:50:00,246.69,246.81,246.43,246.77,92657
2026-06-16 12:55:00,246.77,246.81,246.56,246.58,66908
2026-06-16 13:00:00,246.58,246.72,246.47,246.67,60156
2026-06-16 13:05:00,246.67,246.71,246.56,246.66,69586
2026-06-16 13:10:00,246.66,246.67,246.41,246.47,62046
2026-06-16 13:15:00,246.47,246.51,246.36,246.37,138960
2026-06-16 13:20:00,246.37,246.47,245.84,245.92,47652
2026-06-16 13:25:00,245.92,246.11,245.79,246.1,40100
2026-06-16 13:30:00,246.1,246.32,246.03,246.17,71512
2026-06-16 13:35:00,246.17,246.55,246.13,246.39,137438
2026-06-16 13:40:00,246.39,246.54,245.93,246.03,68007
2026-06-16 13:45:00,246.03,246.19,245.84,245.99,68822
2026-06-16 13:50:00,245.99,246.09,245.79,246.05,72680
2026-06-16 13:55:00,246.05,246.44,246.01,246.42,60444
2026-06-16 14:00:00,246.42,246.44,246.28,246.32,64283
2026-06-16 14:05:00,246.32,246.45,246.26,246.32,48033
2026-06-16 14:10:00,246.32,246.34,246.07,246.12,150165
2026-06-16 14:15:00,246.12,246.3,246.04,246.13,129296
2026-06-16 14:20:00,246.13,246.29,245.94,246.1,93557
2026-06-16 14:25:00,246.1,246.24,245.9,245.92,124576
2026-06-16 14:30:00,245.92,245.96,245.44,245.63,123326
2026-06-16 14:35:00,245.63,245.64,245.33,245.35,71823
2026-06-16 14:40:00,245.35,245.72,245.32,245.58,64363
2026-06-16 14:45:00,245.58,245.72,245.53,245.68,102713
2026-06-16 14:50:00,245.68,245.75,245.56,245.57,129160
2026-06-16 14:55:00,245.57,245.79,245.41,245.54,172613
2026-06-16 15:00:00,245.54,245.95,245.54,245.93,144351
2026-06-16 15:05:00,245.93,245.99,245.57,245.62,190143
2026-06-16 15:10:00,245.62,246.06,245.61,245.9,71594
2026-06-16 15:15:00,245.9,246.37,245.77,246.29,149464
2026-06-16 15:20:00,246.29,247.1,246.26,246.77,137020
2026-06-16 15:25:00,246.77,246.83,246.51,246.53,146936
2026-06-17 09:15:00,246.01,246.92,245.99,246.69,270801
2026-06-17 09:20:00,246.69,247.28,246.49,247.0,165737
2026-06-17 09:25:00,247.0,247.52,247.0,247.25,131868
2026-06-17 09:30:00,247.25,247.85,247.23,247.77,93639
2026-06-17 09:35:00,247.77,248.19,247.72,248.01,133794
2026-06-17 09:40:00,248.01,248.12,247.71,247.85,69189
2026-06-17 09:45:00,247.85,248.22,247.75,248.18,193319
2026-06-17 09:50:00,248.18,248.2,247.8,248.06,76853
2026-06-17 09:55:00,248.06,248.39,248.05,248.21,198003
2026-06-17 10:00:00,248.21,248.43,248.09,248.22,138580
2026-06-17 10:05:00,248.22,248.65,248.12,248.5,75320
2026-06-17 10:10:00,248.5,248.52,248.01,248.11,97412
2026-06-17 10:15:00,248.11,248.21,247.94,248.07,55031
2026-06-17 10:20:00,248.07,248.14,247.8,248.01,120599
2026-06-17 10:25:00,248.01,248.39,247.97,248.32,47593
2026-06-17 10:30:00,248.32,248.38,247.85,247.86,59503
2026-06-17 10:35:00,247.86,248.05,247.65,248.0,77541
2026-06-17 10:40:00,248.0,248.06,247.71,247.74,127060
2026-06-17 10:45:00,247.74,248.11,247.74,248.09,55614
2026-06-17 10:50:00,248.09,248.18,247.64,247.66,68539
2026-06-17 10:55:00,247.66,247.85,247.53,247.67,53550
2026-06-17 11:00:00,247.67,247.86,247.57,247.85,66350
2026-06-17 11:05:00,247.85,247.87,247.77,247.78,122309
2026-06-17 11:10:00,247.78,247.9,247.49,247.51,47719
2026-06-17 11:15:00,247.51,247.51,247.39,247.43,55154
2026-06-17 11:20:00,247.43,247.5,247.12,247.15,42745
2026-06-17 11:25:00,247.15,247.27,247.13,247.13,82687
2026-06-17 11:30:00,247.13,247.16,246.81,246.82,86089
2026-06-17 11:35:00,246.82,246.94,246.75,246.89,54004
2026-06-17 11:40:00,246.89,246.97,246.77,246.94,84707
2026-06-17 11:45:00,246.94,247.03,246.71,247.01,115290
2026-06-17 11:50:00,247.01,247.21,246.97,247.09,86400
2026-06-17 11:55:00,247.09,247.19,246.98,247.0,72504
2026-06-17 12:00:00,247.0,247.02,246.74,246.9,69783
2026-06-17 12:05:00,246.9,247.08,246.87,246.93,92914
2026-06-17 12:10:00,246.93,247.13,246.91,246.92,114175
2026-06-17 12:15:00,246.92,247.03,246.87,246.97,59405
2026-06-17 12:20:00,246.97,247.35,246.95,247.18,66089
2026-06-17 12:25:00,247.18,247.19,246.75,246.82,68434
2026-06-17 12:30:00,246.82,246.85,246.6,246.73,65270
2026-06-17 12:35:00,246.73,247.12,246.67,247.09,111333
2026-06-17 12:40:00,247.09,247.11,246.81,246.84,110362
2026-06-17 12:45:00,246.84,246.88,246.55,246.64,56279
2026-06-17 12:50:00,246.64,246.82,246.55,246.78,111891
2026-06-17 12:55:00,246.78,246.79,246.51,246.55,86241
2026-06-17 13:00:00,246.55,246.57,246.1,246.13,59437
2026-06-17 13:05:00,246.13,246.27,246.07,246.09,92077
2026-06-17 13:10:00,246.09,246.17,245.94,246.02,139798
2026-06-17 13:15:00,246.02,246.07,245.78,245.89,120030
2026-06-17 13:20:00,245.89,245.9,245.68,245.72,126284
2026-06-17 13:25:00,245.72,246.01,245.51,245.52,71429
2026-06-17 13:30:00,245.52,245.77,245.39,245.43,40841
2026-06-17 13:35:00,245.43,245.75,245.41,245.58,114243
2026-06-17 13:40:00,245.58,245.62,245.44,245.55,50330
2026-06-17 13:45:00,245.55,245.6,245.36,245.39,43252
2026-06-17 13:50:00,245.39,245.44,245.29,245.37,82197
2026-06-17 13:55:00,245.37,245.46,245.15,245.33,69964
2026-06-17 14:00:00,245.33,245.4,245.03,245.13,86010
2026-06-17 14:05:00,245.13,245.17,244.93,244.95,116553
2026-06-17 14:10:00,244.95,245.08,244.59,244.71,52981
2026-06-17 14:15:00,244.71,244.71,244.49,244.51,80670
2026-06-17 14:20:00,244.51,244.67,244.48,244.65,69939
2026-06-17 14:25:00,244.65,244.8,244.38,244.45,142887
2026-06-17 14:30:00,244.45,244.78,244.42,244.77,110271
2026-06-17 14:35:00,244.77,245.18,244.71,245.1,94780
2026-06-17 14:40:00,245.1,245.27,244.78,245.02,109516
2026-06-17 14:45:00,245.02,245.14,245.0,245.07,69122
2026-06-17 14:50:00,245.07,245.72,245.03,245.63,146270
2026-06-17 14:55:00,245.63,246.21,245.54,246.19,202202
2026-06-17 15:00:00,246.19,246.85,246.12,246.81,167505
2026-06-17 15:05:00,246.81,247.07,246.78,246.8,40448
2026-06-17 15:10:00,246.8,247.13,246.72,247.04,131793
2026-06-17 15:15:00,247.04,247.05,246.78,246.91,155232
2026-06-17 15:20:00,246.91,246.92,246.52,246.61,108326
2026-06-17 15:25:00,246.61,247.05,246.45,247.03,129682
2026-06-18 09:15:00,247.01,247.24,246.64,246.73,136771
2026-06-18 09:20:00,246.73,246.97,246.53,246.96,139563
2026-06-18 09:25:00,246.96,247.05,246.76,247.01,106904
2026-06-18 09:30:00,247.01,247.02,246.16,246.32,72759
2026-06-18 09:35:00,246.32,246.9,246.23,246.55,123195
2026-06-18 09:40:00,246.55,246.85,246.13,246.2,85322
2026-06-18 09:45:00,246.2,246.36,245.95,246.15,159212
2026-06-18 09:50:00,246.15,246.25,245.99,246.13,223350
2026-06-18 09:55:00,246.13,246.33,245.97,246.27,152926
2026-06-18 10:00:00,246.27,246.56,246.18,246.39,87303
2026-06-18 10:05:00,246.39,246.89,246.24,246.74,90443
2026-06-18 10:10:00,246.74,246.89,246.33,246.4,67988
2026-06-18 10:15:00,246.4,246.53,246.25,246.39,74790
2026-06-18 10:20:00,246.39,246.64,246.34,246.55,121446
2026-06-18 10:25:00,246.55,246.6,246.29,246.43,105388
2026-06-18 10:30:00,246.43,246.46,246.0,246.03,61189
2026-06-18 10:35:00,246.03,246.05,245.66,245.73,76739
2026-06-18 10:40:00,245.73,245.76,245.49,245.59,72435
2026-06-18 10:45:00,245.59,245.72,245.25,245.31,72313
2026-06-18 10:50:00,245.31,245.5,245.29,245.45,79855
2026-06-18 10:55:00,245.45,245.71,245.36,245.68,80963
2026-06-18 11:00:00,245.68,245.76,245.39,245.4,72774
2026-06-18 11:05:00,245.4,245.46,245.08,245.16,43808
2026-06-18 11:10:00,245.16,245.38,245.08,245.27,36088
2026-06-18 11:15:00,245.27,245.36,244.94,244.98,81615
2026-06-18 11:20:00,244.98,245.15,244.97,245.09,33340
2026-06-18 11:25:00,245.09,245.26,244.95,245.01,39215
2026-06-18 11:30:00,245.01,245.22,244.99,245.03,42120
2026-06-18 11:35:00,245.03,245.07,244.82,244.94,54579
2026-06-18 11:40:00,244.94,244.99,244.78,244.9,82820
2026-06-18 11:45:00,244.9,244.97,244.72,244.93,104369
2026-06-18 11:50:00,244.93,245.05,244.8,244.82,98200
2026-06-18 11:55:00,244.82,244.9,244.71,244.83,71124
2026-06-18 12:00:00,244.83,244.84,244.61,244.62,74548
2026-06-18 12:05:00,244.62,244.73,244.37,244.72,101124
2026-06-18 12:10:00,244.72,244.75,244.52,244.62,124920
2026-06-18 12:15:00,244.62,244.72,244.44,244.5,57570
2026-06-18 12:20:00,244.5,244.53,244.11,244.22,79443
2026-06-18 12:25:00,244.22,244.28,244.14,244.19,123076
2026-06-18 12:30:00,244.19,244.33,244.09,244.12,45890
2026-06-18 12:35:00,244.12,244.21,243.9,244.17,76786
2026-06-18 12:40:00,244.17,244.29,244.03,244.2,84040
2026-06-18 12:45:00,244.2,244.38,244.06,244.12,116203
2026-06-18 12:50:00,244.12,244.62,244.06,244.6,90535
2026-06-18 12:55:00,244.6,244.63,244.41,244.57,122713
2026-06-18 13:00:00,244.57,244.63,244.24,244.43,77955
2026-06-18 13:05:00,244.43,244.57,244.29,244.41,49050
2026-06-18 13:10:00,244.41,244.63,244.37,244.6,134468
2026-06-18 13:15:00,244.6,244.62,244.34,244.58,73193
2026-06-18 13:20:00,244.58,244.68,244.13,244.23,70827
2026-06-18 13:25:00,244.23,244.33,244.11,244.12,55213
2026-06-18 13:30:00,244.12,244.18,243.93,243.93,58615
2026-06-18 13:35:00,243.93,243.95,243.65,243.82,91210
2026-06-18 13:40:00,243.82,243.89,243.54,243.57,74890
2026-06-18 13:45:00,243.57,243.74,243.46,243.5,42295
2026-06-18 13:50:00,243.5,243.59,243.47,243.51,113160
2026-06-18 13:55:00,243.51,243.75,243.48,243.62,99707
2026-06-18 14:00:00,243.62,243.86,243.53,243.57,113097
2026-06-18 14:05:00,243.57,243.6,243.51,243.52,102387
2026-06-18 14:10:00,243.52,243.54,243.2,243.25,99091
2026-06-18 14:15:00,243.25,243.4,243.03,243.3,96314
2026-06-18 14:20:00,243.3,243.74,243.28,243.57,92460
2026-06-18 14:25:00,243.57,243.66,243.3,243.31,77430
2026-06-18 14:30:00,243.31,243.32,242.74,242.87,56259
2026-06-18 14:35:00,242.87,242.97,242.45,242.56,95027
2026-06-18 14:40:00,242.56,242.59,242.17,242.31,99485
2026-06-18 14:45:00,242.31,242.35,241.73,241.75,104988
2026-06-18 14:50:00,241.75,241.86,241.56,241.76,46503
2026-06-18 14:55:00,241.76,242.0,241.68,241.91,134706
2026-06-18 15:00:00,241.91,242.07,241.77,241.93,88798
2026-06-18 15:05:00,241.93,242.32,241.87,242.31,118060
2026-06-18 15:10:00,242.31,242.39,242.16,242.21,236756
2026-06-18 15:15:00,242.21,242.48,241.99,242.0,133710
2026-06-18 15:20:00,242.0,242.12,241.35,241.42,169201
2026-06-18 15:25:00,241.42,241.79,241.27,241.78,212335
2026-06-19 09:15:00,241.08,241.12,240.64,240.94,190611
2026-06-19 09:20:00,240.94,241.04,239.99,240.63,117179
2026-06-19 09:25:00,240.63,242.04,240.51,241.88,137859
2026-06-19 09:30:00,241.88,241.89,241.65,241.82,179633
2026-06-19 09:35:00,241.82,241.9,241.56,241.76,110785
2026-06-19 09:40:00,241.76,242.13,241.65,242.06,202414
2026-06-19 09:45:00,242.06,242.11,241.26,241.41,77468
2026-06-19 09:50:00,241.41,241.55,241.24,241.46,127971
2026-06-19 09:55:00,241.46,241.79,241.41,241.76,153677
2026-06-19 10:00:00,241.76,241.95,241.59,241.65,114239
2026-06-19 10:05:00,241.65,242.02,241.61,241.81,68446
2026-06-19 10:10:00,241.81,242.36,241.72,242.33,79523
2026-06-19 10:15:00,242.33,242.47,242.25,242.44,62943
2026-06-19 10:20:00,242.44,242.7,242.4,242.57,136067
2026-06-19 10:25:00,242.57,242.91,242.4,242.87,46532
2026-06-19 10:30:00,242.87,242.92,242.54,242.54,71934
2026-06-19 10:35:00,242.54,242.78,242.49,242.5,93113
2026-06-19 10:40:00,242.5,242.6,242.2,242.23,69822
2026-06-19 10:45:00,242.23,242.85,242.15,242.81,53906
2026-06-19 10:50:00,242.81,242.85,242.53,242.62,98522
2026-06-19 10:55:00,242.62,242.75,242.42,242.56,150752
2026-06-19 11:00:00,242.56,242.68,242.17,242.23,82387
2026-06-19 11:05:00,242.23,242.4,242.2,242.35,74982
2026-06-19 11:10:00,242.35,242.49,242.17,242.38,106934
2026-06-19 11:15:00,242.38,242.66,242.31,242.52,80440
2026-06-19 11:20:00,242.52,242.66,242.36,242.5,74724
2026-06-19 11:25:00,242.5,242.66,242.43,242.6,64677
2026-06-19 11:30:00,242.6,242.77,242.51,242.53,54350
2026-06-19 11:35:00,242.53,242.59,242.44,242.59,75328
2026-06-19 11:40:00,242.59,242.6,242.41,242.44,50433
2026-06-19 11:45:00,242.44,242.9,242.41,242.88,54488
2026-06-19 11:50:00,242.88,242.94,242.73,242.77,49138
2026-06-19 11:55:00,242.77,243.02,242.63,243.02,108676
2026-06-19 12:00:00,243.02,243.15,242.89,242.97,36210
2026-06-19 12:05:00,242.97,243.27,242.84,243.25,143591
2026-06-19 12:10:00,243.25,243.34,242.86,242.93,57112
2026-06-19 12:15:00,242.93,242.96,242.63,242.93,85752
2026-06-19 12:20:00,242.93,243.17,242.8,243.05,117388
2026-06-19 12:25:00,243.05,243.26,242.91,243.0,58144
2026-06-19 12:30:00,243.0,243.24,242.94,243.17,80762
2026-06-19 12:35:00,243.17,243.42,243.12,243.36,80028
2026-06-19 12:40:00,243.36,243.43,243.26,243.32,82627
2026-06-19 12:45:00,243.32,243.79,243.3,243.79,95222
2026-06-19 12:50:00,243.79,243.85,243.44,243.49,129393
2026-06-19 12:55:00,243.49,243.61,243.29,243.33,101087
2026-06-19 13:00:00,243.33,243.43,243.15,243.22,98438
2026-06-19 13:05:00,243.22,243.31,243.03,243.07,71157
2026-06-19 13:10:00,243.07,243.19,242.84,242.9,107149
2026-06-19 13:15:00,242.9,242.91,242.7,242.72,60503
2026-06-19 13:20:00,242.72,242.75,242.36,242.44,57214
2026-06-19 13:25:00,242.44,242.77,242.37,242.68,104397
2026-06-19 13:30:00,242.68,242.68,242.28,242.44,77126
2026-06-19 13:35:00,242.44,242.47,242.21,242.46,43046
2026-06-19 13:40:00,242.46,242.58,242.19,242.3,118726
2026-06-19 13:45:00,242.3,242.38,242.24,242.25,100809
2026-06-19 13:50:00,242.25,242.35,241.98,242.29,74095
2026-06-19 13:55:00,242.29,242.41,242.13,242.18,65534
2026-06-19 14:00:00,242.18,242.61,242.17,242.49,101964
2026-06-19 14:05:00,242.49,242.56,242.29,242.55,51865
2026-06-19 14:10:00,242.55,242.85,242.34,242.82,116851
2026-06-19 14:15:00,242.82,242.85,242.54,242.6,90940
2026-06-19 14:20:00,242.6,242.63,242.5,242.61,40440
2026-06-19 14:25:00,242.61,242.9,242.58,242.73,44113
2026-06-19 14:30:00,242.73,242.98,242.57,242.96,84036
2026-06-19 14:35:00,242.96,243.02,242.7,242.86,63544
2026-06-19 14:40:00,242.86,242.97,242.57,242.81,68362
2026-06-19 14:45:00,242.81,242.86,242.68,242.7,158337
2026-06-19 14:50:00,242.7,242.78,242.47,242.53,86561
2026-06-19 14:55:00,242.53,242.9,242.47,242.82,46375
2026-06-19 15:00:00,242.82,242.97,242.62,242.85,151388
2026-06-19 15:05:00,242.85,243.05,242.77,242.79,236134
2026-06-19 15:10:00,242.79,243.0,242.78,242.96,103540
2026-06-19 15:15:00,242.96,243.68,242.9,243.58,82373
2026-06-19 15:20:00,243.58,243.96,243.51,243.88,122228
2026-06-19 15:25:00,243.88,244.11,243.58,244.06,262151
2026-06-22 09:15:00,244.1,244.16,243.41,243.52,168683
2026-06-22 09:20:00,243.52,243.77,243.35,243.67,201466
2026-06-22 09:25:00,243.67,243.82,242.72,242.81,112187
2026-06-22 09:30:00,242.81,242.87,242.14,242.22,111794
2026-06-22 09:35:00,242.22,242.41,241.99,242.1,112160
2026-06-22 09:40:00,242.1,242.26,241.96,242.23,95379
2026-06-22 09:45:00,242.23,242.51,242.23,242.45,131752
2026-06-22 09:50:00,242.45,242.84,242.33,242.73,104300
2026-06-22 09:55:00,242.73,243.24,242.58,243.14,124077
2026-06-22 10:00:00,243.14,243.41,243.09,243.31,108053
2026-06-22 10:05:00,243.31,243.69,243.19,243.55,103068
2026-06-22 10:10:00,243.55,243.58,243.21,243.23,70807
2026-06-22 10:15:00,243.23,243.59,243.12,243.48,90800
2026-06-22 10:20:00,243.48,243.95,243.32,243.87,64874
2026-06-22 10:25:00,243.87,243.88,243.24,243.27,69078
2026-06-22 10:30:00,243.27,243.63,243.22,243.36,104034
2026-06-22 10:35:00,243.36,243.46,243.31,243.41,103192
2026-06-22 10:40:00,243.41,243.66,243.36,243.56,64994
2026-06-22 10:45:00,243.56,243.69,243.47,243.67,63094
2026-06-22 10:50:00,243.67,243.71,243.37,243.48,60219
2026-06-22 10:55:00,243.48,243.48,243.07,243.08,97269
2026-06-22 11:00:00,243.08,243.09,242.81,242.85,114149
2026-06-22 11:05:00,242.85,242.91,242.72,242.74,30309
2026-06-22 11:10:00,242.74,242.9,242.66,242.82,100446
2026-06-22 11:15:00,242.82,243.01,242.76,242.79,89728
2026-06-22 11:20:00,242.79,243.17,242.77,243.13,130734
2026-06-22 11:25:00,243.13,243.52,243.03,243.45,82598
2026-06-22 11:30:00,243.45,243.56,243.28,243.31,81912
2026-06-22 11:35:00,243.31,243.7,243.29,243.52,77872
2026-06-22 11:40:00,243.52,243.86,243.46,243.78,75666
2026-06-22 11:45:00,243.78,244.19,243.78,244.13,82185
2026-06-22 11:50:00,244.13,244.46,244.11,244.44,68895
2026-06-22 11:55:00,244.44,244.51,244.09,244.37,124575
2026-06-22 12:00:00,244.37,244.69,244.3,244.68,60024
2026-06-22 12:05:00,244.68,244.73,244.59,244.7,124346
2026-06-22 12:10:00,244.7,244.75,244.53,244.58,66100
2026-06-22 12:15:00,244.58,244.68,244.28,244.35,99270
2026-06-22 12:20:00,244.35,244.5,244.25,244.45,91053
2026-06-22 12:25:00,244.45,244.54,244.29,244.47,121531
2026-06-22 12:30:00,244.47,244.58,244.31,244.37,115742
2026-06-22 12:35:00,244.37,244.64,244.33,244.57,95127
2026-06-22 12:40:00,244.57,244.67,244.48,244.51,61752
2026-06-22 12:45:00,244.51,244.64,244.11,244.22,84229
2026-06-22 12:50:00,244.22,244.26,244.08,244.17,71066
2026-06-22 12:55:00,244.17,244.19,243.75,243.79,112871
2026-06-22 13:00:00,243.79,243.89,243.68,243.72,57321
2026-06-22 13:05:00,243.72,244.09,243.71,244.02,70369
2026-06-22 13:10:00,244.02,244.25,244.01,244.15,29245
2026-06-22 13:15:00,244.15,244.26,243.8,243.82,42636
2026-06-22 13:20:00,243.82,244.27,243.81,244.23,78161
2026-06-22 13:25:00,244.23,244.34,244.1,244.22,93283
2026-06-22 13:30:00,244.22,244.23,243.92,244.16,48644
2026-06-22 13:35:00,244.16,244.53,244.07,244.48,73776
2026-06-22 13:40:00,244.48,244.5,244.15,244.22,83788
2026-06-22 13:45:00,244.22,244.33,244.03,244.19,125260
2026-06-22 13:50:00,244.19,244.47,244.15,244.24,144133
2026-06-22 13:55:00,244.24,244.45,244.21,244.44,84047
2026-06-22 14:00:00,244.44,244.74,244.42,244.73,153021
2026-06-22 14:05:00,244.73,244.9,244.64,244.89,96345
2026-06-22 14:10:00,244.89,245.04,244.76,244.78,73136
2026-06-22 14:15:00,244.78,244.83,244.51,244.61,81148
2026-06-22 14:20:00,244.61,244.95,244.58,244.78,93028
2026-06-22 14:25:00,244.78,244.81,244.54,244.59,45802
2026-06-22 14:30:00,244.59,244.65,244.25,244.31,53826
2026-06-22 14:35:00,244.31,244.53,244.01,244.49,104328
2026-06-22 14:40:00,244.49,244.5,244.14,244.15,84122
2026-06-22 14:45:00,244.15,244.49,244.11,244.3,83973
2026-06-22 14:50:00,244.3,244.77,244.24,244.52,104833
2026-06-22 14:55:00,244.52,244.69,244.5,244.56,170638
2026-06-22 15:00:00,244.56,244.63,244.26,244.39,75083
2026-06-22 15:05:00,244.39,244.45,243.92,244.11,107449
2026-06-22 15:10:00,244.11,244.2,243.31,243.38,80136
2026-06-22 15:15:00,243.38,243.64,243.29,243.53,111760
2026-06-22 15:20:00,243.53,243.55,243.1,243.24,148847
2026-06-22 15:25:00,243.24,243.29,242.13,242.21,83441
2026-06-23 09:15:00,242.84,242.84,242.39,242.48,180755
2026-06-23 09:20:00,242.48,242.67,242.21,242.52,123375
2026-06-23 09:25:00,242.52,242.65,241.72,242.03,89120
2026-06-23 09:30:00,242.03,242.04,241.54,241.59,101747
2026-06-23 09:35:00,241.59,241.89,241.49,241.85,162862
2026-06-23 09:40:00,241.85,242.5,241.74,242.09,134360
2026-06-23 09:45:00,242.09,242.51,242.05,242.46,113998
2026-06-23 09:50:00,242.46,242.71,242.29,242.33,134613
2026-06-23 09:55:00,242.33,242.52,242.28,242.41,95043
2026-06-23 10:00:00,242.41,242.92,242.37,242.78,68364
2026-06-23 10:05:00,242.78,242.82,242.5,242.66,51927
2026-06-23 10:10:00,242.66,242.72,242.52,242.55,52754
2026-06-23 10:15:00,242.55,242.71,242.23,242.34,129941
2026-06-23 10:20:00,242.34,242.48,242.13,242.26,51479
2026-06-23 10:25:00,242.26,242.56,242.2,242.45,50630
2026-06-23 10:30:00,242.45,242.49,242.25,242.33,106118
2026-06-23 10:35:00,242.33,242.52,242.2,242.46,98156
2026-06-23 10:40:00,242.46,242.79,242.46,242.73,78893
2026-06-23 10:45:00,242.73,242.92,242.69,242.89,81355
2026-06-23 10:50:00,242.89,242.98,242.62,242.88,65456
2026-06-23 10:55:00,242.88,243.09,242.83,243.02,81966
2026-06-23 11:00:00,243.02,243.3,242.98,243.2,94501
2026-06-23 11:05:00,243.2,243.46,242.92,243.43,209411
2026-06-23 11:10:00,243.43,243.59,243.32,243.48,83621
2026-06-23 11:15:00,243.48,243.51,243.19,243.3,135338
2026-06-23 11:20:00,243.3,243.37,243.03,243.11,118174
2026-06-23 11:25:00,243.11,243.39,243.09,243.37,52984
2026-06-23 11:30:00,243.37,243.37,242.97,242.98,84202
2026-06-23 11:35:00,242.98,243.07,242.82,243.06,49975
2026-06-23 11:40:00,243.06,243.24,242.94,243.1,70675
2026-06-23 11:45:00,243.1,243.16,242.76,242.8,47394
2026-06-23 11:50:00,242.8,242.89,242.72,242.74,51796
2026-06-23 11:55:00,242.74,242.95,242.72,242.92,97143
2026-06-23 12:00:00,242.92,243.0,242.7,242.75,52674
2026-06-23 12:05:00,242.75,242.77,242.48,242.68,71240
2026-06-23 12:10:00,242.68,242.9,242.6,242.81,51453
2026-06-23 12:15:00,242.81,243.17,242.66,243.17,69973
2026-06-23 12:20:00,243.17,243.24,242.86,242.9,76658
2026-06-23 12:25:00,242.9,243.09,242.82,242.83,68587
2026-06-23 12:30:00,242.83,242.99,242.78,242.94,80210
2026-06-23 12:35:00,242.94,242.94,242.65,242.75,78596
2026-06-23 12:40:00,242.75,242.98,242.72,242.72,49074
2026-06-23 12:45:00,242.72,243.09,242.66,243.04,58928
2026-06-23 12:50:00,243.04,243.12,242.79,242.85,69215
2026-06-23 12:55:00,242.85,242.91,242.59,242.8,49146
2026-06-23 13:00:00,242.8,242.99,242.65,242.71,65742
2026-06-23 13:05:00,242.71,243.05,242.67,243.04,54267
2026-06-23 13:10:00,243.04,243.1,242.64,242.72,89805
2026-06-23 13:15:00,242.72,242.98,242.65,242.96,98394
2026-06-23 13:20:00,242.96,243.07,242.95,243.06,171621
2026-06-23 13:25:00,243.06,243.15,242.94,242.97,101893
2026-06-23 13:30:00,242.97,243.21,242.97,243.05,64311
2026-06-23 13:35:00,243.05,243.23,242.98,243.02,59732
2026-06-23 13:40:00,243.02,243.09,242.74,242.79,51123
2026-06-23 13:45:00,242.79,243.06,242.79,242.89,150919
2026-06-23 13:50:00,242.89,243.17,242.79,243.16,51875
2026-06-23 13:55:00,243.16,243.29,243.02,243.24,53554
2026-06-23 14:00:00,243.24,243.62,243.22,243.49,63601
2026-06-23 14:05:00,243.49,243.86,243.43,243.69,82546
2026-06-23 14:10:00,243.69,243.71,243.51,243.59,130183
2026-06-23 14:15:00,243.59,243.97,243.52,243.9,66432
2026-06-23 14:20:00,243.9,244.34,243.9,244.15,109889
2026-06-23 14:25:00,244.15,244.24,243.82,244.15,69962
2026-06-23 14:30:00,244.15,244.17,243.86,243.96,105403
2026-06-23 14:35:00,243.96,244.04,243.74,243.78,71132
2026-06-23 14:40:00,243.78,244.02,243.76,243.79,100023
2026-06-23 14:45:00,243.79,244.13,243.77,244.07,84614
2026-06-23 14:50:00,244.07,244.35,243.96,244.22,84914
2026-06-23 14:55:00,244.22,244.45,244.04,244.08,90128
2026-06-23 15:00:00,244.08,244.54,244.07,244.45,132212
2026-06-23 15:05:00,244.45,244.96,244.43,244.81,125800
2026-06-23 15:10:00,244.81,245.19,244.76,244.99,91634
2026-06-23 15:15:00,244.99,245.42,244.9,245.16,77835
2026-06-23 15:20:00,245.16,245.18,244.91,245.1,96853
2026-06-23 15:25:00,245.1,245.53,245.07,245.43,160886
2026-06-24 09:15:00,245.71,246.45,245.43,246.17,393778
2026-06-24 09:20:00,246.17,246.83,245.85,246.02,176713
2026-06-24 09:25:00,246.02,246.09,245.65,245.7,159495
2026-06-24 09:30:00,245.7,245.76,244.84,244.85,254047
2026-06-24 09:35:00,244.85,244.95,244.5,244.5,124687
2026-06-24 09:40:00,244.5,244.99,244.42,244.75,133207
2026-06-24 09:45:00,244.75,245.11,244.68,245.08,121281
2026-06-24 09:50:00,245.08,245.89,245.02,245.78,99442
2026-06-24 09:55:00,245.78,245.84,245.48,245.61,101788
2026-06-24 10:00:00,245.61,245.86,245.6,245.61,97045
2026-06-24 10:05:00,245.61,245.85,245.37,245.62,69713
2026-06-24 10:10:00,245.62,245.99,245.6,245.82,43056
2026-06-24 10:15:00,245.82,245.85,245.29,245.36,135231
2026-06-24 10:20:00,245.36,245.86,245.34,245.86,114951
2026-06-24 10:25:00,245.86,245.99,245.54,245.69,99454
2026-06-24 10:30:00,245.69,245.77,245.35,245.38,82187
2026-06-24 10:35:00,245.38,245.4,245.25,245.27,78847
2026-06-24 10:40:00,245.27,245.28,244.95,244.99,80795
2026-06-24 10:45:00,244.99,245.09,244.87,244.91,88217
2026-06-24 10:50:00,244.91,244.96,244.78,244.82,57239
2026-06-24 10:55:00,244.82,244.86,244.49,244.57,88785
2026-06-24 11:00:00,244.57,244.81,244.55,244.68,67494
2026-06-24 11:05:00,244.68,244.77,244.48,244.54,51351
2026-06-24 11:10:00,244.54,244.88,244.48,244.79,77052
2026-06-24 11:15:00,244.79,244.8,244.49,244.51,100919
2026-06-24 11:20:00,244.51,245.0,244.46,244.95,107180
2026-06-24 11:25:00,244.95,245.07,244.72,245.06,63947
2026-06-24 11:30:00,245.06,245.26,244.96,245.07,104578
2026-06-24 11:35:00,245.07,245.33,244.98,245.33,57960
2026-06-24 11:40:00,245.33,245.39,245.23,245.24,36675
2026-06-24 11:45:00,245.24,245.47,245.1,245.41,62967
2026-06-24 11:50:00,245.41,245.46,245.22,245.28,29820
2026-06-24 11:55:00,245.28,245.4,245.26,245.39,76176
2026-06-24 12:00:00,245.39,245.83,245.37,245.8,104965
2026-06-24 12:05:00,245.8,245.93,245.62,245.87,62741
2026-06-24 12:10:00,245.87,245.88,245.54,245.82,88451
2026-06-24 12:15:00,245.82,246.19,245.74,246.16,78966
2026-06-24 12:20:00,246.16,246.55,246.13,246.43,54499
2026-06-24 12:25:00,246.43,246.51,246.18,246.36,75782
2026-06-24 12:30:00,246.36,246.61,246.31,246.32,73596
2026-06-24 12:35:00,246.32,246.35,246.06,246.15,50540
2026-06-24 12:40:00,246.15,246.16,245.65,245.79,89219
2026-06-24 12:45:00,245.79,245.79,245.58,245.62,73488
2026-06-24 12:50:00,245.62,245.69,245.43,245.53,66509
2026-06-24 12:55:00,245.53,245.61,245.12,245.12,168950
2026-06-24 13:00:00,245.12,245.58,245.12,245.56,105723
2026-06-24 13:05:00,245.56,245.61,245.07,245.23,67606
2026-06-24 13:10:00,245.23,245.33,245.12,245.27,65429
2026-06-24 13:15:00,245.27,245.37,245.03,245.06,75327
2026-06-24 13:20:00,245.06,245.23,245.02,245.05,73328
2026-06-24 13:25:00,245.05,245.33,245.03,245.11,69763
2026-06-24 13:30:00,245.11,245.31,245.09,245.25,101747
2026-06-24 13:35:00,245.25,245.64,245.21,245.56,56578
2026-06-24 13:40:00,245.56,245.6,244.92,245.08,29361
2026-06-24 13:45:00,245.08,245.25,245.01,245.01,92926
2026-06-24 13:50:00,245.01,245.32,244.98,245.3,60020
2026-06-24 13:55:00,245.3,245.67,245.28,245.51,102114
2026-06-24 14:00:00,245.51,245.55,245.22,245.43,80407
2026-06-24 14:05:00,245.43,245.7,245.36,245.48,96845
2026-06-24 14:10:00,245.48,245.55,245.25,245.31,48323
2026-06-24 14:15:00,245.31,245.34,244.87,244.94,101767
2026-06-24 14:20:00,244.94,244.97,244.72,244.83,188159
2026-06-24 14:25:00,244.83,244.98,244.72,244.86,98196
2026-06-24 14:30:00,244.86,244.95,244.73,244.76,88739
2026-06-24 14:35:00,244.76,244.78,244.59,244.66,117389
2026-06-24 14:40:00,244.66,244.92,244.54,244.59,139118
2026-06-24 14:45:00,244.59,244.71,244.54,244.65,85880
2026-06-24 14:50:00,244.65,245.2,244.64,245.03,35343
2026-06-24 14:55:00,245.03,245.28,244.94,245.18,74789
2026-06-24 15:00:00,245.18,245.34,244.85,244.88,185277
2026-06-24 15:05:00,244.88,244.91,244.54,244.63,110841
2026-06-24 15:10:00,244.63,244.64,243.9,244.04,90939
2026-06-24 15:15:00,244.04,244.41,243.9,244.33,129304
2026-06-24 15:20:00,244.33,244.77,244.31,244.76,157967
2026-06-24 15:25:00,244.76,245.08,244.65,244.95,194056
2026-06-25 09:15:00,244.65,244.81,243.95,244.35,88659
2026-06-25 09:20:00,244.35,244.56,243.68,243.82,208436
2026-06-25 09:25:00,243.82,244.0,243.1,243.11,116241
2026-06-25 09:30:00,243.11,243.59,243.05,243.23,203769
2026-06-25 09:35:00,243.23,243.34,242.54,242.58,91157
2026-06-25 09:40:00,242.58,242.84,242.53,242.77,130371
2026-06-25 09:45:00,242.77,242.96,242.75,242.82,92192
2026-06-25 09:50:00,242.82,242.86,242.48,242.8,117746
2026-06-25 09:55:00,242.8,242.91,242.75,242.9,157193
2026-06-25 10:00:00,242.9,243.27,242.87,243.07,149416
2026-06-25 10:05:00,243.07,243.3,243.06,243.27,122543
2026-06-25 10:10:00,243.27,243.49,243.25,243.32,107408
2026-06-25 10:15:00,243.32,243.59,243.3,243.54,61939
2026-06-25 10:20:00,243.54,243.58,243.46,243.56,114661
2026-06-25 10:25:00,243.56,243.6,243.38,243.45,88748
2026-06-25 10:30:00,243.45,243.59,243.36,243.47,90142
2026-06-25 10:35:00,243.47,243.6,243.4,243.59,75756
2026-06-25 10:40:00,243.59,243.81,243.36,243.39,60839
2026-06-25 10:45:00,243.39,243.51,243.31,243.4,68134
2026-06-25 10:50:00,243.4,243.41,243.07,243.1,53792
2026-06-25 10:55:00,243.1,243.46,243.04,243.42,38657
2026-06-25 11:00:00,243.42,243.49,242.99,243.07,62276
2026-06-25 11:05:00,243.07,243.13,242.85,242.87,35492
2026-06-25 11:10:00,242.87,242.91,242.36,242.51,102318
2026-06-25 11:15:00,242.51,242.56,242.24,242.46,40086
2026-06-25 11:20:00,242.46,242.52,242.18,242.24,85812
2026-06-25 11:25:00,242.24,242.71,242.14,242.66,108352
2026-06-25 11:30:00,242.66,242.82,242.64,242.77,65553
2026-06-25 11:35:00,242.77,242.99,242.65,242.91,54132
2026-06-25 11:40:00,242.91,243.18,242.84,243.14,67949
2026-06-25 11:45:00,243.14,243.18,243.02,243.12,138913
2026-06-25 11:50:00,243.12,243.31,243.12,243.28,74660
2026-06-25 11:55:00,243.28,243.38,243.24,243.26,63200
2026-06-25 12:00:00,243.26,243.29,243.04,243.11,136761
2026-06-25 12:05:00,243.11,243.2,243.02,243.11,45894
2026-06-25 12:10:00,243.11,243.24,243.1,243.15,109765
2026-06-25 12:15:00,243.15,243.25,242.92,243.19,55053
2026-06-25 12:20:00,243.19,243.23,242.87,242.92,59599
2026-06-25 12:25:00,242.92,242.98,242.79,242.91,69479
2026-06-25 12:30:00,242.91,242.96,242.63,242.69,136094
2026-06-25 12:35:00,242.69,242.7,242.49,242.52,64075
2026-06-25 12:40:00,242.52,242.58,242.42,242.48,75558
2026-06-25 12:45:00,242.48,242.51,242.17,242.21,76666
2026-06-25 12:50:00,242.21,242.4,242.2,242.32,78160
2026-06-25 12:55:00,242.32,242.7,242.31,242.61,98620
2026-06-25 13:00:00,242.61,242.64,242.24,242.41,54662
2026-06-25 13:05:00,242.41,242.57,242.35,242.45,44738
2026-06-25 13:10:00,242.45,242.53,242.07,242.13,80393
2026-06-25 13:15:00,242.13,242.15,241.63,241.65,170153
2026-06-25 13:20:00,241.65,241.72,241.33,241.52,97360
2026-06-25 13:25:00,241.52,241.59,241.16,241.34,35853
2026-06-25 13:30:00,241.34,241.37,241.05,241.05,66512
2026-06-25 13:35:00,241.05,241.37,240.99,241.32,87128
2026-06-25 13:40:00,241.32,241.35,240.63,240.69,76078
2026-06-25 13:45:00,240.69,240.79,240.63,240.78,61973
2026-06-25 13:50:00,240.78,240.95,240.66,240.9,225248
2026-06-25 13:55:00,240.9,241.11,240.86,241.1,121271
2026-06-25 14:00:00,241.1,241.42,241.06,241.11,46974
2026-06-25 14:05:00,241.11,241.28,241.09,241.11,105017
2026-06-25 14:10:00,241.11,241.39,241.03,241.32,93957
2026-06-25 14:15:00,241.32,241.47,241.04,241.1,60975
2026-06-25 14:20:00,241.1,241.11,240.77,240.86,65106
2026-06-25 14:25:00,240.86,241.16,240.82,241.15,67272
2026-06-25 14:30:00,241.15,241.47,241.09,241.37,83034
2026-06-25 14:35:00,241.37,241.4,240.98,241.28,97511
2026-06-25 14:40:00,241.28,241.38,241.16,241.16,97699
2026-06-25 14:45:00,241.16,241.22,241.03,241.14,65636
2026-06-25 14:50:00,241.14,241.53,241.11,241.39,74476
2026-06-25 14:55:00,241.39,241.4,241.02,241.06,77005
2026-06-25 15:00:00,241.06,241.2,240.3,240.62,113774
2026-06-25 15:05:00,240.62,241.01,240.58,241.0,100092
2026-06-25 15:10:00,241.0,241.37,240.95,241.05,93344
2026-06-25 15:15:00,241.05,241.46,240.86,241.42,124045
2026-06-25 15:20:00,241.42,241.46,240.86,241.03,160162
2026-06-25 15:25:00,241.03,241.05,240.28,240.32,275338
2026-06-26 09:15:00,239.81,240.16,239.63,240.11,118155
2026-06-26 09:20:00,240.11,240.29,239.79,239.96,230254
2026-06-26 09:25:00,239.96,240.13,239.14,239.31,147762
2026-06-26 09:30:00,239.31,239.36,238.44,238.64,135022
2026-06-26 09:35:00,238.64,239.53,238.59,239.52,96543
2026-06-26 09:40:00,239.52,239.72,239.34,239.44,119878
2026-06-26 09:45:00,239.44,240.33,239.4,240.27,121235
2026-06-26 09:50:00,240.27,240.83,240.17,240.83,38000
2026-06-26 09:55:00,240.83,241.22,240.75,241.18,136111
2026-06-26 10:00:00,241.18,241.48,241.15,241.19,34358
2026-06-26 10:05:00,241.19,241.45,240.97,241.36,105295
2026-06-26 10:10:00,241.36,241.57,241.33,241.44,125414
2026-06-26 10:15:00,241.44,241.65,241.27,241.29,93470
2026-06-26 10:20:00,241.29,241.38,241.12,241.21,165679
2026-06-26 10:25:00,241.21,241.41,241.15,241.29,69488
2026-06-26 10:30:00,241.29,241.39,240.85,240.86,160725
2026-06-26 10:35:00,240.86,240.9,240.57,240.65,59502
2026-06-26 10:40:00,240.65,240.73,240.54,240.64,69239
2026-06-26 10:45:00,240.64,240.66,240.28,240.57,70752
2026-06-26 10:50:00,240.57,240.66,240.37,240.41,26026
2026-06-26 10:55:00,240.41,240.95,240.38,240.95,122217
2026-06-26 11:00:00,240.95,241.09,240.82,240.97,54790
2026-06-26 11:05:00,240.97,241.12,240.85,240.87,99652
2026-06-26 11:10:00,240.87,240.93,240.66,240.79,143149
2026-06-26 11:15:00,240.79,240.95,240.68,240.95,81551
2026-06-26 11:20:00,240.95,240.97,240.65,240.75,112930
2026-06-26 11:25:00,240.75,240.95,240.59,240.6,74981
2026-06-26 11:30:00,240.6,240.61,240.25,240.36,83962
2026-06-26 11:35:00,240.36,240.77,240.34,240.69,58510
2026-06-26 11:40:00,240.69,240.76,240.61,240.76,69330
2026-06-26 11:45:00,240.76,240.85,240.55,240.56,73818
2026-06-26 11:50:00,240.56,240.64,240.35,240.46,59057
2026-06-26 11:55:00,240.46,240.53,239.98,240.06,75171
2026-06-26 12:00:00,240.06,240.26,239.96,240.12,96048
2026-06-26 12:05:00,240.12,240.14,239.95,240.14,93275
2026-06-26 12:10:00,240.14,240.41,240.1,240.25,75440
2026-06-26 12:15:00,240.25,240.35,240.12,240.27,79094
2026-06-26 12:20:00,240.27,240.38,240.18,240.27,59808
2026-06-26 12:25:00,240.27,240.31,240.16,240.29,53131
2026-06-26 12:30:00,240.29,240.4,240.11,240.13,91504
2026-06-26 12:35:00,240.13,240.32,240.05,240.24,92860
2026-06-26 12:40:00,240.24,240.36,240.08,240.29,45292
2026-06-26 12:45:00,240.29,240.37,240.2,240.26,69921
2026-06-26 12:50:00,240.26,240.37,240.2,240.34,91939
2026-06-26 12:55:00,240.34,240.66,240.22,240.58,63657
2026-06-26 13:00:00,240.58,240.69,240.52,240.59,61857
2026-06-26 13:05:00,240.59,240.84,240.56,240.82,67260
2026-06-26 13:10:00,240.82,240.95,240.52,240.55,97615
2026-06-26 13:15:00,240.55,240.65,240.54,240.63,126651
2026-06-26 13:20:00,240.63,240.69,240.13,240.19,90288
2026-06-26 13:25:00,240.19,240.41,240.14,240.41,110099
2026-06-26 13:30:00,240.41,240.59,240.27,240.27,105565
2026-06-26 13:35:00,240.27,240.27,239.82,239.86,98004
2026-06-26 13:40:00,239.86,240.04,239.85,239.96,76043
2026-06-26 13:45:00,239.96,240.21,239.91,240.04,107635
2026-06-26 13:50:00,240.04,240.32,240.03,240.29,54441
2026-06-26 13:55:00,240.29,240.3,239.8,239.86,27360
2026-06-26 14:00:00,239.86,240.01,239.86,239.94,126385
2026-06-26 14:05:00,239.94,240.03,239.92,239.92,59683
2026-06-26 14:10:00,239.92,240.29,239.89,240.23,140202
2026-06-26 14:15:00,240.23,240.23,239.72,239.76,38495
2026-06-26 14:20:00,239.76,239.83,239.33,239.47,88073
2026-06-26 14:25:00,239.47,239.89,239.39,239.85,119658
2026-06-26 14:30:00,239.85,239.92,239.31,239.36,97379
2026-06-26 14:35:00,239.36,239.45,239.11,239.43,116998
2026-06-26 14:40:00,239.43,239.46,239.17,239.3,98143
2026-06-26 14:45:00,239.3,239.57,239.12,239.37,79543
2026-06-26 14:50:00,239.37,239.82,239.34,239.55,82465
2026-06-26 14:55:00,239.55,239.75,239.38,239.67,106475
2026-06-26 15:00:00,239.67,240.2,239.66,240.2,67627
2026-06-26 15:05:00,240.2,240.78,240.16,240.72,95578
2026-06-26 15:10:00,240.72,240.72,240.5,240.5,99711
2026-06-26 15:15:00,240.5,241.13,240.4,241.09,231571
2026-06-26 15:20:00,241.09,241.37,240.73,241.3,77000
2026-06-26 15:25:00,241.3,241.32,240.65,240.69,191017
2026-06-29 09:15:00,240.2,240.59,240.02,240.58,189545
2026-06-29 09:20:00,240.58,241.02,240.48,240.74,155998
2026-06-29 09:25:00,240.74,240.81,239.56,239.56,169593
2026-06-29 09:30:00,239.56,239.66,238.43,238.84,143181
2026-06-29 09:35:00,238.84,238.93,238.51,238.74,141871
2026-06-29 09:40:00,238.74,239.09,238.7,239.07,113998
2026-06-29 09:45:00,239.07,239.13,238.64,238.79,121169
2026-06-29 09:50:00,238.79,238.83,238.42,238.55,106345
2026-06-29 09:55:00,238.55,238.8,238.3,238.69,113228
2026-06-29 10:00:00,238.69,238.87,238.65,238.84,171151
2026-06-29 10:05:00,238.84,239.14,238.83,239.12,101376
2026-06-29 10:10:00,239.12,239.13,238.82,238.9,97535
2026-06-29 10:15:00,238.9,239.12,238.88,239.07,63890
2026-06-29 10:20:00,239.07,239.23,238.99,239.15,149826
2026-06-29 10:25:00,239.15,239.24,238.48,238.56,74376
2026-06-29 10:30:00,238.56,238.83,238.51,238.76,68003
2026-06-29 10:35:00,238.76,238.96,238.64,238.96,86567
2026-06-29 10:40:00,238.96,239.04,238.77,239.04,73714
2026-06-29 10:45:00,239.04,239.04,238.71,238.9,58111
2026-06-29 10:50:00,238.9,239.13,238.81,238.86,79240
2026-06-29 10:55:00,238.86,238.95,238.67,238.94,58613
2026-06-29 11:00:00,238.94,239.01,238.83,238.87,50379
2026-06-29 11:05:00,238.87,239.0,238.83,238.84,59249
2026-06-29 11:10:00,238.84,238.94,238.66,238.68,113951
2026-06-29 11:15:00,238.68,238.88,238.66,238.85,56439
2026-06-29 11:20:00,238.85,238.88,238.6,238.61,80447
2026-06-29 11:25:00,238.61,238.9,238.52,238.85,69355
2026-06-29 11:30:00,238.85,238.97,238.72,238.85,65129
2026-06-29 11:35:00,238.85,239.02,238.83,238.87,110641
2026-06-29 11:40:00,238.87,238.92,238.68,238.71,78995
2026-06-29 11:45:00,238.71,238.87,238.7,238.74,53270
2026-06-29 11:50:00,238.74,238.82,238.5,238.79,86275
2026-06-29 11:55:00,238.79,238.83,238.36,238.38,75522
2026-06-29 12:00:00,238.38,238.64,238.34,238.56,57538
2026-06-29 12:05:00,238.56,238.6,238.24,238.5,86274
2026-06-29 12:10:00,238.5,238.68,238.36,238.56,74539
2026-06-29 12:15:00,238.56,238.57,238.12,238.2,92504
2026-06-29 12:20:00,238.2,238.2,237.97,238.05,44270
2026-06-29 12:25:00,238.05,238.2,237.85,238.13,52453
2026-06-29 12:30:00,238.13,238.23,237.86,237.87,74549
2026-06-29 12:35:00,237.87,238.09,237.57,237.58,74383
2026-06-29 12:40:00,237.58,237.69,237.12,237.3,52225
2026-06-29 12:45:00,237.3,237.36,236.98,237.09,78415
2026-06-29 12:50:00,237.09,237.41,237.03,237.37,80940
2026-06-29 12:55:00,237.37,237.58,237.29,237.44,60534
2026-06-29 13:00:00,237.44,237.67,237.42,237.49,27700
2026-06-29 13:05:00,237.49,237.57,237.24,237.45,70557
2026-06-29 13:10:00,237.45,237.53,237.3,237.34,76379
2026-06-29 13:15:00,237.34,237.4,237.24,237.27,38429
2026-06-29 13:20:00,237.27,237.32,236.97,236.98,91347
2026-06-29 13:25:00,236.98,237.12,236.81,236.84,103986
2026-06-29 13:30:00,236.84,236.92,236.71,236.77,57084
2026-06-29 13:35:00,236.77,236.79,236.62,236.69,74227
2026-06-29 13:40:00,236.69,236.82,236.65,236.81,75464
2026-06-29 13:45:00,236.81,237.1,236.79,237.0,76537
2026-06-29 13:50:00,237.0,237.25,236.99,237.02,59990
2026-06-29 13:55:00,237.02,237.4,237.02,237.21,45927
2026-06-29 14:00:00,237.21,237.3,237.04,237.22,80331
2026-06-29 14:05:00,237.22,237.24,237.03,237.07,60538
2026-06-29 14:10:00,237.07,237.18,236.89,237.01,78466
2026-06-29 14:15:00,237.01,237.18,237.0,237.14,103872
2026-06-29 14:20:00,237.14,237.2,236.93,236.96,66301
2026-06-29 14:25:00,236.96,237.08,236.75,236.76,126186
2026-06-29 14:30:00,236.76,236.85,236.56,236.62,75356
2026-06-29 14:35:00,236.62,236.91,236.61,236.88,78524
2026-06-29 14:40:00,236.88,236.91,236.76,236.89,87941
2026-06-29 14:45:00,236.89,236.95,236.82,236.83,75469
2026-06-29 14:50:00,236.83,236.97,236.59,236.91,115836
2026-06-29 14:55:00,236.91,237.03,236.6,236.62,88475
2026-06-29 15:00:00,236.62,236.65,236.38,236.49,94027
2026-06-29 15:05:00,236.49,236.61,235.78,236.14,104090
2026-06-29 15:10:00,236.14,236.32,236.05,236.28,156848
2026-06-29 15:15:00,236.28,236.52,236.1,236.43,71381
2026-06-29 15:20:00,236.43,236.62,236.12,236.31,85345
2026-06-29 15:25:00,236.31,236.7,236.21,236.61,211035
2026-06-30 09:15:00,236.74,236.85,236.28,236.29,195265
2026-06-30 09:20:00,236.29,236.52,236.01,236.45,173081
2026-06-30 09:25:00,236.45,236.66,236.19,236.23,217098
2026-06-30 09:30:00,236.23,236.75,236.17,236.7,173203
2026-06-30 09:35:00,236.7,237.07,236.51,236.69,135707
2026-06-30 09:40:00,236.69,236.73,236.37,236.39,105131
2026-06-30 09:45:00,236.39,236.54,236.3,236.32,159793
2026-06-30 09:50:00,236.32,236.83,236.3,236.82,77562
2026-06-30 09:55:00,236.82,236.93,236.54,236.83,71095
2026-06-30 10:00:00,236.83,237.16,236.7,237.06,73371
2026-06-30 10:05:00,237.06,237.22,237.04,237.13,93569
2026-06-30 10:10:00,237.13,237.41,237.1,237.27,35043
2026-06-30 10:15:00,237.27,237.31,236.91,236.92,110444
2026-06-30 10:20:00,236.92,237.01,236.73,236.79,99728
2026-06-30 10:25:00,236.79,236.91,236.75,236.81,58151
2026-06-30 10:30:00,236.81,237.12,236.78,236.93,120157
2026-06-30 10:35:00,236.93,237.0,236.79,236.85,70591
2026-06-30 10:40:00,236.85,237.0,236.73,236.96,97144
2026-06-30 10:45:00,236.96,237.11,236.81,236.85,75053
2026-06-30 10:50:00,236.85,237.01,236.83,236.97,177241
2026-06-30 10:55:00,236.97,237.0,236.67,236.67,39088
2026-06-30 11:00:00,236.67,236.71,236.52,236.69,97942
2026-06-30 11:05:00,236.69,236.74,236.42,236.43,71252
2026-06-30 11:10:00,236.43,236.8,236.42,236.71,104194
2026-06-30 11:15:00,236.71,236.73,236.54,236.58,71437
2026-06-30 11:20:00,236.58,236.83,236.56,236.65,98886
2026-06-30 11:25:00,236.65,236.75,236.61,236.69,78383
2026-06-30 11:30:00,236.69,236.72,236.36,236.5,96019
2026-06-30 11:35:00,236.5,236.53,236.37,236.52,120134
2026-06-30 11:40:00,236.52,236.62,236.44,236.56,102425
2026-06-30 11:45:00,236.56,236.98,236.52,236.88,41511
2026-06-30 11:50:00,236.88,236.89,236.73,236.86,98944
2026-06-30 11:55:00,236.86,237.11,236.77,237.08,38177
2026-06-30 12:00:00,237.08,237.1,236.72,236.72,72636
2026-06-30 12:05:00,236.72,237.0,236.65,236.99,84043
2026-06-30 12:10:00,236.99,237.1,236.96,236.98,63120
2026-06-30 12:15:00,236.98,237.16,236.95,236.98,75052
2026-06-30 12:20:00,236.98,236.98,236.69,236.73,125087
2026-06-30 12:25:00,236.73,236.74,236.54,236.58,83823
2026-06-30 12:30:00,236.58,236.8,236.53,236.75,53577
2026-06-30 12:35:00,236.75,236.93,236.67,236.77,47414
2026-06-30 12:40:00,236.77,236.81,236.64,236.66,43191
2026-06-30 12:45:00,236.66,236.68,236.4,236.5,82384
2026-06-30 12:50:00,236.5,236.65,236.34,236.49,87682
2026-06-30 12:55:00,236.49,236.53,236.29,236.31,109904
2026-06-30 13:00:00,236.31,236.31,235.99,236.06,138115
2026-06-30 13:05:00,236.06,236.12,236.01,236.12,82072
2026-06-30 13:10:00,236.12,236.15,235.71,235.8,64958
2026-06-30 13:15:00,235.8,235.87,235.74,235.78,71682
2026-06-30 13:20:00,235.78,235.81,235.66,235.71,87094
2026-06-30 13:25:00,235.71,235.79,235.52,235.53,136603
2026-06-30 13:30:00,235.53,235.57,235.44,235.49,57862
2026-06-30 13:35:00,235.49,235.81,235.44,235.71,152474
2026-06-30 13:40:00,235.71,235.77,235.56,235.64,55247
2026-06-30 13:45:00,235.64,235.96,235.61,235.94,112313
2026-06-30 13:50:00,235.94,236.17,235.94,236.08,82183
2026-06-30 13:55:00,236.08,236.11,235.88,235.9,55123
2026-06-30 14:00:00,235.9,236.01,235.79,235.82,119716
2026-06-30 14:05:00,235.82,235.87,235.52,235.56,96816
2026-06-30 14:10:00,235.56,235.8,235.43,235.65,74898
2026-06-30 14:15:00,235.65,236.12,235.63,236.04,97427
2026-06-30 14:20:00,236.04,236.22,236.02,236.14,116188
2026-06-30 14:25:00,236.14,236.62,236.11,236.54,93575
2026-06-30 14:30:00,236.54,236.89,236.45,236.79,144650
2026-06-30 14:35:00,236.79,236.9,236.67,236.82,89309
2026-06-30 14:40:00,236.82,236.92,236.71,236.79,60574
2026-06-30 14:45:00,236.79,236.99,236.7,236.91,91197
2026-06-30 14:50:00,236.91,237.14,236.85,236.98,118902
2026-06-30 14:55:00,236.98,236.98,236.6,236.7,108631
2026-06-30 15:00:00,236.7,236.86,236.39,236.64,127601
2026-06-30 15:05:00,236.64,236.77,236.56,236.66,81060
2026-06-30 15:10:00,236.66,236.81,236.48,236.76,111627
2026-06-30 15:15:00,236.76,236.94,236.65,236.87,167215
2026-06-30 15:20:00,236.87,237.22,236.69,237.18,102030
2026-06-30 15:25:00,237.18,237.74,237.11,237.68,139062
2026-07-01 09:15:00,236.59,237.13,236.13,237.03,151866
2026-07-01 09:20:00,237.03,237.38,236.91,237.07,235547
2026-07-01 09:25:00,237.07,237.12,236.51,236.52,94915
2026-07-01 09:30:00,236.52,236.71,236.42,236.63,126443
2026-07-01 09:35:00,236.63,236.94,236.5,236.85,75619
2026-07-01 09:40:00,236.85,237.02,236.65,237.0,181090
2026-07-01 09:45:00,237.0,237.09,236.56,236.66,119745
2026-07-01 09:50:00,236.66,236.86,236.63,236.67,143976
2026-07-01 09:55:00,236.67,236.83,236.53,236.77,158751
2026-07-01 10:00:00,236.77,236.87,236.63,236.65,139183
2026-07-01 10:05:00,236.65,236.96,236.57,236.86,92537
2026-07-01 10:10:00,236.86,237.02,236.63,236.68,55157
2026-07-01 10:15:00,236.68,236.74,236.34,236.38,62314
2026-07-01 10:20:00,236.38,236.48,236.26,236.44,91696
2026-07-01 10:25:00,236.44,236.69,236.36,236.65,68484
2026-07-01 10:30:00,236.65,236.66,236.44,236.57,91836
2026-07-01 10:35:00,236.57,236.58,236.17,236.39,150176
2026-07-01 10:40:00,236.39,236.49,236.39,236.42,130170
2026-07-01 10:45:00,236.42,236.65,236.34,236.56,115109
2026-07-01 10:50:00,236.56,236.62,236.29,236.42,159807
2026-07-01 10:55:00,236.42,236.58,236.27,236.35,42126
2026-07-01 11:00:00,236.35,236.45,236.27,236.41,31973
2026-07-01 11:05:00,236.41,236.61,236.28,236.35,48244
2026-07-01 11:10:00,236.35,236.4,235.77,235.81,76654
2026-07-01 11:15:00,235.81,235.85,235.58,235.63,83611
2026-07-01 11:20:00,235.63,235.69,235.26,235.32,57396
2026-07-01 11:25:00,235.32,235.38,234.89,235.06,71694
2026-07-01 11:30:00,235.06,235.12,234.83,234.87,72959
2026-07-01 11:35:00,234.87,235.16,234.85,235.02,100626
2026-07-01 11:40:00,235.02,235.14,234.71,234.75,68514
2026-07-01 11:45:00,234.75,234.82,234.44,234.75,65462
2026-07-01 11:50:00,234.75,234.83,234.62,234.66,68864
2026-07-01 11:55:00,234.66,234.8,234.63,234.69,26635
2026-07-01 12:00:00,234.69,234.73,234.28,234.5,39131
2026-07-01 12:05:00,234.5,234.88,234.41,234.85,76244
2026-07-01 12:10:00,234.85,235.09,234.84,235.09,70921
2026-07-01 12:15:00,235.09,235.19,235.02,235.18,58131
2026-07-01 12:20:00,235.18,235.2,234.81,234.97,52219
2026-07-01 12:25:00,234.97,235.56,234.94,235.52,59036
2026-07-01 12:30:00,235.52,235.88,235.52,235.84,33088
2026-07-01 12:35:00,235.84,235.92,235.65,235.9,50691
2026-07-01 12:40:00,235.9,235.99,235.8,235.81,100054
2026-07-01 12:45:00,235.81,235.82,235.56,235.6,103773
2026-07-01 12:50:00,235.6,235.74,235.45,235.72,61906
2026-07-01 12:55:00,235.72,235.89,235.69,235.82,47786
2026-07-01 13:00:00,235.82,236.23,235.77,236.23,190341
2026-07-01 13:05:00,236.23,236.28,236.05,236.12,64981
2026-07-01 13:10:00,236.12,236.37,236.08,236.31,78747
2026-07-01 13:15:00,236.31,236.32,235.84,235.94,76792
2026-07-01 13:20:00,235.94,236.02,235.82,235.83,108153
2026-07-01 13:25:00,235.83,235.87,235.52,235.59,82020
2026-07-01 13:30:00,235.59,235.69,235.34,235.55,75823
2026-07-01 13:35:00,235.55,235.59,235.34,235.37,106829
2026-07-01 13:40:00,235.37,235.5,235.18,235.18,77193
2026-07-01 13:45:00,235.18,235.21,234.83,234.85,89258
2026-07-01 13:50:00,234.85,234.9,234.61,234.71,87301
2026-07-01 13:55:00,234.71,234.98,234.64,234.91,59590
2026-07-01 14:00:00,234.91,234.97,234.85,234.9,53993
2026-07-01 14:05:00,234.9,235.07,234.85,234.97,65783
2026-07-01 14:10:00,234.97,234.99,234.81,234.84,101635
2026-07-01 14:15:00,234.84,234.87,234.72,234.78,71234
2026-07-01 14:20:00,234.78,234.79,234.56,234.63,35295
2026-07-01 14:25:00,234.63,235.07,234.58,235.01,180990
2026-07-01 14:30:00,235.01,235.11,234.67,234.69,88304
2026-07-01 14:35:00,234.69,234.84,234.53,234.81,76254
2026-07-01 14:40:00,234.81,234.82,234.41,234.47,43825
2026-07-01 14:45:00,234.47,234.6,233.95,234.01,62403
2026-07-01 14:50:00,234.01,234.13,233.61,233.68,117038
2026-07-01 14:55:00,233.68,233.92,233.67,233.74,96681
2026-07-01 15:00:00,233.74,233.75,233.18,233.23,180447
2026-07-01 15:05:00,233.23,233.27,232.62,232.89,107091
2026-07-01 15:10:00,232.89,232.92,232.51,232.63,85111
2026-07-01 15:15:00,232.63,232.74,232.15,232.2,173222
2026-07-01 15:20:00,232.2,232.37,231.77,231.88,144885
2026-07-01 15:25:00,231.88,232.32,231.54,232.22,151692
2026-07-02 09:15:00,231.07,231.99,231.0,231.85,202541
2026-07-02 09:20:00,231.85,232.09,231.49,231.54,316996
2026-07-02 09:25:00,231.54,232.34,231.51,231.82,116156
2026-07-02 09:30:00,231.82,231.94,231.73,231.77,134430
2026-07-02 09:35:00,231.77,231.78,231.44,231.64,184596
2026-07-02 09:40:00,231.64,231.72,231.43,231.57,39187
2026-07-02 09:45:00,231.57,231.7,230.94,231.01,101903
2026-07-02 09:50:00,231.01,231.43,230.95,231.3,187779
2026-07-02 09:55:00,231.3,231.41,231.19,231.35,76298
2026-07-02 10:00:00,231.35,231.67,231.2,231.64,134525
2026-07-02 10:05:00,231.64,231.64,231.28,231.53,87334
2026-07-02 10:10:00,231.53,231.67,231.24,231.4,79346
2026-07-02 10:15:00,231.4,231.41,231.14,231.34,82003
2026-07-02 10:20:00,231.34,231.36,231.18,231.23,73769
2026-07-02 10:25:00,231.23,231.32,231.06,231.12,73583
2026-07-02 10:30:00,231.12,231.24,231.1,231.22,66609
2026-07-02 10:35:00,231.22,231.28,230.95,231.02,139970
2026-07-02 10:40:00,231.02,231.06,230.89,231.01,73364
2026-07-02 10:45:00,231.01,231.31,230.95,231.26,38997
2026-07-02 10:50:00,231.26,231.32,231.02,231.14,35662
2026-07-02 10:55:00,231.14,231.32,231.1,231.22,79963
2026-07-02 11:00:00,231.22,231.35,231.09,231.12,81154
2026-07-02 11:05:00,231.12,231.19,230.93,230.93,92306
2026-07-02 11:10:00,230.93,231.09,230.9,231.04,72114
2026-07-02 11:15:00,231.04,231.25,230.96,231.21,194730
2026-07-02 11:20:00,231.21,231.22,230.92,231.08,126654
2026-07-02 11:25:00,231.08,231.14,230.98,231.06,76457
2026-07-02 11:30:00,231.06,231.13,230.94,230.97,53105
2026-07-02 11:35:00,230.97,231.01,230.77,230.95,87018
2026-07-02 11:40:00,230.95,231.03,230.86,230.9,64637
2026-07-02 11:45:00,230.9,231.28,230.89,231.25,78241
2026-07-02 11:50:00,231.25,231.38,230.97,231.06,67445
2026-07-02 11:55:00,231.06,231.13,230.87,230.99,68154
2026-07-02 12:00:00,230.99,231.08,230.94,231.06,35959
2026-07-02 12:05:00,231.06,231.09,230.91,231.02,61402
2026-07-02 12:10:00,231.02,231.07,230.85,230.86,41881
2026-07-02 12:15:00,230.86,231.01,230.8,230.87,58595
2026-07-02 12:20:00,230.87,230.87,230.53,230.57,93966
2026-07-02 12:25:00,230.57,230.6,230.41,230.44,113503
2026-07-02 12:30:00,230.44,230.64,230.26,230.63,70434
2026-07-02 12:35:00,230.63,230.65,230.49,230.52,88925
2026-07-02 12:40:00,230.52,230.61,230.45,230.5,47559
2026-07-02 12:45:00,230.5,230.69,230.37,230.58,98832
2026-07-02 12:50:00,230.58,230.64,230.51,230.57,58711
2026-07-02 12:55:00,230.57,230.63,230.14,230.22,107285
2026-07-02 13:00:00,230.22,230.26,230.05,230.06,70780
2026-07-02 13:05:00,230.06,230.07,229.71,229.71,92550
2026-07-02 13:10:00,229.71,229.89,229.53,229.73,65541
2026-07-02 13:15:00,229.73,229.94,229.67,229.88,84589
2026-07-02 13:20:00,229.88,229.98,229.66,229.86,63689
2026-07-02 13:25:00,229.86,229.88,229.76,229.78,84509
2026-07-02 13:30:00,229.78,229.85,229.71,229.75,74971
2026-07-02 13:35:00,229.75,230.3,229.63,230.24,142630
2026-07-02 13:40:00,230.24,230.47,230.21,230.44,60768
2026-07-02 13:45:00,230.44,230.49,230.16,230.22,81072
2026-07-02 13:50:00,230.22,230.25,230.0,230.18,69293
2026-07-02 13:55:00,230.18,230.54,230.15,230.44,173123
2026-07-02 14:00:00,230.44,230.63,230.29,230.31,33159
2026-07-02 14:05:00,230.31,230.47,230.23,230.33,63942
2026-07-02 14:10:00,230.33,230.38,230.19,230.23,81938
2026-07-02 14:15:00,230.23,230.58,230.16,230.37,72947
2026-07-02 14:20:00,230.37,230.55,230.26,230.48,88676
2026-07-02 14:25:00,230.48,230.7,230.41,230.68,71155
2026-07-02 14:30:00,230.68,230.91,230.6,230.83,74029
2026-07-02 14:35:00,230.83,230.95,230.71,230.81,96689
2026-07-02 14:40:00,230.81,231.27,230.75,231.24,84916
2026-07-02 14:45:00,231.24,231.3,231.03,231.06,100261
2026-07-02 14:50:00,231.06,231.25,230.94,231.0,146366
2026-07-02 14:55:00,231.0,231.07,230.91,231.03,76276
2026-07-02 15:00:00,231.03,231.05,230.89,230.95,54245
2026-07-02 15:05:00,230.95,230.97,230.52,230.64,88553
2026-07-02 15:10:00,230.64,230.9,230.63,230.83,98766
2026-07-02 15:15:00,230.83,230.96,230.43,230.45,124111
2026-07-02 15:20:00,230.45,230.58,230.43,230.56,152097
2026-07-02 15:25:00,230.56,231.41,230.55,231.26,95383
2026-07-03 09:15:00,231.39,231.69,230.99,231.3,175337
2026-07-03 09:20:00,231.3,231.79,230.79,231.66,269650
2026-07-03 09:25:00,231.66,231.85,231.53,231.61,155576
2026-07-03 09:30:00,231.61,231.99,231.42,231.53,129424
2026-07-03 09:35:00,231.53,231.62,231.29,231.46,103419
2026-07-03 09:40:00,231.46,231.5,230.87,230.92,98812
2026-07-03 09:45:00,230.92,231.23,230.72,231.12,61261
2026-07-03 09:50:00,231.12,231.15,230.52,230.56,81631
2026-07-03 09:55:00,230.56,230.62,230.08,230.13,146978
2026-07-03 10:00:00,230.13,230.28,230.0,230.26,79982
2026-07-03 10:05:00,230.26,230.3,230.02,230.29,75360
2026-07-03 10:10:00,230.29,230.83,230.18,230.7,74289
2026-07-03 10:15:00,230.7,230.93,230.62,230.92,93995
2026-07-03 10:20:00,230.92,230.99,230.63,230.74,80265
2026-07-03 10:25:00,230.74,230.81,230.5,230.67,64771
2026-07-03 10:30:00,230.67,230.96,230.6,230.92,78950
2026-07-03 10:35:00,230.92,230.98,230.7,230.91,87044
2026-07-03 10:40:00,230.91,231.03,230.86,231.02,69588
2026-07-03 10:45:00,231.02,231.09,230.88,230.88,173143
2026-07-03 10:50:00,230.88,231.31,230.85,231.22,54907
2026-07-03 10:55:00,231.22,231.81,231.16,231.69,57117
2026-07-03 11:00:00,231.69,231.93,231.63,231.89,62337
2026-07-03 11:05:00,231.89,232.09,231.88,232.07,103632
2026-07-03 11:10:00,232.07,232.11,231.62,231.62,51912
2026-07-03 11:15:00,231.62,231.68,231.53,231.54,98857
2026-07-03 11:20:00,231.54,231.63,231.44,231.54,68027
2026-07-03 11:25:00,231.54,231.56,231.2,231.27,79159
2026-07-03 11:30:00,231.27,231.52,231.21,231.39,58585
2026-07-03 11:35:00,231.39,231.52,231.26,231.31,56496
2026-07-03 11:40:00,231.31,231.43,231.23,231.32,45068
2026-07-03 11:45:00,231.32,231.43,231.24,231.4,44505
2026-07-03 11:50:00,231.4,231.6,231.28,231.56,57495
2026-07-03 11:55:00,231.56,232.02,231.34,231.92,50951
2026-07-03 12:00:00,231.92,231.95,231.47,231.52,52000
2026-07-03 12:05:00,231.52,231.57,231.25,231.35,51129
2026-07-03 12:10:00,231.35,231.4,231.18,231.23,75807
2026-07-03 12:15:00,231.23,231.66,231.05,231.52,93820
2026-07-03 12:20:00,231.52,231.56,231.33,231.44,107523
2026-07-03 12:25:00,231.44,231.63,231.28,231.54,109063
2026-07-03 12:30:00,231.54,231.84,231.45,231.82,78247
2026-07-03 12:35:00,231.82,231.85,231.61,231.63,78814
2026-07-03 12:40:00,231.63,232.03,231.6,231.97,57846
2026-07-03 12:45:00,231.97,232.13,231.93,232.05,116410
2026-07-03 12:50:00,232.05,232.22,231.75,231.91,60288
2026-07-03 12:55:00,231.91,231.96,231.68,231.7,123956
2026-07-03 13:00:00,231.7,231.7,231.39,231.61,81655
2026-07-03 13:05:00,231.61,231.68,231.51,231.55,89160
2026-07-03 13:10:00,231.55,231.6,231.31,231.31,79096
2026-07-03 13:15:00,231.31,231.32,230.97,230.99,57247
2026-07-03 13:20:00,230.99,231.0,230.65,230.77,73057
2026-07-03 13:25:00,230.77,230.84,230.55,230.79,60532
2026-07-03 13:30:00,230.79,230.86,230.38,230.49,114544
2026-07-03 13:35:00,230.49,230.63,230.29,230.54,69440
2026-07-03 13:40:00,230.54,230.79,230.47,230.53,56753
2026-07-03 13:45:00,230.53,231.09,230.49,231.03,75794
2026-07-03 13:50:00,231.03,231.11,230.85,230.93,82383
2026-07-03 13:55:00,230.93,231.05,230.74,230.83,119847
2026-07-03 14:00:00,230.83,231.05,230.73,231.02,126489
2026-07-03 14:05:00,231.02,231.43,230.95,231.29,81891
2026-07-03 14:10:00,231.29,231.45,231.24,231.28,41038
2026-07-03 14:15:00,231.28,231.47,231.25,231.44,127790
2026-07-03 14:20:00,231.44,231.66,231.42,231.61,69073
2026-07-03 14:25:00,231.61,231.68,231.52,231.55,114108
2026-07-03 14:30:00,231.55,231.59,231.42,231.52,71559
2026-07-03 14:35:00,231.52,231.82,231.51,231.81,65346
2026-07-03 14:40:00,231.81,231.9,231.48,231.75,136065
2026-07-03 14:45:00,231.75,232.33,231.72,232.29,113510
2026-07-03 14:50:00,232.29,232.3,232.06,232.29,132846
2026-07-03 14:55:00,232.29,232.37,231.68,231.76,106499
2026-07-03 15:00:00,231.76,232.25,231.67,232.18,88963
2026-07-03 15:05:00,232.18,232.39,231.88,232.02,55596
2026-07-03 15:10:00,232.02,232.31,231.93,232.19,150801
2026-07-03 15:15:00,232.19,232.82,231.96,232.82,81253
2026-07-03 15:20:00,232.82,232.88,232.11,232.13,180150
2026-07-03 15:25:00,232.13,232.28,231.81,232.09,131889
2026-07-06 09:15:00,232.1,232.27,231.82,231.96,138016
2026-07-06 09:20:00,231.96,232.83,231.89,232.69,238178
2026-07-06 09:25:00,232.69,232.71,232.18,232.26,155851
2026-07-06 09:30:00,232.26,233.09,232.25,232.95,141582
2026-07-06 09:35:00,232.95,233.32,232.8,233.05,142634
2026-07-06 09:40:00,233.05,233.65,233.05,233.6,174083
2026-07-06 09:45:00,233.6,234.39,233.47,234.16,81277
2026-07-06 09:50:00,234.16,234.21,233.87,233.91,80401
2026-07-06 09:55:00,233.91,234.3,233.86,234.25,141603
2026-07-06 10:00:00,234.25,234.58,233.91,234.11,42587
2026-07-06 10:05:00,234.11,234.12,233.32,233.38,68554
2026-07-06 10:10:00,233.38,233.79,233.35,233.74,88946
2026-07-06 10:15:00,233.74,233.89,233.69,233.71,94376
2026-07-06 10:20:00,233.71,234.23,233.67,233.98,61661
2026-07-06 10:25:00,233.98,234.15,233.86,233.98,49139
2026-07-06 10:30:00,233.98,234.2,233.87,234.01,60419
2026-07-06 10:35:00,234.01,234.32,233.96,234.3,88750
2026-07-06 10:40:00,234.3,234.57,234.25,234.53,52224
2026-07-06 10:45:00,234.53,234.59,234.31,234.46,52599
2026-07-06 10:50:00,234.46,234.54,234.46,234.51,97898
2026-07-06 10:55:00,234.51,235.03,234.39,234.93,60336
2026-07-06 11:00:00,234.93,235.29,234.83,234.98,123469
2026-07-06 11:05:00,234.98,235.24,234.96,235.21,36209
2026-07-06 11:10:00,235.21,235.34,235.1,235.14,51283
2026-07-06 11:15:00,235.14,235.46,235.12,235.16,91059
2026-07-06 11:20:00,235.16,235.4,235.13,235.26,55263
2026-07-06 11:25:00,235.26,235.4,235.13,235.24,49599
2026-07-06 11:30:00,235.24,235.28,234.98,235.0,78583
2026-07-06 11:35:00,235.0,235.01,234.43,234.58,124120
2026-07-06 11:40:00,234.58,234.69,234.44,234.49,71861
2026-07-06 11:45:00,234.49,234.52,234.29,234.45,93285
2026-07-06 11:50:00,234.45,234.52,234.35,234.37,112569
2026-07-06 11:55:00,234.37,234.88,234.29,234.83,66544
2026-07-06 12:00:00,234.83,234.86,234.46,234.73,60132
2026-07-06 12:05:00,234.73,234.82,234.25,234.32,58863
2026-07-06 12:10:00,234.32,234.44,234.22,234.26,84742
2026-07-06 12:15:00,234.26,234.29,233.98,234.09,97217
2026-07-06 12:20:00,234.09,234.23,233.77,233.84,77384
2026-07-06 12:25:00,233.84,233.88,233.51,233.6,57084
2026-07-06 12:30:00,233.6,233.84,233.58,233.8,62044
2026-07-06 12:35:00,233.8,233.96,233.78,233.87,61029
2026-07-06 12:40:00,233.87,233.89,233.54,233.56,42222
2026-07-06 12:45:00,233.56,233.75,233.47,233.48,108251
2026-07-06 12:50:00,233.48,233.5,233.25,233.3,62520
2026-07-06 12:55:00,233.3,233.68,233.28,233.55,100644
2026-07-06 13:00:00,233.55,233.7,233.27,233.35,129186
2026-07-06 13:05:00,233.35,233.79,233.34,233.58,54965
2026-07-06 13:10:00,233.58,233.6,233.04,233.08,115970
2026-07-06 13:15:00,233.08,233.54,233.07,233.53,116838
2026-07-06 13:20:00,233.53,233.67,233.49,233.56,60259
2026-07-06 13:25:00,233.56,233.63,233.49,233.53,82493
2026-07-06 13:30:00,233.53,233.84,233.52,233.78,63273
2026-07-06 13:35:00,233.78,234.24,233.73,234.08,69897
2026-07-06 13:40:00,234.08,234.17,234.01,234.03,76913
2026-07-06 13:45:00,234.03,234.34,233.97,234.31,61288
2026-07-06 13:50:00,234.31,234.42,234.16,234.33,68292
2026-07-06 13:55:00,234.33,234.59,234.32,234.44,116371
2026-07-06 14:00:00,234.44,234.6,234.16,234.53,112552
2026-07-06 14:05:00,234.53,234.6,234.37,234.4,61361
2026-07-06 14:10:00,234.4,234.94,234.36,234.87,105141
2026-07-06 14:15:00,234.87,234.98,234.43,234.52,47768
2026-07-06 14:20:00,234.52,234.6,234.3,234.35,107343
2026-07-06 14:25:00,234.35,234.63,234.33,234.52,46260
2026-07-06 14:30:00,234.52,234.69,234.21,234.66,88506
2026-07-06 14:35:00,234.66,235.0,234.65,234.97,79273
2026-07-06 14:40:00,234.97,235.03,234.8,234.92,101646
2026-07-06 14:45:00,234.92,235.13,234.39,234.43,128240
2026-07-06 14:50:00,234.43,234.81,234.42,234.76,96808
2026-07-06 14:55:00,234.76,234.82,234.23,234.65,48692
2026-07-06 15:00:00,234.65,235.56,234.59,235.4,83699
2026-07-06 15:05:00,235.4,235.58,235.22,235.42,88020
2026-07-06 15:10:00,235.42,235.5,234.88,235.12,142747
2026-07-06 15:15:00,235.12,235.41,234.98,235.33,229834
2026-07-06 15:20:00,235.33,235.42,234.98,235.1,126747
2026-07-06 15:25:00,235.1,235.15,234.62,234.92,151924
2026-07-07 09:15:00,233.81,233.99,233.39,233.88,331888
2026-07-07 09:20:00,233.88,234.15,233.48,233.63,216839
2026-07-07 09:25:00,233.63,233.67,233.34,233.51,238215
2026-07-07 09:30:00,233.51,233.88,233.23,233.25,134517
2026-07-07 09:35:00,233.25,233.33,232.87,232.95,99683
2026-07-07 09:40:00,232.95,233.06,232.79,233.04,130628
2026-07-07 09:45:00,233.04,233.38,232.78,233.36,135054
2026-07-07 09:50:00,233.36,233.46,233.03,233.26,80339
2026-07-07 09:55:00,233.26,233.47,233.14,233.43,88338
2026-07-07 10:00:00,233.43,233.74,233.42,233.54,116626
2026-07-07 10:05:00,233.54,233.87,233.24,233.83,61302
2026-07-07 10:10:00,233.83,234.03,233.69,233.88,61675
2026-07-07 10:15:00,233.88,233.99,233.85,233.99,103832
2026-07-07 10:20:00,233.99,234.02,233.49,233.57,52695
2026-07-07 10:25:00,233.57,233.63,233.05,233.09,56599
2026-07-07 10:30:00,233.09,233.25,232.89,232.95,133815
2026-07-07 10:35:00,232.95,233.22,232.75,233.05,119166
2026-07-07 10:40:00,233.05,233.05,232.61,232.63,50968
2026-07-07 10:45:00,232.63,232.7,232.39,232.42,96002
2026-07-07 10:50:00,232.42,232.9,232.37,232.83,55510
2026-07-07 10:55:00,232.83,232.89,232.54,232.57,37811
2026-07-07 11:00:00,232.57,232.73,232.36,232.67,60023
2026-07-07 11:05:00,232.67,232.78,232.54,232.64,104107
2026-07-07 11:10:00,232.64,233.13,232.61,232.86,67108
2026-07-07 11:15:00,232.86,233.05,232.75,232.99,43796
2026-07-07 11:20:00,232.99,233.05,232.6,232.61,59332
2026-07-07 11:25:00,232.61,232.62,232.29,232.29,81964
2026-07-07 11:30:00,232.29,232.3,231.96,231.98,106703
2026-07-07 11:35:00,231.98,232.15,231.82,231.87,73724
2026-07-07 11:40:00,231.87,232.25,231.86,232.24,67757
2026-07-07 11:45:00,232.24,232.46,232.14,232.25,91862
2026-07-07 11:50:00,232.25,232.39,232.15,232.24,103918
2026-07-07 11:55:00,232.24,232.49,232.13,232.29,63484
2026-07-07 12:00:00,232.29,232.3,231.93,232.23,71357
2026-07-07 12:05:00,232.23,232.44,232.06,232.42,133237
2026-07-07 12:10:00,232.42,232.48,232.13,232.19,69833
2026-07-07 12:15:00,232.19,232.41,232.15,232.25,150746
2026-07-07 12:20:00,232.25,232.52,232.25,232.46,86341
2026-07-07 12:25:00,232.46,232.81,232.45,232.8,146309
2026-07-07 12:30:00,232.8,232.86,232.61,232.8,46230
2026-07-07 12:35:00,232.8,233.0,232.79,232.88,55919
2026-07-07 12:40:00,232.88,232.88,232.56,232.69,58426
2026-07-07 12:45:00,232.69,233.2,232.65,233.06,50963
2026-07-07 12:50:00,233.06,233.13,232.88,233.1,60094
2026-07-07 12:55:00,233.1,233.2,232.96,233.2,70807
2026-07-07 13:00:00,233.2,233.44,233.16,233.32,51106
2026-07-07 13:05:00,233.32,233.34,233.12,233.12,43953
2026-07-07 13:10:00,233.12,233.4,233.1,233.35,78844
2026-07-07 13:15:00,233.35,233.69,233.29,233.61,47588
2026-07-07 13:20:00,233.61,233.77,233.55,233.71,73289
2026-07-07 13:25:00,233.71,233.86,233.66,233.76,69148
2026-07-07 13:30:00,233.76,233.92,233.75,233.92,76675
2026-07-07 13:35:00,233.92,234.27,233.78,234.25,64646
2026-07-07 13:40:00,234.25,234.38,234.14,234.28,72739
2026-07-07 13:45:00,234.28,234.43,234.24,234.28,67786
2026-07-07 13:50:00,234.28,234.44,234.12,234.34,47920
2026-07-07 13:55:00,234.34,234.42,234.19,234.26,96609
2026-07-07 14:00:00,234.26,234.38,234.09,234.35,72771
2026-07-07 14:05:00,234.35,234.55,234.32,234.51,99415
2026-07-07 14:10:00,234.51,234.76,234.43,234.69,66484
2026-07-07 14:15:00,234.69,234.78,234.58,234.59,112062
2026-07-07 14:20:00,234.59,234.61,234.33,234.39,47777
2026-07-07 14:25:00,234.39,234.49,233.91,234.07,88479
2026-07-07 14:30:00,234.07,234.5,233.95,234.5,96596
2026-07-07 14:35:00,234.5,234.58,234.23,234.3,104601
2026-07-07 14:40:00,234.3,234.71,234.27,234.53,175234
2026-07-07 14:45:00,234.53,234.57,234.28,234.29,83442
2026-07-07 14:50:00,234.29,234.5,234.09,234.15,59756
2026-07-07 14:55:00,234.15,234.4,234.08,234.29,91827
2026-07-07 15:00:00,234.29,234.36,234.04,234.07,125075
2026-07-07 15:05:00,234.07,234.47,234.02,234.43,188997
2026-07-07 15:10:00,234.43,234.64,233.97,234.03,148986
2026-07-07 15:15:00,234.03,234.27,234.02,234.04,204110
2026-07-07 15:20:00,234.04,234.05,233.55,233.66,122766
2026-07-07 15:25:00,233.66,233.73,233.01,233.24,143078
2026-07-08 09:15:00,232.98,233.36,232.17,232.37,151402
2026-07-08 09:20:00,232.37,232.73,232.27,232.71,105189
2026-07-08 09:25:00,232.71,233.15,232.65,233.1,112957
2026-07-08 09:30:00,233.1,233.16,232.51,232.8,99668
2026-07-08 09:35:00,232.8,232.81,232.48,232.61,118334
2026-07-08 09:40:00,232.61,232.71,231.8,231.98,82745
2026-07-08 09:45:00,231.98,231.99,231.68,231.82,102567
2026-07-08 09:50:00,231.82,231.85,231.41,231.61,81868
2026-07-08 09:55:00,231.61,232.0,231.59,231.6,102776
2026-07-08 10:00:00,231.6,231.94,231.52,231.82,44317
2026-07-08 10:05:00,231.82,232.17,231.77,231.8,92368
2026-07-08 10:10:00,231.8,232.02,231.63,231.86,113518
2026-07-08 10:15:00,231.86,231.96,231.45,231.46,106480
2026-07-08 10:20:00,231.46,231.52,231.24,231.24,78530
2026-07-08 10:25:00,231.24,231.43,231.21,231.4,47502
2026-07-08 10:30:00,231.4,231.72,231.4,231.55,83396
2026-07-08 10:35:00,231.55,231.59,231.3,231.34,64175
2026-07-08 10:40:00,231.34,231.51,231.12,231.18,76486
2026-07-08 10:45:00,231.18,231.35,230.92,231.34,115108
2026-07-08 10:50:00,231.34,231.48,231.15,231.18,53203
2026-07-08 10:55:00,231.18,231.2,230.92,231.04,98316
2026-07-08 11:00:00,231.04,231.05,230.65,230.69,52632
2026-07-08 11:05:00,230.69,230.79,230.45,230.5,81962
2026-07-08 11:10:00,230.5,230.62,230.32,230.52,60529
2026-07-08 11:15:00,230.52,230.72,230.48,230.49,62025
2026-07-08 11:20:00,230.49,230.53,230.25,230.47,62529
2026-07-08 11:25:00,230.47,231.06,230.36,230.98,68040
2026-07-08 11:30:00,230.98,231.06,230.83,230.98,74634
2026-07-08 11:35:00,230.98,231.04,230.8,230.88,82191
2026-07-08 11:40:00,230.88,230.92,230.51,230.67,41577
2026-07-08 11:45:00,230.67,230.71,230.26,230.38,51413
2026-07-08 11:50:00,230.38,230.6,230.21,230.27,50156
2026-07-08 11:55:00,230.27,230.37,229.85,229.89,67909
2026-07-08 12:00:00,229.89,230.28,229.71,230.19,148536
2026-07-08 12:05:00,230.19,230.37,230.13,230.3,58762
2026-07-08 12:10:00,230.3,230.34,230.16,230.33,95577
2026-07-08 12:15:00,230.33,230.72,230.26,230.68,132740
2026-07-08 12:20:00,230.68,230.81,230.54,230.56,63899
2026-07-08 12:25:00,230.56,230.7,230.4,230.43,76262
2026-07-08 12:30:00,230.43,230.58,230.22,230.54,61852
2026-07-08 12:35:00,230.54,230.57,230.38,230.54,71911
2026-07-08 12:40:00,230.54,231.04,230.52,230.68,132054
2026-07-08 12:45:00,230.68,230.92,230.67,230.88,71225
2026-07-08 12:50:00,230.88,231.21,230.84,231.13,86605
2026-07-08 12:55:00,231.13,231.36,231.11,231.22,103812
2026-07-08 13:00:00,231.22,231.42,231.19,231.31,107289
2026-07-08 13:05:00,231.31,231.34,230.95,231.06,67776
2026-07-08 13:10:00,231.06,231.12,230.66,230.69,59909
2026-07-08 13:15:00,230.69,230.73,230.41,230.42,70583
2026-07-08 13:20:00,230.42,230.74,230.28,230.65,101702
2026-07-08 13:25:00,230.65,230.73,230.49,230.49,124454
2026-07-08 13:30:00,230.49,230.52,230.33,230.34,133262
2026-07-08 13:35:00,230.34,230.52,230.2,230.35,98930
2026-07-08 13:40:00,230.35,230.5,230.18,230.2,63949
2026-07-08 13:45:00,230.2,230.42,230.15,230.28,86228
2026-07-08 13:50:00,230.28,230.69,230.25,230.6,73224
2026-07-08 13:55:00,230.6,230.7,230.4,230.45,107096
2026-07-08 14:00:00,230.45,230.47,230.31,230.35,96566
2026-07-08 14:05:00,230.35,230.42,230.19,230.27,97982
2026-07-08 14:10:00,230.27,230.6,230.23,230.53,66300
2026-07-08 14:15:00,230.53,230.57,230.32,230.38,82228
2026-07-08 14:20:00,230.38,230.75,230.32,230.66,169371
2026-07-08 14:25:00,230.66,230.93,230.66,230.87,78680
2026-07-08 14:30:00,230.87,230.93,230.49,230.49,97849
2026-07-08 14:35:00,230.49,230.77,230.4,230.69,127435
2026-07-08 14:40:00,230.69,231.06,230.52,231.05,124108
2026-07-08 14:45:00,231.05,231.38,231.04,231.31,79275
2026-07-08 14:50:00,231.31,231.39,231.0,231.05,83409
2026-07-08 14:55:00,231.05,231.26,230.91,231.24,179588
2026-07-08 15:00:00,231.24,231.73,231.11,231.63,124479
2026-07-08 15:05:00,231.63,232.47,231.62,232.12,66041
2026-07-08 15:10:00,232.12,232.27,231.93,232.23,150754
2026-07-08 15:15:00,232.23,232.32,231.82,231.91,166514
2026-07-08 15:20:00,231.91,232.03,231.57,231.97,93774
2026-07-08 15:25:00,231.97,232.44,231.86,232.13,97147
2026-07-09 09:15:00,231.74,231.95,230.1,230.42,225189
2026-07-09 09:20:00,230.42,230.53,230.08,230.25,220620
2026-07-09 09:25:00,230.25,230.34,230.16,230.17,119177
2026-07-09 09:30:00,230.17,230.71,229.99,230.1,160737
2026-07-09 09:35:00,230.1,230.23,229.85,230.04,104543
2026-07-09 09:40:00,230.04,230.41,229.84,229.95,79447
2026-07-09 09:45:00,229.95,230.37,229.85,230.09,55615
2026-07-09 09:50:00,230.09,230.36,230.07,230.18,144769
2026-07-09 09:55:00,230.18,230.49,229.95,230.48,49314
2026-07-09 10:00:00,230.48,230.5,229.94,230.12,78210
2026-07-09 10:05:00,230.12,230.19,229.81,229.84,131962
2026-07-09 10:10:00,229.84,229.94,229.67,229.68,58171
2026-07-09 10:15:00,229.68,230.32,229.55,230.24,103280
2026-07-09 10:20:00,230.24,230.51,230.13,230.33,101594
2026-07-09 10:25:00,230.33,230.5,230.32,230.33,44400
2026-07-09 10:30:00,230.33,230.48,230.24,230.42,55905
2026-07-09 10:35:00,230.42,230.53,230.42,230.44,85045
2026-07-09 10:40:00,230.44,230.52,230.32,230.35,47199
2026-07-09 10:45:00,230.35,230.4,230.32,230.33,34977
2026-07-09 10:50:00,230.33,230.63,230.25,230.61,102213
2026-07-09 10:55:00,230.61,230.79,230.4,230.69,112811
2026-07-09 11:00:00,230.69,230.74,230.49,230.65,70218
2026-07-09 11:05:00,230.65,230.98,230.5,230.83,44860
2026-07-09 11:10:00,230.83,230.83,230.5,230.54,75762
2026-07-09 11:15:00,230.54,230.58,230.07,230.1,61520
2026-07-09 11:20:00,230.1,230.12,229.68,229.79,101800
2026-07-09 11:25:00,229.79,229.81,229.49,229.67,38283
2026-07-09 11:30:00,229.67,229.77,229.59,229.75,72816
2026-07-09 11:35:00,229.75,229.8,229.48,229.55,77195
2026-07-09 11:40:00,229.55,229.79,229.49,229.78,87335
2026-07-09 11:45:00,229.78,229.89,229.7,229.81,65225
2026-07-09 11:50:00,229.81,229.96,229.57,229.9,62866
2026-07-09 11:55:00,229.9,230.02,229.7,229.96,70050
2026-07-09 12:00:00,229.96,229.96,229.69,229.79,135571
2026-07-09 12:05:00,229.79,230.12,229.65,229.77,82869
2026-07-09 12:10:00,229.77,230.0,229.69,229.76,79130
2026-07-09 12:15:00,229.76,229.78,229.5,229.58,125416
2026-07-09 12:20:00,229.58,229.6,229.27,229.36,89464
2026-07-09 12:25:00,229.36,229.42,229.24,229.42,80333
2026-07-09 12:30:00,229.42,229.49,229.21,229.46,81208
2026-07-09 12:35:00,229.46,229.69,229.42,229.47,43832
2026-07-09 12:40:00,229.47,229.63,229.03,229.1,35492
2026-07-09 12:45:00,229.1,229.66,229.09,229.64,56750
2026-07-09 12:50:00,229.64,229.82,229.52,229.52,44498
2026-07-09 12:55:00,229.52,229.6,229.36,229.58,57421
2026-07-09 13:00:00,229.58,229.91,229.56,229.9,105119
2026-07-09 13:05:00,229.9,230.0,229.7,229.95,48099
2026-07-09 13:10:00,229.95,230.03,229.9,229.93,67188
2026-07-09 13:15:00,229.93,230.32,229.92,230.22,137364
2026-07-09 13:20:00,230.22,230.59,230.18,230.55,86392
2026-07-09 13:25:00,230.55,230.7,230.39,230.64,58664
2026-07-09 13:30:00,230.64,230.69,230.06,230.09,47358
2026-07-09 13:35:00,230.09,230.13,229.9,230.02,110680
2026-07-09 13:40:00,230.02,230.23,229.91,230.18,35734
2026-07-09 13:45:00,230.18,230.18,229.59,229.7,124810
2026-07-09 13:50:00,229.7,229.87,229.66,229.84,64446
2026-07-09 13:55:00,229.84,229.85,229.65,229.65,50376
2026-07-09 14:00:00,229.65,230.38,229.6,230.38,54649
2026-07-09 14:05:00,230.38,230.4,229.88,229.92,64855
2026-07-09 14:10:00,229.92,230.18,229.87,230.12,66811
2026-07-09 14:15:00,230.12,230.27,229.98,230.13,87317
2026-07-09 14:20:00,230.13,230.2,229.74,229.77,78313
2026-07-09 14:25:00,229.77,229.84,229.56,229.66,64514
2026-07-09 14:30:00,229.66,229.89,229.6,229.64,53801
2026-07-09 14:35:00,229.64,229.7,229.28,229.31,122144
2026-07-09 14:40:00,229.31,229.38,229.11,229.15,83436
2026-07-09 14:45:00,229.15,229.39,228.98,229.07,58057
2026-07-09 14:50:00,229.07,229.7,228.96,229.54,94855
2026-07-09 14:55:00,229.54,229.61,229.21,229.44,124819
2026-07-09 15:00:00,229.44,229.51,229.12,229.24,151665
2026-07-09 15:05:00,229.24,229.26,228.69,228.95,152788
2026-07-09 15:10:00,228.95,229.11,228.41,228.79,105631
2026-07-09 15:15:00,228.79,228.82,228.53,228.55,82807
2026-07-09 15:20:00,228.55,228.8,228.47,228.72,122550
2026-07-09 15:25:00,228.72,229.17,228.35,228.99,280737
2026-07-10 09:15:00,230.04,230.12,229.76,230.07,89938
2026-07-10 09:20:00,230.07,230.12,229.12,229.48,170511
2026-07-10 09:25:00,229.48,230.16,229.14,230.16,169606
2026-07-10 09:30:00,230.16,230.67,230.15,230.51,112651
2026-07-10 09:35:00,230.51,230.58,229.88,229.9,105607
2026-07-10 09:40:00,229.9,229.93,229.13,229.32,99680
2026-07-10 09:45:00,229.32,229.66,229.13,229.56,132244
2026-07-10 09:50:00,229.56,229.62,229.09,229.16,152346
2026-07-10 09:55:00,229.16,229.25,228.93,229.05,136558
2026-07-10 10:00:00,229.05,229.11,228.79,228.86,51867
2026-07-10 10:05:00,228.86,229.04,228.67,229.0,62190
2026-07-10 10:10:00,229.0,229.11,228.8,228.87,98226
2026-07-10 10:15:00,228.87,229.02,228.74,228.98,73601
2026-07-10 10:20:00,228.98,229.07,228.74,228.76,83900
2026-07-10 10:25:00,228.76,228.97,228.72,228.83,64333
2026-07-10 10:30:00,228.83,228.87,228.61,228.67,109431
2026-07-10 10:35:00,228.67,229.14,228.63,229.03,67878
2026-07-10 10:40:00,229.03,229.23,229.02,229.13,81487
2026-07-10 10:45:00,229.13,229.21,228.74,228.78,94942
2026-07-10 10:50:00,228.78,228.92,228.51,228.73,66998
2026-07-10 10:55:00,228.73,228.75,228.42,228.69,75229
2026-07-10 11:00:00,228.69,228.93,228.65,228.72,105029
2026-07-10 11:05:00,228.72,228.87,228.72,228.84,84867
2026-07-10 11:10:00,228.84,228.87,228.41,228.46,83641
2026-07-10 11:15:00,228.46,228.56,228.33,228.44,103362
2026-07-10 11:20:00,228.44,228.57,228.27,228.4,68347
2026-07-10 11:25:00,228.4,228.65,228.16,228.22,78888
2026-07-10 11:30:00,228.22,228.6,228.2,228.41,75500
2026-07-10 11:35:00,228.41,228.78,228.22,228.73,49599
2026-07-10 11:40:00,228.73,228.85,228.61,228.76,165135
2026-07-10 11:45:00,228.76,228.9,228.76,228.9,51775
2026-07-10 11:50:00,228.9,229.01,228.76,228.88,91952
2026-07-10 11:55:00,228.88,229.03,228.58,228.66,80610
2026-07-10 12:00:00,228.66,228.77,228.59,228.7,48186
2026-07-10 12:05:00,228.7,228.72,228.45,228.66,84021
2026-07-10 12:10:00,228.66,228.83,228.59,228.79,51626
2026-07-10 12:15:00,228.79,228.84,228.55,228.57,89378
2026-07-10 12:20:00,228.57,228.96,228.56,228.81,69364
2026-07-10 12:25:00,228.81,228.91,228.64,228.8,47960
2026-07-10 12:30:00,228.8,228.88,228.47,228.68,67915
2026-07-10 12:35:00,228.68,229.06,228.49,229.01,34113
2026-07-10 12:40:00,229.01,229.32,228.92,229.29,79988
2026-07-10 12:45:00,229.29,229.42,229.14,229.26,84075
2026-07-10 12:50:00,229.26,229.31,229.03,229.04,129733
2026-07-10 12:55:00,229.04,229.17,229.03,229.15,104416
2026-07-10 13:00:00,229.15,229.22,228.88,229.0,72529
2026-07-10 13:05:00,229.0,229.13,228.87,229.08,91668
2026-07-10 13:10:00,229.08,229.47,229.06,229.39,72196
2026-07-10 13:15:00,229.39,229.43,229.26,229.38,71864
2026-07-10 13:20:00,229.38,229.74,229.25,229.68,48039
2026-07-10 13:25:00,229.68,230.13,229.58,230.03,46849
2026-07-10 13:30:00,230.03,230.08,229.75,229.84,49257
2026-07-10 13:35:00,229.84,230.38,229.74,230.06,80948
2026-07-10 13:40:00,230.06,230.09,229.83,229.98,76706
2026-07-10 13:45:00,229.98,230.54,229.85,230.47,60689
2026-07-10 13:50:00,230.47,230.54,230.24,230.27,78667
2026-07-10 13:55:00,230.27,230.38,230.0,230.1,82678
2026-07-10 14:00:00,230.1,230.29,230.02,230.2,170884
2026-07-10 14:05:00,230.2,230.61,230.15,230.58,83864
2026-07-10 14:10:00,230.58,230.59,230.22,230.43,87236
2026-07-10 14:15:00,230.43,230.88,230.4,230.81,213173
2026-07-10 14:20:00,230.81,231.27,230.8,230.98,130534
2026-07-10 14:25:00,230.98,231.29,230.95,231.15,84880
2026-07-10 14:30:00,231.15,231.61,231.06,231.58,90167
2026-07-10 14:35:00,231.58,232.19,231.54,232.17,119229
2026-07-10 14:40:00,232.17,232.7,232.17,232.65,92557
2026-07-10 14:45:00,232.65,232.69,232.55,232.56,52637
2026-07-10 14:50:00,232.56,233.14,232.55,233.11,154024
2026-07-10 14:55:00,233.11,233.12,232.68,232.74,120128
2026-07-10 15:00:00,232.74,232.97,232.71,232.82,106060
2026-07-10 15:05:00,232.82,232.89,232.19,232.22,75498
2026-07-10 15:10:00,232.22,232.46,232.2,232.29,86722
2026-07-10 15:15:00,232.29,232.37,231.97,232.32,186285
2026-07-10 15:20:00,232.32,232.39,231.93,232.23,194212
2026-07-10 15:25:00,232.23,232.77,231.93,232.06,111048
2026-07-13 09:15:00,232.28,232.56,231.88,232.05,187398
2026-07-13 09:20:00,232.05,232.89,232.0,232.58,85828
2026-07-13 09:25:00,232.58,233.0,231.7,231.94,116799
2026-07-13 09:30:00,231.94,232.18,231.81,232.05,194901
2026-07-13 09:35:00,232.05,232.47,231.64,231.69,184456
2026-07-13 09:40:00,231.69,231.78,231.49,231.74,131043
2026-07-13 09:45:00,231.74,232.42,231.71,232.35,104017
2026-07-13 09:50:00,232.35,232.44,231.92,232.06,284717
2026-07-13 09:55:00,232.06,232.3,231.95,232.2,140277
2026-07-13 10:00:00,232.2,232.37,232.16,232.33,101451
2026-07-13 10:05:00,232.33,232.52,232.23,232.47,50285
2026-07-13 10:10:00,232.47,232.65,232.36,232.42,78374
2026-07-13 10:15:00,232.42,232.6,232.29,232.33,175652
2026-07-13 10:20:00,232.33,232.48,232.24,232.3,118356
2026-07-13 10:25:00,232.3,232.41,232.21,232.4,94172
2026-07-13 10:30:00,232.4,233.06,232.32,232.79,65133
2026-07-13 10:35:00,232.79,232.79,232.48,232.7,127864
2026-07-13 10:40:00,232.7,232.88,232.26,232.42,136420
2026-07-13 10:45:00,232.42,232.69,232.39,232.43,58804
2026-07-13 10:50:00,232.43,232.55,232.17,232.35,34294
2026-07-13 10:55:00,232.35,232.4,231.99,232.06,50318
2026-07-13 11:00:00,232.06,232.76,232.02,232.71,57223
2026-07-13 11:05:00,232.71,232.78,232.63,232.66,61508
2026-07-13 11:10:00,232.66,232.67,232.28,232.3,87550
2026-07-13 11:15:00,232.3,232.46,232.24,232.41,58363
2026-07-13 11:20:00,232.41,232.49,232.1,232.21,75739
2026-07-13 11:25:00,232.21,232.37,232.14,232.19,62424
2026-07-13 11:30:00,232.19,232.24,231.95,232.22,103876
2026-07-13 11:35:00,232.22,232.36,232.17,232.25,69470
2026-07-13 11:40:00,232.25,232.49,232.24,232.35,183595
2026-07-13 11:45:00,232.35,232.53,232.19,232.25,42353
2026-07-13 11:50:00,232.25,232.43,232.24,232.29,108960
2026-07-13 11:55:00,232.29,232.58,232.25,232.26,42365
2026-07-13 12:00:00,232.26,232.48,232.18,232.39,76020
2026-07-13 12:05:00,232.39,232.48,232.17,232.34,75775
2026-07-13 12:10:00,232.34,232.37,232.23,232.31,51917
2026-07-13 12:15:00,232.31,232.39,232.03,232.07,175911
2026-07-13 12:20:00,232.07,232.14,231.42,231.44,49761
2026-07-13 12:25:00,231.44,231.75,231.38,231.74,78697
2026-07-13 12:30:00,231.74,231.82,231.66,231.71,46586
2026-07-13 12:35:00,231.71,231.74,231.45,231.71,52832
2026-07-13 12:40:00,231.71,231.79,231.64,231.73,85533
2026-07-13 12:45:00,231.73,231.96,231.7,231.81,68091
2026-07-13 12:50:00,231.81,231.84,231.6,231.64,82671
2026-07-13 12:55:00,231.64,231.76,231.61,231.63,141319
2026-07-13 13:00:00,231.63,232.09,231.57,231.8,90588
2026-07-13 13:05:00,231.8,232.06,231.76,232.05,94384
2026-07-13 13:10:00,232.05,232.21,232.01,232.1,55018
2026-07-13 13:15:00,232.1,232.12,231.62,231.69,82627
2026-07-13 13:20:00,231.69,232.23,231.67,232.2,71552
2026-07-13 13:25:00,232.2,232.34,232.14,232.25,115013
2026-07-13 13:30:00,232.25,232.43,232.16,232.19,49202
2026-07-13 13:35:00,232.19,232.54,232.05,232.49,88868
2026-07-13 13:40:00,232.49,232.54,232.21,232.24,86812
2026-07-13 13:45:00,232.24,232.66,232.11,232.55,112552
2026-07-13 13:50:00,232.55,232.76,232.42,232.72,80667
2026-07-13 13:55:00,232.72,232.78,232.49,232.51,149904
2026-07-13 14:00:00,232.51,232.54,232.32,232.4,95029
2026-07-13 14:05:00,232.4,232.56,232.33,232.47,121465
2026-07-13 14:10:00,232.47,232.57,232.32,232.41,38292
2026-07-13 14:15:00,232.41,232.63,232.38,232.42,96066
2026-07-13 14:20:00,232.42,232.47,232.12,232.22,117902
2026-07-13 14:25:00,232.22,232.47,232.08,232.43,64778
2026-07-13 14:30:00,232.43,232.78,232.36,232.58,74979
2026-07-13 14:35:00,232.58,232.81,232.29,232.36,86467
2026-07-13 14:40:00,232.36,232.65,232.25,232.3,54883
2026-07-13 14:45:00,232.3,232.36,232.01,232.18,55602
2026-07-13 14:50:00,232.18,232.18,231.79,231.81,91648
2026-07-13 14:55:00,231.81,232.31,231.8,232.3,135955
2026-07-13 15:00:00,232.3,232.56,232.27,232.48,118064
2026-07-13 15:05:00,232.48,232.6,231.89,231.91,53666
2026-07-13 15:10:00,231.91,232.7,231.8,232.57,105415
2026-07-13 15:15:00,232.57,233.22,232.48,233.19,173698
2026-07-13 15:20:00,233.19,233.65,233.05,233.18,188242
2026-07-13 15:25:00,233.18,234.34,233.1,234.25,130719
2026-07-14 09:15:00,234.93,235.23,234.31,235.22,236225
2026-07-14 09:20:00,235.22,235.49,234.67,234.75,136332
2026-07-14 09:25:00,234.75,234.89,234.27,234.8,113538
2026-07-14 09:30:00,234.8,234.88,234.53,234.85,58055
2026-07-14 09:35:00,234.85,235.36,234.83,235.3,66791
2026-07-14 09:40:00,235.3,235.43,235.23,235.23,138073
2026-07-14 09:45:00,235.23,235.86,235.1,235.54,175807
2026-07-14 09:50:00,235.54,235.71,235.41,235.59,37007
2026-07-14 09:55:00,235.59,235.66,235.1,235.18,69205
2026-07-14 10:00:00,235.18,235.25,234.79,234.8,113483
2026-07-14 10:05:00,234.8,235.01,234.34,234.38,100275
2026-07-14 10:10:00,234.38,234.4,234.23,234.26,67998
2026-07-14 10:15:00,234.26,234.45,234.15,234.43,60620
2026-07-14 10:20:00,234.43,234.66,234.32,234.63,113811
2026-07-14 10:25:00,234.63,234.76,234.54,234.7,46770
2026-07-14 10:30:00,234.7,234.89,234.65,234.82,79839
2026-07-14 10:35:00,234.82,235.01,234.77,234.93,87027
2026-07-14 10:40:00,234.93,235.08,234.84,235.07,56409
2026-07-14 10:45:00,235.07,235.17,234.96,235.1,65539
2026-07-14 10:50:00,235.1,235.36,235.07,235.13,70969
2026-07-14 10:55:00,235.13,235.16,234.81,235.04,47555
2026-07-14 11:00:00,235.04,235.19,234.99,235.18,97478
2026-07-14 11:05:00,235.18,235.24,234.88,234.98,101312
2026-07-14 11:10:00,234.98,235.29,234.93,235.21,129236
2026-07-14 11:15:00,235.21,235.21,234.98,235.11,84558
2026-07-14 11:20:00,235.11,235.36,235.0,235.21,70014
2026-07-14 11:25:00,235.21,235.26,234.93,235.02,70698
2026-07-14 11:30:00,235.02,235.44,234.97,235.42,57551
2026-07-14 11:35:00,235.42,235.68,235.3,235.62,104765
2026-07-14 11:40:00,235.62,235.68,235.07,235.11,77830
2026-07-14 11:45:00,235.11,235.53,235.03,235.52,97137
2026-07-14 11:50:00,235.52,235.71,235.43,235.5,150076
2026-07-14 11:55:00,235.5,235.67,235.31,235.33,80060
2026-07-14 12:00:00,235.33,235.39,235.2,235.32,123182
2026-07-14 12:05:00,235.32,235.36,234.84,234.87,76400
2026-07-14 12:10:00,234.87,234.88,234.36,234.49,119153
2026-07-14 12:15:00,234.49,234.86,234.38,234.84,103125
2026-07-14 12:20:00,234.84,234.95,234.83,234.9,77710
2026-07-14 12:25:00,234.9,235.17,234.88,234.97,88372
2026-07-14 12:30:00,234.97,235.02,234.61,234.71,79532
2026-07-14 12:35:00,234.71,234.88,234.69,234.83,65522
2026-07-14 12:40:00,234.83,235.04,234.75,234.97,56249
2026-07-14 12:45:00,234.97,235.38,234.92,235.32,104597
2026-07-14 12:50:00,235.32,235.5,235.12,235.14,92772
2026-07-14 12:55:00,235.14,235.2,234.98,235.15,96423
2026-07-14 13:00:00,235.15,235.41,235.09,235.28,70699
2026-07-14 13:05:00,235.28,235.77,235.25,235.7,56559
2026-07-14 13:10:00,235.7,235.82,235.62,235.68,123738
2026-07-14 13:15:00,235.68,235.94,235.62,235.88,64755
2026-07-14 13:20:00,235.88,236.04,235.77,236.03,116182
2026-07-14 13:25:00,236.03,236.11,235.75,235.8,92897
2026-07-14 13:30:00,235.8,236.09,235.79,236.03,55169
2026-07-14 13:35:00,236.03,236.36,235.81,235.82,111038
2026-07-14 13:40:00,235.82,235.83,235.52,235.58,78692
2026-07-14 13:45:00,235.58,235.75,235.53,235.69,84477
2026-07-14 13:50:00,235.69,236.1,235.56,236.04,149056
2026-07-14 13:55:00,236.04,236.25,235.94,236.06,119090
2026-07-14 14:00:00,236.06,236.2,235.95,235.96,92771
2026-07-14 14:05:00,235.96,236.37,235.92,236.37,91418
2026-07-14 14:10:00,236.37,236.65,236.2,236.23,85492
2026-07-14 14:15:00,236.23,236.27,235.87,236.01,115931
2026-07-14 14:20:00,236.01,236.45,235.95,236.32,93996
2026-07-14 14:25:00,236.32,236.43,236.27,236.43,52579
2026-07-14 14:30:00,236.43,236.45,236.12,236.23,52882
2026-07-14 14:35:00,236.23,236.27,236.05,236.21,48266
2026-07-14 14:40:00,236.21,236.33,236.1,236.18,46926
2026-07-14 14:45:00,236.18,236.56,236.1,236.36,102430
2026-07-14 14:50:00,236.36,236.6,236.22,236.28,71957
2026-07-14 14:55:00,236.28,236.61,236.1,236.15,97176
2026-07-14 15:00:00,236.15,236.61,235.86,236.53,89019
2026-07-14 15:05:00,236.53,236.79,236.24,236.73,161291
2026-07-14 15:10:00,236.73,236.77,235.99,236.03,189608
2026-07-14 15:15:00,236.03,236.08,235.63,235.86,159345
2026-07-14 15:20:00,235.86,235.99,235.55,235.73,148266
2026-07-14 15:25:00,235.73,235.91,235.67,235.74,163089
2026-07-15 09:15:00,236.18,236.27,235.39,235.54,223915
2026-07-15 09:20:00,235.54,235.99,235.35,235.66,335535
2026-07-15 09:25:00,235.66,235.87,235.49,235.5,204615
2026-07-15 09:30:00,235.5,235.63,234.87,235.35,107086
2026-07-15 09:35:00,235.35,235.99,235.23,235.9,113016
2026-07-15 09:40:00,235.9,236.27,235.9,236.16,111427
2026-07-15 09:45:00,236.16,236.72,236.09,236.53,133011
2026-07-15 09:50:00,236.53,236.8,236.41,236.52,91447
2026-07-15 09:55:00,236.52,236.81,236.43,236.46,73571
2026-07-15 10:00:00,236.46,236.54,235.8,235.81,74955
2026-07-15 10:05:00,235.81,235.93,235.71,235.8,37805
2026-07-15 10:10:00,235.8,235.9,235.43,235.58,83099
2026-07-15 10:15:00,235.58,235.83,235.52,235.53,60209
2026-07-15 10:20:00,235.53,235.7,235.31,235.32,78860
2026-07-15 10:25:00,235.32,235.45,235.17,235.18,61819
2026-07-15 10:30:00,235.18,235.34,234.9,235.26,100064
2026-07-15 10:35:00,235.26,235.28,235.08,235.16,152435
2026-07-15 10:40:00,235.16,235.47,235.0,235.34,81814
2026-07-15 10:45:00,235.34,235.53,235.32,235.49,112513
2026-07-15 10:50:00,235.49,235.55,235.3,235.37,62443
2026-07-15 10:55:00,235.37,235.44,235.35,235.44,64841
2026-07-15 11:00:00,235.44,235.88,235.41,235.74,123212
2026-07-15 11:05:00,235.74,236.21,235.7,235.91,101649
2026-07-15 11:10:00,235.91,236.29,235.9,236.28,76556
2026-07-15 11:15:00,236.28,236.33,236.0,236.02,48036
2026-07-15 11:20:00,236.02,236.07,235.76,236.07,89480
2026-07-15 11:25:00,236.07,236.3,236.03,236.23,69770
2026-07-15 11:30:00,236.23,236.23,235.91,236.16,98913
2026-07-15 11:35:00,236.16,236.2,235.81,235.83,67407
2026-07-15 11:40:00,235.83,235.88,235.56,235.72,71887
2026-07-15 11:45:00,235.72,235.86,235.44,235.75,93071
2026-07-15 11:50:00,235.75,236.1,235.69,235.85,88510
2026-07-15 11:55:00,235.85,236.0,235.64,235.98,81210
2026-07-15 12:00:00,235.98,235.99,235.63,235.88,55698
2026-07-15 12:05:00,235.88,235.91,235.68,235.75,65218
2026-07-15 12:10:00,235.75,235.78,235.6,235.73,66247
2026-07-15 12:15:00,235.73,235.87,235.67,235.86,101307
2026-07-15 12:20:00,235.86,236.02,235.76,235.96,72086
2026-07-15 12:25:00,235.96,236.11,235.83,236.02,70191
2026-07-15 12:30:00,236.02,236.19,235.92,236.1,55491
2026-07-15 12:35:00,236.1,236.12,235.91,235.98,50136
2026-07-15 12:40:00,235.98,236.2,235.91,236.18,38389
2026-07-15 12:45:00,236.18,236.2,235.6,235.65,130672
2026-07-15 12:50:00,235.65,235.78,235.41,235.64,50121
2026-07-15 12:55:00,235.64,235.83,235.48,235.49,99179
2026-07-15 13:00:00,235.49,235.6,235.33,235.49,116002
2026-07-15 13:05:00,235.49,235.88,235.48,235.78,55327
2026-07-15 13:10:00,235.78,235.85,235.3,235.31,45320
2026-07-15 13:15:00,235.31,235.66,235.3,235.57,45282
2026-07-15 13:20:00,235.57,235.91,235.55,235.8,64228
2026-07-15 13:25:00,235.8,236.03,235.68,235.84,69865
2026-07-15 13:30:00,235.84,236.01,235.66,235.79,145470
2026-07-15 13:35:00,235.79,236.17,235.75,236.07,60684
2026-07-15 13:40:00,236.07,236.33,235.99,236.09,55444
2026-07-15 13:45:00,236.09,236.25,235.98,236.19,45725
2026-07-15 13:50:00,236.19,236.41,236.1,236.32,51242
2026-07-15 13:55:00,236.32,236.71,236.32,236.44,43976
2026-07-15 14:00:00,236.44,236.57,236.37,236.49,83669
2026-07-15 14:05:00,236.49,236.62,236.27,236.6,99909
2026-07-15 14:10:00,236.6,236.74,236.39,236.42,66550
2026-07-15 14:15:00,236.42,236.48,236.0,236.09,75161
2026-07-15 14:20:00,236.09,236.25,235.86,236.17,49037
2026-07-15 14:25:00,236.17,236.23,235.91,236.05,98912
2026-07-15 14:30:00,236.05,236.11,235.99,236.09,87258
2026-07-15 14:35:00,236.09,236.09,235.63,235.93,84218
2026-07-15 14:40:00,235.93,236.3,235.83,236.29,128738
2026-07-15 14:45:00,236.29,236.51,236.27,236.34,106959
2026-07-15 14:50:00,236.34,236.5,236.32,236.34,117467
2026-07-15 14:55:00,236.34,236.48,236.1,236.19,133729
2026-07-15 15:00:00,236.19,236.3,235.9,235.93,104535
2026-07-15 15:05:00,235.93,236.15,235.8,236.07,167867
2026-07-15 15:10:00,236.07,236.36,235.64,235.68,109144
2026-07-15 15:15:00,235.68,235.94,235.29,235.79,88955
2026-07-15 15:20:00,235.79,235.94,235.58,235.91,87069
2026-07-15 15:25:00,235.91,236.62,235.88,236.62,138554
2026-07-16 09:15:00,235.16,235.27,234.73,235.11,266188
2026-07-16 09:20:00,235.11,235.6,234.75,235.11,121871
2026-07-16 09:25:00,235.11,235.19,234.19,234.52,184705
2026-07-16 09:30:00,234.52,235.24,234.32,235.02,120198
2026-07-16 09:35:00,235.02,235.07,234.71,234.91,164998
2026-07-16 09:40:00,234.91,234.93,234.47,234.76,152974
2026-07-16 09:45:00,234.76,234.88,234.53,234.78,60550
2026-07-16 09:50:00,234.78,234.9,234.5,234.86,163388
2026-07-16 09:55:00,234.86,234.91,234.53,234.56,106393
2026-07-16 10:00:00,234.56,234.88,234.47,234.87,140121
2026-07-16 10:05:00,234.87,235.29,234.86,235.22,73830
2026-07-16 10:10:00,235.22,235.32,235.03,235.05,87018
2026-07-16 10:15:00,235.05,235.09,234.58,234.62,103482
2026-07-16 10:20:00,234.62,234.64,234.42,234.61,108637
2026-07-16 10:25:00,234.61,234.62,234.3,234.49,93239
2026-07-16 10:30:00,234.49,234.68,234.41,234.66,112490
2026-07-16 10:35:00,234.66,234.67,234.18,234.34,75830
2026-07-16 10:40:00,234.34,234.36,234.22,234.34,93858
2026-07-16 10:45:00,234.34,234.73,234.25,234.7,44215
2026-07-16 10:50:00,234.7,234.87,234.66,234.76,112998
2026-07-16 10:55:00,234.76,235.16,234.71,235.04,65195
2026-07-16 11:00:00,235.04,235.29,235.01,235.02,74493
2026-07-16 11:05:00,235.02,235.06,234.57,234.62,101852
2026-07-16 11:10:00,234.62,234.83,234.57,234.77,64298
2026-07-16 11:15:00,234.77,234.93,234.66,234.69,101300
2026-07-16 11:20:00,234.69,234.7,234.44,234.5,88316
2026-07-16 11:25:00,234.5,234.65,234.49,234.64,86134
2026-07-16 11:30:00,234.64,235.25,234.58,235.21,79047
2026-07-16 11:35:00,235.21,235.22,234.88,235.13,73558
2026-07-16 11:40:00,235.13,235.17,235.0,235.15,76159
2026-07-16 11:45:00,235.15,235.23,234.84,234.88,58178
2026-07-16 11:50:00,234.88,235.04,234.83,234.97,68297
2026-07-16 11:55:00,234.97,235.02,234.77,234.81,86188
2026-07-16 12:00:00,234.81,235.07,234.79,235.02,94858
2026-07-16 12:05:00,235.02,235.04,234.7,234.78,58141
2026-07-16 12:10:00,234.78,234.8,234.39,234.49,132028
2026-07-16 12:15:00,234.49,234.61,234.36,234.55,80040
2026-07-16 12:20:00,234.55,234.58,234.31,234.4,69658
2026-07-16 12:25:00,234.4,234.43,233.97,233.99,53386
2026-07-16 12:30:00,233.99,234.03,233.97,233.98,70352
2026-07-16 12:35:00,233.98,234.09,233.86,234.04,67633
2026-07-16 12:40:00,234.04,234.52,234.04,234.49,65591
2026-07-16 12:45:00,234.49,234.58,234.15,234.2,66252
2026-07-16 12:50:00,234.2,234.85,234.16,234.51,48851
2026-07-16 12:55:00,234.51,234.59,234.42,234.57,71874
2026-07-16 13:00:00,234.57,234.63,234.47,234.59,54702
2026-07-16 13:05:00,234.59,234.76,234.56,234.6,78729
2026-07-16 13:10:00,234.6,234.88,234.6,234.72,99589
2026-07-16 13:15:00,234.72,235.0,234.71,234.97,97180
2026-07-16 13:20:00,234.97,235.24,234.92,235.09,54017
2026-07-16 13:25:00,235.09,235.12,234.85,234.87,60672
2026-07-16 13:30:00,234.87,234.93,234.69,234.78,93326
2026-07-16 13:35:00,234.78,234.86,234.37,234.42,111852
2026-07-16 13:40:00,234.42,234.5,234.29,234.35,77096
2026-07-16 13:45:00,234.35,234.4,234.08,234.16,60825
2026-07-16 13:50:00,234.16,234.55,234.1,234.47,121588
2026-07-16 13:55:00,234.47,234.8,234.29,234.76,42840
2026-07-16 14:00:00,234.76,235.23,234.74,235.04,54980
2026-07-16 14:05:00,235.04,235.13,234.9,234.98,97717
2026-07-16 14:10:00,234.98,234.99,234.67,234.81,51995
2026-07-16 14:15:00,234.81,234.87,234.57,234.84,121857
2026-07-16 14:20:00,234.84,234.91,234.5,234.72,88219
2026-07-16 14:25:00,234.72,234.75,234.41,234.44,114436
2026-07-16 14:30:00,234.44,234.67,234.39,234.52,64087
2026-07-16 14:35:00,234.52,234.81,234.49,234.73,77490
2026-07-16 14:40:00,234.73,235.08,234.71,234.73,101410
2026-07-16 14:45:00,234.73,235.22,234.71,235.02,70140
2026-07-16 14:50:00,235.02,235.16,234.62,234.65,88521
2026-07-16 14:55:00,234.65,234.71,234.43,234.58,61877
2026-07-16 15:00:00,234.58,234.69,234.55,234.58,81012
2026-07-16 15:05:00,234.58,234.7,234.42,234.57,90819
2026-07-16 15:10:00,234.57,234.57,234.29,234.31,82536
2026-07-16 15:15:00,234.31,234.88,234.28,234.81,79757
2026-07-16 15:20:00,234.81,235.0,234.34,234.43,153081
2026-07-16 15:25:00,234.43,234.71,233.86,234.06,54394
2026-07-17 09:15:00,233.88,234.62,233.84,234.54,170414
2026-07-17 09:20:00,234.54,234.87,233.62,233.85,289325
2026-07-17 09:25:00,233.85,233.97,233.34,233.77,134359
2026-07-17 09:30:00,233.77,234.37,233.55,234.15,159145
2026-07-17 09:35:00,234.15,234.29,233.57,233.58,112226
2026-07-17 09:40:00,233.58,233.78,233.5,233.74,112146
2026-07-17 09:45:00,233.74,233.8,233.5,233.7,160008
2026-07-17 09:50:00,233.7,234.08,233.67,234.04,66752
2026-07-17 09:55:00,234.04,234.1,233.83,233.84,61343
2026-07-17 10:00:00,233.84,234.29,233.8,234.17,120813
2026-07-17 10:05:00,234.17,234.53,234.06,234.47,156507
2026-07-17 10:10:00,234.47,234.5,234.11,234.17,59449
2026-07-17 10:15:00,234.17,234.4,234.05,234.33,96795
2026-07-17 10:20:00,234.33,234.49,234.14,234.26,60735
2026-07-17 10:25:00,234.26,234.27,233.9,233.91,133093
2026-07-17 10:30:00,233.91,234.09,233.83,234.07,60609
2026-07-17 10:35:00,234.07,234.56,234.01,234.51,31962
2026-07-17 10:40:00,234.51,234.56,234.06,234.1,207603
2026-07-17 10:45:00,234.1,234.19,233.95,233.97,70795
2026-07-17 10:50:00,233.97,234.0,233.68,233.76,139560
2026-07-17 10:55:00,233.76,233.91,233.67,233.8,63552
2026-07-17 11:00:00,233.8,234.05,233.62,234.05,109945
2026-07-17 11:05:00,234.05,234.1,233.58,233.62,65552
2026-07-17 11:10:00,233.62,233.64,233.26,233.29,68492
2026-07-17 11:15:00,233.29,233.54,233.24,233.24,87310
2026-07-17 11:20:00,233.24,233.49,233.23,233.3,118205
2026-07-17 11:25:00,233.3,233.34,232.84,232.95,52998
2026-07-17 11:30:00,232.95,233.09,232.69,232.89,56317
2026-07-17 11:35:00,232.89,233.16,232.85,233.13,67402
2026-07-17 11:40:00,233.13,233.4,233.13,233.34,110795
2026-07-17 11:45:00,233.34,233.36,233.15,233.28,55681
2026-07-17 11:50:00,233.28,233.31,233.04,233.19,48870
2026-07-17 11:55:00,233.19,233.33,232.76,232.92,103524
2026-07-17 12:00:00,232.92,233.14,232.87,233.05,99167
2026-07-17 12:05:00,233.05,233.1,232.83,232.91,102565
2026-07-17 12:10:00,232.91,233.09,232.9,233.01,60813
2026-07-17 12:15:00,233.01,233.23,233.0,233.08,45388
2026-07-17 12:20:00,233.08,233.78,232.98,233.72,89787
2026-07-17 12:25:00,233.72,233.78,233.56,233.59,104231
2026-07-17 12:30:00,233.59,233.61,233.4,233.48,112547
2026-07-17 12:35:00,233.48,233.68,233.48,233.6,51682
2026-07-17 12:40:00,233.6,234.09,233.55,234.02,90448
2026-07-17 12:45:00,234.02,234.14,233.96,233.97,66187
2026-07-17 12:50:00,233.97,233.98,233.7,233.82,72238
2026-07-17 12:55:00,233.82,234.12,233.8,233.99,65987
2026-07-17 13:00:00,233.99,234.03,233.84,233.87,128255
2026-07-17 13:05:00,233.87,233.95,233.55,233.68,63902
2026-07-17 13:10:00,233.68,233.7,233.22,233.35,42517
2026-07-17 13:15:00,233.35,233.46,233.32,233.44,66642
2026-07-17 13:20:00,233.44,233.47,233.16,233.27,68469
2026-07-17 13:25:00,233.27,233.43,233.2,233.23,83973
2026-07-17 13:30:00,233.23,233.56,233.2,233.5,91417
2026-07-17 13:35:00,233.5,233.57,233.45,233.48,79451
2026-07-17 13:40:00,233.48,234.14,233.44,234.12,119463
2026-07-17 13:45:00,234.12,234.13,233.69,233.78,79462
2026-07-17 13:50:00,233.78,233.91,233.66,233.67,94152
2026-07-17 13:55:00,233.67,233.8,233.45,233.51,82256
2026-07-17 14:00:00,233.51,233.57,233.31,233.4,98178
2026-07-17 14:05:00,233.4,233.49,233.06,233.07,62967
2026-07-17 14:10:00,233.07,233.22,232.73,232.82,67855
2026-07-17 14:15:00,232.82,233.34,232.79,233.06,76407
2026-07-17 14:20:00,233.06,233.1,232.71,232.75,67394
2026-07-17 14:25:00,232.75,232.77,232.31,232.53,96021
2026-07-17 14:30:00,232.53,232.62,232.16,232.48,93881
2026-07-17 14:35:00,232.48,232.65,232.39,232.41,55066
2026-07-17 14:40:00,232.41,232.44,232.09,232.28,100864
2026-07-17 14:45:00,232.28,232.47,232.24,232.34,62701
2026-07-17 14:50:00,232.34,232.37,231.87,231.89,132691
2026-07-17 14:55:00,231.89,232.49,231.88,232.33,58513
2026-07-17 15:00:00,232.33,232.83,232.25,232.79,144235
2026-07-17 15:05:00,232.79,232.84,232.47,232.72,118576
2026-07-17 15:10:00,232.72,232.82,232.22,232.27,113253
2026-07-17 15:15:00,232.27,232.39,231.85,231.87,117678
2026-07-17 15:20:00,231.87,232.0,231.55,231.62,228232
2026-07-17 15:25:00,231.62,231.68,231.13,231.16,123611
2026-07-20 09:15:00,231.29,231.71,231.0,231.62,193045
2026-07-20 09:20:00,231.62,231.72,230.63,230.65,165673
2026-07-20 09:25:00,230.65,231.08,230.42,230.79,220100
2026-07-20 09:30:00,230.79,230.99,230.48,230.48,139287
2026-07-20 09:35:00,230.48,230.49,230.15,230.43,98767
2026-07-20 09:40:00,230.43,230.9,230.31,230.89,119135
2026-07-20 09:45:00,230.89,231.6,230.83,231.49,77838
2026-07-20 09:50:00,231.49,232.05,231.4,231.96,151378
2026-07-20 09:55:00,231.96,232.12,231.85,231.95,76300
2026-07-20 10:00:00,231.95,232.01,231.64,231.84,92514
2026-07-20 10:05:00,231.84,231.99,231.76,231.91,66659
2026-07-20 10:10:00,231.91,232.3,231.88,232.28,138243
2026-07-20 10:15:00,232.28,232.75,232.25,232.57,97083
2026-07-20 10:20:00,232.57,232.6,232.21,232.29,83371
2026-07-20 10:25:00,232.29,232.35,232.02,232.04,85726
2026-07-20 10:30:00,232.04,232.42,232.01,232.28,73686
2026-07-20 10:35:00,232.28,232.46,232.09,232.15,152067
2026-07-20 10:40:00,232.15,232.65,232.1,232.64,128728
2026-07-20 10:45:00,232.64,233.04,232.63,232.94,79793
2026-07-20 10:50:00,232.94,233.06,232.89,233.05,101296
2026-07-20 10:55:00,233.05,233.09,232.85,233.09,65370
2026-07-20 11:00:00,233.09,233.16,232.97,233.1,66889
2026-07-20 11:05:00,233.1,233.16,232.75,232.9,100270
2026-07-20 11:10:00,232.9,233.09,232.72,233.07,121036
2026-07-20 11:15:00,233.07,233.13,232.89,233.03,86035
2026-07-20 11:20:00,233.03,233.1,232.67,232.88,106946
2026-07-20 11:25:00,232.88,233.27,232.84,233.05,57299
2026-07-20 11:30:00,233.05,233.36,233.03,233.2,155827
2026-07-20 11:35:00,233.2,233.27,232.98,233.23,74915
2026-07-20 11:40:00,233.23,233.29,232.94,233.02,94304
2026-07-20 11:45:00,233.02,233.35,232.97,233.31,89542
2026-07-20 11:50:00,233.31,233.32,232.87,232.95,85983
2026-07-20 11:55:00,232.95,233.1,232.76,232.87,61060
2026-07-20 12:00:00,232.87,233.06,232.73,232.77,52182
2026-07-20 12:05:00,232.77,232.99,232.73,232.95,110701
2026-07-20 12:10:00,232.95,233.03,232.85,232.92,46694
2026-07-20 12:15:00,232.92,233.13,232.9,232.97,73313
2026-07-20 12:20:00,232.97,233.09,232.95,232.98,87770
2026-07-20 12:25:00,232.98,233.04,232.8,232.93,110053
2026-07-20 12:30:00,232.93,233.43,232.93,233.42,62867
2026-07-20 12:35:00,233.42,233.49,233.33,233.41,101318
2026-07-20 12:40:00,233.41,233.58,233.36,233.58,101396
2026-07-20 12:45:00,233.58,233.81,233.57,233.65,60000
2026-07-20 12:50:00,233.65,233.71,233.23,233.24,144807
2026-07-20 12:55:00,233.24,233.34,233.13,233.3,105068
2026-07-20 13:00:00,233.3,233.31,233.23,233.24,96185
2026-07-20 13:05:00,233.24,233.3,232.63,232.7,70667
2026-07-20 13:10:00,232.7,232.78,232.3,232.49,42564
2026-07-20 13:15:00,232.49,232.5,232.19,232.2,87715
2026-07-20 13:20:00,232.2,232.24,231.88,232.05,93069
2026-07-20 13:25:00,232.05,232.25,231.93,232.12,62434
2026-07-20 13:30:00,232.12,232.6,231.98,232.59,80787
2026-07-20 13:35:00,232.59,232.64,232.28,232.39,110471
2026-07-20 13:40:00,232.39,232.84,232.34,232.79,84400
2026-07-20 13:45:00,232.79,232.94,232.7,232.94,68765
2026-07-20 13:50:00,232.94,232.97,232.86,232.96,133371
2026-07-20 13:55:00,232.96,233.38,232.89,233.35,100242
2026-07-20 14:00:00,233.35,233.43,233.19,233.26,52081
2026-07-20 14:05:00,233.26,233.57,233.21,233.52,39990
2026-07-20 14:10:00,233.52,233.55,233.13,233.17,94656
2026-07-20 14:15:00,233.17,233.32,233.17,233.24,57420
2026-07-20 14:20:00,233.24,233.29,232.92,233.14,145505
2026-07-20 14:25:00,233.14,233.54,233.08,233.4,75700
2026-07-20 14:30:00,233.4,233.66,233.4,233.49,79146
2026-07-20 14:35:00,233.49,233.85,233.48,233.8,73500
2026-07-20 14:40:00,233.8,233.89,233.53,233.59,80234
2026-07-20 14:45:00,233.59,234.05,233.51,234.05,140530
2026-07-20 14:50:00,234.05,234.46,234.05,234.13,40759
2026-07-20 14:55:00,234.13,234.52,234.01,234.38,97245
2026-07-20 15:00:00,234.38,234.61,234.05,234.19,118439
2026-07-20 15:05:00,234.19,234.89,234.18,234.88,83417
2026-07-20 15:10:00,234.88,235.47,234.68,235.35,110381
2026-07-20 15:15:00,235.35,235.37,235.01,235.19,133959
2026-07-20 15:20:00,235.19,235.35,234.92,235.01,156508
2026-07-20 15:25:00,235.01,235.86,234.96,235.59,69288
2026-07-21 09:15:00,234.41,234.42,232.9,233.04,283856
2026-07-21 09:20:00,233.04,233.35,232.44,232.93,227127
2026-07-21 09:25:00,232.93,233.45,232.86,233.18,143293
2026-07-21 09:30:00,233.18,233.61,233.04,233.1,128287
2026-07-21 09:35:00,233.1,233.56,232.92,233.42,216068
2026-07-21 09:40:00,233.42,234.2,233.37,234.17,138392
2026-07-21 09:45:00,234.17,234.93,233.88,234.93,129021
2026-07-21 09:50:00,234.93,235.2,234.81,235.07,150819
2026-07-21 09:55:00,235.07,235.54,235.03,235.53,137736
2026-07-21 10:00:00,235.53,235.59,234.86,234.91,76598
2026-07-21 10:05:00,234.91,234.94,234.51,234.6,121235
2026-07-21 10:10:00,234.6,235.05,234.39,234.79,107142
2026-07-21 10:15:00,234.79,234.84,234.71,234.81,119466
2026-07-21 10:20:00,234.81,235.36,234.77,235.11,80132
2026-07-21 10:25:00,235.11,235.91,235.09,235.78,64098
2026-07-21 10:30:00,235.78,235.9,235.58,235.76,50481
2026-07-21 10:35:00,235.76,235.79,235.54,235.56,115206
2026-07-21 10:40:00,235.56,235.75,235.49,235.6,50067
2026-07-21 10:45:00,235.6,235.65,234.94,235.07,127267
2026-07-21 10:50:00,235.07,235.17,234.82,234.94,71604
2026-07-21 10:55:00,234.94,235.1,234.87,235.0,111497
2026-07-21 11:00:00,235.0,235.25,234.97,235.04,77275
2026-07-21 11:05:00,235.04,235.1,234.8,235.03,94542
2026-07-21 11:10:00,235.03,235.34,234.87,235.11,72157
2026-07-21 11:15:00,235.11,235.29,235.06,235.25,43263
2026-07-21 11:20:00,235.25,235.26,234.96,235.01,73013
2026-07-21 11:25:00,235.01,235.26,234.89,235.09,147857
2026-07-21 11:30:00,235.09,235.11,234.53,234.57,59194
2026-07-21 11:35:00,234.57,234.7,234.23,234.34,99938
2026-07-21 11:40:00,234.34,234.53,234.09,234.23,50150
2026-07-21 11:45:00,234.23,234.29,234.16,234.25,124545
2026-07-21 11:50:00,234.25,234.47,234.02,234.06,110590
2026-07-21 11:55:00,234.06,234.1,233.89,233.99,68017
2026-07-21 12:00:00,233.99,234.16,233.19,233.27,83146
2026-07-21 12:05:00,233.27,233.66,233.23,233.62,93494
2026-07-21 12:10:00,233.62,233.72,233.57,233.71,84057
2026-07-21 12:15:00,233.71,233.76,233.52,233.62,125657
2026-07-21 12:20:00,233.62,234.08,233.57,234.01,79501
2026-07-21 12:25:00,234.01,234.21,233.88,234.14,84170
2026-07-21 12:30:00,234.14,234.54,234.0,234.54,100722
2026-07-21 12:35:00,234.54,235.0,234.52,234.84,39698
2026-07-21 12:40:00,234.84,234.91,234.3,234.4,41704
2026-07-21 12:45:00,234.4,234.73,234.34,234.54,82251
2026-07-21 12:50:00,234.54,234.56,233.75,234.02,120281
2026-07-21 12:55:00,234.02,234.51,234.0,234.47,88704
2026-07-21 13:00:00,234.47,234.62,234.45,234.56,79946
2026-07-21 13:05:00,234.56,234.81,234.46,234.67,117313
2026-07-21 13:10:00,234.67,235.05,234.58,234.94,83488
2026-07-21 13:15:00,234.94,235.05,234.75,234.88,89581
2026-07-21 13:20:00,234.88,235.02,234.59,234.64,85425
2026-07-21 13:25:00,234.64,234.75,234.48,234.67,93613
2026-07-21 13:30:00,234.67,234.69,234.29,234.48,88015
2026-07-21 13:35:00,234.48,234.81,234.48,234.67,170675
2026-07-21 13:40:00,234.67,234.68,234.21,234.21,68648
2026-07-21 13:45:00,234.21,234.4,233.94,234.11,84615
2026-07-21 13:50:00,234.11,234.21,233.91,234.11,63303
2026-07-21 13:55:00,234.11,234.25,233.98,234.1,142973
2026-07-21 14:00:00,234.1,234.17,233.81,234.09,90657
2026-07-21 14:05:00,234.09,234.22,234.04,234.15,117176
2026-07-21 14:10:00,234.15,234.64,234.12,234.63,64246
2026-07-21 14:15:00,234.63,234.77,234.15,234.36,66082
2026-07-21 14:20:00,234.36,234.82,234.29,234.75,102807
2026-07-21 14:25:00,234.75,234.96,234.7,234.75,120724
2026-07-21 14:30:00,234.75,234.76,234.57,234.7,93153
2026-07-21 14:35:00,234.7,234.71,234.24,234.33,153017
2026-07-21 14:40:00,234.33,234.87,234.17,234.69,73258
2026-07-21 14:45:00,234.69,234.99,234.56,234.88,120840
2026-07-21 14:50:00,234.88,235.5,234.77,235.45,87376
2026-07-21 14:55:00,235.45,235.68,235.11,235.28,70040
2026-07-21 15:00:00,235.28,235.7,235.23,235.64,93156
2026-07-21 15:05:00,235.64,236.23,235.52,235.67,103666
2026-07-21 15:10:00,235.67,235.76,235.02,235.23,144011
2026-07-21 15:15:00,235.23,235.35,235.04,235.18,136870
2026-07-21 15:20:00,235.18,235.4,234.39,234.81,140902
2026-07-21 15:25:00,234.81,235.16,234.66,234.71,159423
2026-07-22 09:15:00,236.22,236.49,235.41,235.46,124750
2026-07-22 09:20:00,235.46,235.87,235.34,235.43,115792
2026-07-22 09:25:00,235.43,235.64,234.92,234.92,112804
2026-07-22 09:30:00,234.92,235.63,234.84,235.22,136557
2026-07-22 09:35:00,235.22,235.76,235.11,235.73,109595
2026-07-22 09:40:00,235.73,236.09,235.56,236.01,83449
2026-07-22 09:45:00,236.01,236.01,235.22,235.23,60173
2026-07-22 09:50:00,235.23,235.26,234.8,234.95,122670
2026-07-22 09:55:00,234.95,235.13,234.87,234.93,88155
2026-07-22 10:00:00,234.93,235.18,234.91,234.96,96328
2026-07-22 10:05:00,234.96,235.22,234.87,234.99,111597
2026-07-22 10:10:00,234.99,235.21,234.8,234.85,74497
2026-07-22 10:15:00,234.85,235.02,234.71,234.77,43796
2026-07-22 10:20:00,234.77,235.26,234.67,235.12,83138
2026-07-22 10:25:00,235.12,235.23,235.06,235.17,43630
2026-07-22 10:30:00,235.17,235.28,235.08,235.13,72651
2026-07-22 10:35:00,235.13,235.22,234.76,234.76,55512
2026-07-22 10:40:00,234.76,235.07,234.65,234.98,39670
2026-07-22 10:45:00,234.98,235.69,234.93,235.54,68302
2026-07-22 10:50:00,235.54,235.64,235.39,235.51,64509
2026-07-22 10:55:00,235.51,235.66,235.44,235.53,36265
2026-07-22 11:00:00,235.53,235.72,235.4,235.44,83824
2026-07-22 11:05:00,235.44,235.63,235.37,235.52,58209
2026-07-22 11:10:00,235.52,235.86,235.4,235.86,72250
2026-07-22 11:15:00,235.86,236.15,235.76,236.13,68849
2026-07-22 11:20:00,236.13,236.46,236.05,236.36,63331
2026-07-22 11:25:00,236.36,236.51,236.23,236.32,60612
2026-07-22 11:30:00,236.32,236.6,236.29,236.58,81178
2026-07-22 11:35:00,236.58,236.85,236.5,236.61,93529
2026-07-22 11:40:00,236.61,236.92,236.49,236.89,108700
2026-07-22 11:45:00,236.89,237.43,236.86,237.43,47513
2026-07-22 11:50:00,237.43,237.5,237.15,237.2,47455
2026-07-22 11:55:00,237.2,237.23,237.09,237.14,161133
2026-07-22 12:00:00,237.14,237.61,237.04,237.58,86175
2026-07-22 12:05:00,237.58,237.61,237.16,237.31,95395
2026-07-22 12:10:00,237.31,237.44,237.05,237.06,55985
2026-07-22 12:15:00,237.06,237.15,236.64,236.65,40891
2026-07-22 12:20:00,236.65,236.91,236.52,236.67,46204
2026-07-22 12:25:00,236.67,236.77,236.49,236.72,56042
2026-07-22 12:30:00,236.72,237.04,236.6,237.02,117852
2026-07-22 12:35:00,237.02,237.12,236.74,236.78,46894
2026-07-22 12:40:00,236.78,236.83,236.16,236.19,79182
2026-07-22 12:45:00,236.19,236.25,236.1,236.17,71651
2026-07-22 12:50:00,236.17,236.24,236.05,236.09,47712
2026-07-22 12:55:00,236.09,236.1,235.54,235.67,68116
2026-07-22 13:00:00,235.67,235.74,235.38,235.39,90455
2026-07-22 13:05:00,235.39,236.22,235.32,236.21,44016
2026-07-22 13:10:00,236.21,236.53,236.2,236.45,64338
2026-07-22 13:15:00,236.45,236.57,236.28,236.35,65124
2026-07-22 13:20:00,236.35,236.75,236.31,236.74,99244
2026-07-22 13:25:00,236.74,236.95,236.64,236.9,129085
2026-07-22 13:30:00,236.9,237.08,236.78,237.03,86784
2026-07-22 13:35:00,237.03,237.13,236.83,237.06,67630
2026-07-22 13:40:00,237.06,237.18,236.86,236.93,75995
2026-07-22 13:45:00,236.93,236.95,236.79,236.93,72965
2026-07-22 13:50:00,236.93,237.35,236.87,236.95,27181
2026-07-22 13:55:00,236.95,236.97,236.58,236.62,106058
2026-07-22 14:00:00,236.62,236.79,236.51,236.56,45333
2026-07-22 14:05:00,236.56,237.18,236.51,237.14,91545
2026-07-22 14:10:00,237.14,237.22,236.73,236.97,49333
2026-07-22 14:15:00,236.97,237.18,236.93,236.98,60059
2026-07-22 14:20:00,236.98,237.37,236.95,237.11,72525
2026-07-22 14:25:00,237.11,237.2,236.76,236.78,89320
2026-07-22 14:30:00,236.78,236.79,236.42,236.46,65692
2026-07-22 14:35:00,236.46,236.46,236.11,236.14,137321
2026-07-22 14:40:00,236.14,236.22,235.82,236.21,114886
2026-07-22 14:45:00,236.21,236.27,235.8,235.82,85311
2026-07-22 14:50:00,235.82,235.92,235.51,235.71,109687
2026-07-22 14:55:00,235.71,235.8,235.16,235.54,98957
2026-07-22 15:00:00,235.54,236.36,235.48,236.27,90450
2026-07-22 15:05:00,236.27,236.74,236.04,236.64,258684
2026-07-22 15:10:00,236.64,236.86,236.21,236.22,138062
2026-07-22 15:15:00,236.22,236.58,236.12,236.22,95457
2026-07-22 15:20:00,236.22,236.84,236.06,236.52,163536
2026-07-22 15:25:00,236.52,236.63,235.97,236.1,89641
2026-07-23 09:15:00,235.89,236.46,235.73,235.98,118098
2026-07-23 09:20:00,235.98,236.0,235.17,235.4,78554
2026-07-23 09:25:00,235.4,235.55,234.87,234.95,134662
2026-07-23 09:30:00,234.95,235.18,234.8,234.87,133785
2026-07-23 09:35:00,234.87,235.24,234.45,234.63,205487
2026-07-23 09:40:00,234.63,234.68,233.92,234.12,137468
2026-07-23 09:45:00,234.12,234.63,234.06,234.56,216778
2026-07-23 09:50:00,234.56,234.63,234.06,234.29,62335
2026-07-23 09:55:00,234.29,234.67,233.6,233.66,60502
2026-07-23 10:00:00,233.66,233.69,233.34,233.6,60024
2026-07-23 10:05:00,233.6,233.94,233.47,233.94,102217
2026-07-23 10:10:00,233.94,234.66,233.88,234.64,134909
2026-07-23 10:15:00,234.64,234.8,234.05,234.06,81290
2026-07-23 10:20:00,234.06,234.29,233.97,234.27,54768
2026-07-23 10:25:00,234.27,234.27,233.84,233.96,42382
2026-07-23 10:30:00,233.96,234.0,233.57,233.98,96984
2026-07-23 10:35:00,233.98,233.99,233.77,233.81,102766
2026-07-23 10:40:00,233.81,234.15,233.78,234.09,102438
2026-07-23 10:45:00,234.09,234.25,233.97,234.01,97471
2026-07-23 10:50:00,234.01,234.41,233.96,234.38,179838
2026-07-23 10:55:00,234.38,234.44,234.08,234.43,27657
2026-07-23 11:00:00,234.43,235.04,234.3,234.97,81174
2026-07-23 11:05:00,234.97,235.62,234.96,235.58,104079
2026-07-23 11:10:00,235.58,235.64,235.35,235.47,81731
2026-07-23 11:15:00,235.47,235.52,235.25,235.36,101812
2026-07-23 11:20:00,235.36,235.4,235.19,235.21,38945
2026-07-23 11:25:00,235.21,235.51,235.13,235.48,51730
2026-07-23 11:30:00,235.48,235.68,235.34,235.52,75023
2026-07-23 11:35:00,235.52,235.59,235.36,235.4,42195
2026-07-23 11:40:00,235.4,235.59,235.32,235.38,103613
2026-07-23 11:45:00,235.38,235.63,235.3,235.59,59423
2026-07-23 11:50:00,235.59,235.74,235.49,235.72,62749
2026-07-23 11:55:00,235.72,235.8,235.61,235.77,42537
2026-07-23 12:00:00,235.77,235.87,235.07,235.11,213871
2026-07-23 12:05:00,235.11,235.17,234.79,234.86,53926
2026-07-23 12:10:00,234.86,235.07,234.83,235.02,52661
2026-07-23 12:15:00,235.02,235.09,234.42,234.51,107614
2026-07-23 12:20:00,234.51,234.84,234.47,234.74,60302
2026-07-23 12:25:00,234.74,234.75,234.09,234.14,82548
2026-07-23 12:30:00,234.14,234.4,234.09,234.36,85098
2026-07-23 12:35:00,234.36,234.6,234.32,234.48,57524
2026-07-23 12:40:00,234.48,234.99,234.44,234.94,59953
2026-07-23 12:45:00,234.94,235.24,234.85,235.13,114107
2026-07-23 12:50:00,235.13,235.59,235.12,235.56,117176
2026-07-23 12:55:00,235.56,235.57,235.32,235.39,98238
2026-07-23 13:00:00,235.39,235.42,234.89,234.94,198796
2026-07-23 13:05:00,234.94,235.07,234.84,234.88,56989
2026-07-23 13:10:00,234.88,235.29,234.87,235.22,77348
2026-07-23 13:15:00,235.22,235.4,235.14,235.3,68106
2026-07-23 13:20:00,235.3,235.35,235.06,235.11,85125
2026-07-23 13:25:00,235.11,235.27,234.91,235.08,125261
2026-07-23 13:30:00,235.08,235.24,234.93,234.98,110407
2026-07-23 13:35:00,234.98,235.81,234.82,235.75,67387
2026-07-23 13:40:00,235.75,235.99,235.72,235.82,73158
2026-07-23 13:45:00,235.82,236.38,235.73,236.22,61050
2026-07-23 13:50:00,236.22,236.66,236.11,236.66,61434
2026-07-23 13:55:00,236.66,236.86,236.53,236.7,70400
2026-07-23 14:00:00,236.7,236.71,236.31,236.31,81479
2026-07-23 14:05:00,236.31,236.37,236.11,236.11,60519
2026-07-23 14:10:00,236.11,236.65,236.03,236.6,56287
2026-07-23 14:15:00,236.6,236.69,236.26,236.33,77172
2026-07-23 14:20:00,236.33,236.35,236.05,236.13,108042
2026-07-23 14:25:00,236.13,236.23,236.03,236.14,119585
2026-07-23 14:30:00,236.14,236.35,235.98,236.3,109936
2026-07-23 14:35:00,236.3,236.65,236.24,236.5,82611
2026-07-23 14:40:00,236.5,236.64,236.09,236.15,46707
2026-07-23 14:45:00,236.15,236.22,235.7,235.75,61737
2026-07-23 14:50:00,235.75,236.09,235.64,236.03,141732
2026-07-23 14:55:00,236.03,236.27,235.58,235.77,61063
2026-07-23 15:00:00,235.77,236.25,235.69,236.22,83830
2026-07-23 15:05:00,236.22,236.33,235.48,235.58,96589
2026-07-23 15:10:00,235.58,236.36,235.47,236.13,190290
2026-07-23 15:15:00,236.13,236.42,236.02,236.4,134863
2026-07-23 15:20:00,236.4,236.46,235.83,235.88,182819
2026-07-23 15:25:00,235.88,235.95,235.61,235.83,125744
2026-07-24 09:15:00,236.27,236.46,235.17,235.31,213660
2026-07-24 09:20:00,235.31,235.52,234.79,235.35,146257
2026-07-24 09:25:00,235.35,235.6,235.2,235.51,141659
2026-07-24 09:30:00,235.51,236.12,235.41,236.12,77253
2026-07-24 09:35:00,236.12,236.66,235.94,236.59,156349
2026-07-24 09:40:00,236.59,236.76,236.35,236.44,190919
2026-07-24 09:45:00,236.44,236.45,235.59,235.62,65500
2026-07-24 09:50:00,235.62,235.63,234.78,234.8,126781
2026-07-24 09:55:00,234.8,235.03,234.69,234.93,62498
2026-07-24 10:00:00,234.93,235.04,234.16,234.16,40056
2026-07-24 10:05:00,234.16,234.92,234.11,234.86,71781
2026-07-24 10:10:00,234.86,234.98,234.64,234.67,105253
2026-07-24 10:15:00,234.67,234.8,234.57,234.76,71432
2026-07-24 10:20:00,234.76,234.96,234.58,234.61,63628
2026-07-24 10:25:00,234.61,235.18,234.5,235.09,79283
2026-07-24 10:30:00,235.09,235.15,234.8,234.83,32501
2026-07-24 10:35:00,234.83,235.16,234.75,235.15,121076
2026-07-24 10:40:00,235.15,235.23,235.11,235.11,72542
2026-07-24 10:45:00,235.11,235.14,234.72,234.86,88271
2026-07-24 10:50:00,234.86,235.05,234.65,234.96,71047
2026-07-24 10:55:00,234.96,235.11,234.91,235.07,81609
2026-07-24 11:00:00,235.07,235.27,235.04,235.22,42317
2026-07-24 11:05:00,235.22,235.55,235.2,235.53,61935
2026-07-24 11:10:00,235.53,235.71,235.45,235.61,35883
2026-07-24 11:15:00,235.61,235.73,235.45,235.57,105524
2026-07-24 11:20:00,235.57,235.61,235.28,235.34,42681
2026-07-24 11:25:00,235.34,235.51,235.29,235.47,71051
2026-07-24 11:30:00,235.47,235.54,235.21,235.29,65706
2026-07-24 11:35:00,235.29,235.42,235.13,235.19,84451
2026-07-24 11:40:00,235.19,235.4,235.04,235.1,76975
2026-07-24 11:45:00,235.1,235.6,235.02,235.49,99461
2026-07-24 11:50:00,235.49,235.62,235.21,235.5,78865
2026-07-24 11:55:00,235.5,235.55,235.06,235.17,51550
2026-07-24 12:00:00,235.17,235.33,235.05,235.09,49354
2026-07-24 12:05:00,235.09,235.21,234.72,234.94,63144
2026-07-24 12:10:00,234.94,235.06,234.53,234.59,76850
2026-07-24 12:15:00,234.59,234.76,234.55,234.72,133645
2026-07-24 12:20:00,234.72,234.81,234.43,234.56,153456
2026-07-24 12:25:00,234.56,234.62,234.31,234.47,47849
2026-07-24 12:30:00,234.47,234.87,234.35,234.84,70922
2026-07-24 12:35:00,234.84,234.91,234.59,234.84,68904
2026-07-24 12:40:00,234.84,234.87,234.61,234.75,56839
2026-07-24 12:45:00,234.75,234.9,234.45,234.5,98390
2026-07-24 12:50:00,234.5,234.86,234.48,234.76,39544
2026-07-24 12:55:00,234.76,234.92,234.59,234.75,43548
2026-07-24 13:00:00,234.75,234.81,234.72,234.76,108751
2026-07-24 13:05:00,234.76,234.86,234.61,234.73,40100
2026-07-24 13:10:00,234.73,234.74,234.6,234.69,90328
2026-07-24 13:15:00,234.69,234.74,234.31,234.5,78105
2026-07-24 13:20:00,234.5,234.64,234.43,234.48,164063
2026-07-24 13:25:00,234.48,234.88,234.47,234.85,105941
2026-07-24 13:30:00,234.85,234.86,234.65,234.83,63567
2026-07-24 13:35:00,234.83,235.25,234.79,235.17,55858
2026-07-24 13:40:00,235.17,235.22,234.88,234.99,181192
2026-07-24 13:45:00,234.99,235.04,234.72,234.74,68827
2026-07-24 13:50:00,234.74,235.36,234.69,235.18,55021
2026-07-24 13:55:00,235.18,235.41,235.12,235.26,130707
2026-07-24 14:00:00,235.26,235.37,234.9,235.03,68570
2026-07-24 14:05:00,235.03,235.43,234.96,235.1,102863
2026-07-24 14:10:00,235.1,235.26,235.07,235.08,94016
2026-07-24 14:15:00,235.08,235.19,234.71,234.85,114223
2026-07-24 14:20:00,234.85,235.32,234.81,235.26,79432
2026-07-24 14:25:00,235.26,235.47,235.11,235.44,54119
2026-07-24 14:30:00,235.44,235.7,235.35,235.43,61213
2026-07-24 14:35:00,235.43,235.67,235.39,235.52,95270
2026-07-24 14:40:00,235.52,235.65,235.41,235.45,114971
2026-07-24 14:45:00,235.45,235.46,234.76,234.78,84238
2026-07-24 14:50:00,234.78,234.9,234.42,234.68,93160
2026-07-24 14:55:00,234.68,234.73,234.08,234.11,118816
2026-07-24 15:00:00,234.11,234.68,234.1,234.66,74329
2026-07-24 15:05:00,234.66,234.87,234.44,234.69,86735
2026-07-24 15:10:00,234.69,235.09,234.62,234.71,148524
2026-07-24 15:15:00,234.71,234.81,234.53,234.57,151857
2026-07-24 15:20:00,234.57,234.73,234.25,234.29,122962
2026-07-24 15:25:00,234.29,235.44,234.07,235.44,110009
2026-07-27 09:15:00,235.34,235.39,233.82,233.92,232405
2026-07-27 09:20:00,233.92,234.29,233.52,234.17,206253
2026-07-27 09:25:00,234.17,234.36,233.5,233.56,144724
2026-07-27 09:30:00,233.56,233.6,233.14,233.35,137690
2026-07-27 09:35:00,233.35,233.54,232.74,232.77,169282
2026-07-27 09:40:00,232.77,232.79,232.61,232.74,141571
2026-07-27 09:45:00,232.74,233.12,232.56,232.89,79074
2026-07-27 09:50:00,232.89,232.98,232.42,232.48,143537
2026-07-27 09:55:00,232.48,232.62,231.88,231.98,154444
2026-07-27 10:00:00,231.98,232.06,231.81,231.95,57750
2026-07-27 10:05:00,231.95,232.02,231.62,231.8,128199
2026-07-27 10:10:00,231.8,231.88,231.72,231.83,131109
2026-07-27 10:15:00,231.83,232.28,231.75,231.75,95179
2026-07-27 10:20:00,231.75,231.76,231.54,231.62,68996
2026-07-27 10:25:00,231.62,231.63,231.18,231.35,37568
2026-07-27 10:30:00,231.35,231.61,231.28,231.45,43738
2026-07-27 10:35:00,231.45,231.66,231.33,231.4,134268
2026-07-27 10:40:00,231.4,231.5,231.36,231.37,66891
2026-07-27 10:45:00,231.37,231.46,231.08,231.09,112058
2026-07-27 10:50:00,231.09,231.36,230.99,231.24,57966
2026-07-27 10:55:00,231.24,231.39,231.03,231.27,78098
2026-07-27 11:00:00,231.27,231.38,231.21,231.32,57677
2026-07-27 11:05:00,231.32,231.44,231.14,231.28,87743
2026-07-27 11:10:00,231.28,231.73,231.27,231.65,88950
2026-07-27 11:15:00,231.65,231.82,231.53,231.63,109587
2026-07-27 11:20:00,231.63,231.9,231.62,231.65,52011
2026-07-27 11:25:00,231.65,231.75,231.37,231.55,56442
2026-07-27 11:30:00,231.55,231.66,231.43,231.59,81209
2026-07-27 11:35:00,231.59,231.74,231.3,231.32,41718
2026-07-27 11:40:00,231.32,231.53,231.26,231.52,65866
2026-07-27 11:45:00,231.52,231.52,231.12,231.13,51691
2026-07-27 11:50:00,231.13,231.42,231.05,231.39,158314
2026-07-27 11:55:00,231.39,231.44,230.99,231.04,59960
2026-07-27 12:00:00,231.04,231.41,230.96,231.25,54474
2026-07-27 12:05:00,231.25,231.61,231.24,231.58,114397
2026-07-27 12:10:00,231.58,231.65,231.37,231.42,94329
2026-07-27 12:15:00,231.42,231.48,231.18,231.48,89878
2026-07-27 12:20:00,231.48,231.59,231.36,231.54,56293
2026-07-27 12:25:00,231.54,231.61,231.22,231.6,57286
2026-07-27 12:30:00,231.6,231.74,231.34,231.54,64851
2026-07-27 12:35:00,231.54,231.82,231.49,231.5,57075
2026-07-27 12:40:00,231.5,231.51,231.0,231.05,48354
2026-07-27 12:45:00,231.05,231.48,231.02,231.43,87417
2026-07-27 12:50:00,231.43,231.79,231.26,231.72,73755
2026-07-27 12:55:00,231.72,231.92,231.56,231.63,89363
2026-07-27 13:00:00,231.63,231.64,231.19,231.22,67291
2026-07-27 13:05:00,231.22,231.22,231.0,231.02,112249
2026-07-27 13:10:00,231.02,231.44,230.92,231.4,126714
2026-07-27 13:15:00,231.4,231.58,231.37,231.56,34961
2026-07-27 13:20:00,231.56,231.9,231.53,231.83,73664
2026-07-27 13:25:00,231.83,231.89,231.36,231.67,152899
2026-07-27 13:30:00,231.67,231.74,230.89,230.94,86554
2026-07-27 13:35:00,230.94,231.06,230.6,230.77,58630
2026-07-27 13:40:00,230.77,230.86,230.54,230.82,147970
2026-07-27 13:45:00,230.82,230.93,230.7,230.81,96872
2026-07-27 13:50:00,230.81,231.08,230.79,230.92,53567
2026-07-27 13:55:00,230.92,230.97,230.41,230.48,94848
2026-07-27 14:00:00,230.48,230.51,230.18,230.23,45381
2026-07-27 14:05:00,230.23,230.59,230.22,230.56,78498
2026-07-27 14:10:00,230.56,230.61,230.23,230.56,59682
2026-07-27 14:15:00,230.56,230.91,230.52,230.91,87185
2026-07-27 14:20:00,230.91,231.14,230.77,231.12,87739
2026-07-27 14:25:00,231.12,231.13,230.76,230.85,82628
2026-07-27 14:30:00,230.85,231.79,230.71,231.76,84082
2026-07-27 14:35:00,231.76,232.07,231.62,231.93,98606
2026-07-27 14:40:00,231.93,232.0,231.84,231.92,79321
2026-07-27 14:45:00,231.92,232.06,231.63,231.92,227021
2026-07-27 14:50:00,231.92,232.08,231.86,232.04,60669
2026-07-27 14:55:00,232.04,232.28,231.78,231.87,169266
2026-07-27 15:00:00,231.87,231.94,231.22,231.22,61705
2026-07-27 15:05:00,231.22,231.84,230.99,231.63,53804
2026-07-27 15:10:00,231.63,232.42,231.53,232.33,95772
2026-07-27 15:15:00,232.33,233.03,232.16,232.9,87660
2026-07-27 15:20:00,232.9,233.0,232.62,232.97,131010
2026-07-27 15:25:00,232.97,233.41,231.94,232.07,87569
2026-07-28 09:15:00,232.07,233.28,231.86,233.25,111638
2026-07-28 09:20:00,233.25,233.41,232.72,233.14,331124
2026-07-28 09:25:00,233.14,233.69,232.91,232.92,202007
2026-07-28 09:30:00,232.92,233.39,232.79,232.93,159363
2026-07-28 09:35:00,232.93,233.34,232.78,232.98,71333
2026-07-28 09:40:00,232.98,233.17,232.74,232.76,104429
2026-07-28 09:45:00,232.76,233.11,232.39,233.03,79372
2026-07-28 09:50:00,233.03,233.55,232.98,233.4,152860
2026-07-28 09:55:00,233.4,234.02,233.31,233.9,132386
2026-07-28 10:00:00,233.9,233.98,233.42,233.52,58645
2026-07-28 10:05:00,233.52,233.62,232.87,233.08,137072
2026-07-28 10:10:00,233.08,233.31,232.87,233.24,115446
2026-07-28 10:15:00,233.24,233.37,233.07,233.25,78007
2026-07-28 10:20:00,233.25,233.4,233.09,233.28,71610
2026-07-28 10:25:00,233.28,233.6,233.28,233.35,48525
2026-07-28 10:30:00,233.35,233.41,233.03,233.04,138474
2026-07-28 10:35:00,233.04,233.3,232.94,233.19,61209
2026-07-28 10:40:00,233.19,233.25,232.81,232.92,71187
2026-07-28 10:45:00,232.92,233.15,232.85,233.05,48445
2026-07-28 10:50:00,233.05,233.29,232.83,233.2,87863
2026-07-28 10:55:00,233.2,233.33,232.91,233.02,93033
2026-07-28 11:00:00,233.02,233.08,232.91,233.04,40658
2026-07-28 11:05:00,233.04,233.11,232.73,232.97,59157
2026-07-28 11:10:00,232.97,233.19,232.85,233.17,82101
2026-07-28 11:15:00,233.17,233.29,233.04,233.15,42457
2026-07-28 11:20:00,233.15,233.19,232.83,232.84,55999
2026-07-28 11:25:00,232.84,233.07,232.77,232.87,121444
2026-07-28 11:30:00,232.87,233.44,232.77,233.33,78113
2026-07-28 11:35:00,233.33,233.42,233.04,233.09,49599
2026-07-28 11:40:00,233.09,233.14,232.83,232.87,62983
2026-07-28 11:45:00,232.87,233.02,232.68,232.95,95222
2026-07-28 11:50:00,232.95,233.02,232.55,232.62,52808
2026-07-28 11:55:00,232.62,232.74,232.34,232.41,47848
2026-07-28 12:00:00,232.41,232.57,232.2,232.39,72660
2026-07-28 12:05:00,232.39,232.48,232.24,232.26,56821
2026-07-28 12:10:00,232.26,232.44,232.23,232.37,147126
2026-07-28 12:15:00,232.37,232.76,232.35,232.73,74951
2026-07-28 12:20:00,232.73,232.89,232.45,232.47,57824
2026-07-28 12:25:00,232.47,232.48,232.24,232.46,125733
2026-07-28 12:30:00,232.46,232.48,232.17,232.28,41149
2026-07-28 12:35:00,232.28,232.37,232.18,232.32,105986
2026-07-28 12:40:00,232.32,232.41,232.12,232.2,54854
2026-07-28 12:45:00,232.2,232.55,232.19,232.24,125805
2026-07-28 12:50:00,232.24,232.47,232.12,232.21,89108
2026-07-28 12:55:00,232.21,232.43,232.1,232.4,52315
2026-07-28 13:00:00,232.4,232.43,232.29,232.34,70461
2026-07-28 13:05:00,232.34,232.64,232.29,232.61,85831
2026-07-28 13:10:00,232.61,232.81,232.29,232.48,49686
2026-07-28 13:15:00,232.48,232.53,232.25,232.4,62732
2026-07-28 13:20:00,232.4,232.69,232.38,232.68,134781
2026-07-28 13:25:00,232.68,232.94,232.64,232.73,74354
2026-07-28 13:30:00,232.73,232.73,232.46,232.48,59277
2026-07-28 13:35:00,232.48,232.48,232.09,232.23,136134
2026-07-28 13:40:00,232.23,232.67,232.21,232.61,105227
2026-07-28 13:45:00,232.61,232.85,232.35,232.43,56454
2026-07-28 13:50:00,232.43,232.52,232.25,232.38,78401
2026-07-28 13:55:00,232.38,232.66,232.13,232.61,57087
2026-07-28 14:00:00,232.61,232.92,232.58,232.8,26371
2026-07-28 14:05:00,232.8,232.98,232.52,232.59,53476
2026-07-28 14:10:00,232.59,232.73,231.99,232.02,30955
2026-07-28 14:15:00,232.02,232.56,231.89,232.52,169995
2026-07-28 14:20:00,232.52,232.65,231.95,232.01,74773
2026-07-28 14:25:00,232.01,232.22,231.89,231.99,103759
2026-07-28 14:30:00,231.99,232.06,231.86,232.0,126388
2026-07-28 14:35:00,232.0,232.11,231.18,231.23,81449
2026-07-28 14:40:00,231.23,231.25,230.79,230.8,86707
2026-07-28 14:45:00,230.8,230.9,230.7,230.83,132444
2026-07-28 14:50:00,230.83,230.87,230.19,230.24,164481
2026-07-28 14:55:00,230.24,230.53,230.22,230.47,247984
2026-07-28 15:00:00,230.47,230.78,230.22,230.25,91814
2026-07-28 15:05:00,230.25,230.5,230.18,230.32,100719
2026-07-28 15:10:00,230.32,230.44,230.15,230.33,111126
2026-07-28 15:15:00,230.33,230.42,229.99,230.39,200913
2026-07-28 15:20:00,230.39,230.45,229.99,230.24,181651
2026-07-28 15:25:00,230.24,230.46,229.48,229.83,201681
2026-07-29 09:15:00,228.92,229.81,228.83,229.54,123627
2026-07-29 09:20:00,229.54,230.44,229.44,230.17,157367
2026-07-29 09:25:00,230.17,230.54,229.53,229.88,86200
2026-07-29 09:30:00,229.88,230.09,229.53,229.82,112734
2026-07-29 09:35:00,229.82,230.56,229.76,230.46,85119
2026-07-29 09:40:00,230.46,230.56,230.04,230.55,110629
2026-07-29 09:45:00,230.55,230.95,230.37,230.42,80925
2026-07-29 09:50:00,230.42,230.46,229.69,229.85,73040
2026-07-29 09:55:00,229.85,230.26,229.8,230.17,107602
2026-07-29 10:00:00,230.17,230.28,229.78,229.98,98697
2026-07-29 10:05:00,229.98,230.24,229.73,229.86,102877
2026-07-29 10:10:00,229.86,229.92,229.63,229.65,61278
2026-07-29 10:15:00,229.65,230.04,229.6,229.93,113495
2026-07-29 10:20:00,229.93,230.39,229.93,230.37,71850
2026-07-29 10:25:00,230.37,230.42,229.77,229.84,107982
2026-07-29 10:30:00,229.84,230.01,229.7,229.73,53800
2026-07-29 10:35:00,229.73,229.93,229.61,229.82,86499
2026-07-29 10:40:00,229.82,230.06,229.77,230.02,53517
2026-07-29 10:45:00,230.02,230.14,229.83,229.98,126243
2026-07-29 10:50:00,229.98,230.06,229.69,229.85,63893
2026-07-29 10:55:00,229.85,229.95,229.33,229.35,71301
2026-07-29 11:00:00,229.35,229.44,228.95,228.99,102697
2026-07-29 11:05:00,228.99,229.08,228.91,229.06,54700
2026-07-29 11:10:00,229.06,229.09,228.58,228.61,41587
2026-07-29 11:15:00,228.61,228.61,228.19,228.2,120751
2026-07-29 11:20:00,228.2,228.27,227.84,227.92,76199
2026-07-29 11:25:00,227.92,228.04,227.77,227.91,113685
2026-07-29 11:30:00,227.91,227.96,227.74,227.82,81992
2026-07-29 11:35:00,227.82,227.93,227.62,227.77,76574
2026-07-29 11:40:00,227.77,228.04,227.61,227.96,55546
2026-07-29 11:45:00,227.96,228.09,227.84,228.0,47656
2026-07-29 11:50:00,228.0,228.24,227.95,228.09,79705
2026-07-29 11:55:00,228.09,228.09,227.82,227.93,82967
2026-07-29 12:00:00,227.93,228.17,227.86,228.13,91985
2026-07-29 12:05:00,228.13,228.25,228.05,228.18,116633
2026-07-29 12:10:00,228.18,228.19,227.64,227.8,60151
2026-07-29 12:15:00,227.8,227.83,227.33,227.36,113805
2026-07-29 12:20:00,227.36,227.45,227.07,227.22,30135
2026-07-29 12:25:00,227.22,227.23,227.02,227.09,179187
2026-07-29 12:30:00,227.09,227.21,226.75,226.76,89680
2026-07-29 12:35:00,226.76,226.76,226.34,226.4,63219
2026-07-29 12:40:00,226.4,226.51,226.37,226.5,64839
2026-07-29 12:45:00,226.5,226.62,226.16,226.26,75690
2026-07-29 12:50:00,226.26,226.9,226.23,226.81,75354
2026-07-29 12:55:00,226.81,226.87,226.55,226.61,76627
2026-07-29 13:00:00,226.61,227.0,226.56,226.94,100760
2026-07-29 13:05:00,226.94,227.29,226.85,227.14,102946
2026-07-29 13:10:00,227.14,227.26,226.98,227.17,44825
2026-07-29 13:15:00,227.17,227.42,227.04,227.4,129762
2026-07-29 13:20:00,227.4,227.55,227.35,227.43,65482
2026-07-29 13:25:00,227.43,227.62,227.4,227.62,67237
2026-07-29 13:30:00,227.62,227.7,227.43,227.49,100645
2026-07-29 13:35:00,227.49,227.83,227.3,227.64,70269
2026-07-29 13:40:00,227.64,227.86,227.08,227.3,86716
2026-07-29 13:45:00,227.3,227.52,227.27,227.31,87207
2026-07-29 13:50:00,227.31,227.57,227.28,227.32,57501
2026-07-29 13:55:00,227.32,227.37,227.03,227.23,84925
2026-07-29 14:00:00,227.23,227.44,227.08,227.17,58855
2026-07-29 14:05:00,227.17,227.3,226.9,227.29,54623
2026-07-29 14:10:00,227.29,227.37,227.05,227.07,76373
2026-07-29 14:15:00,227.07,227.2,226.9,227.18,59072
2026-07-29 14:20:00,227.18,227.36,227.13,227.24,79026
2026-07-29 14:25:00,227.24,227.38,227.1,227.17,58725
2026-07-29 14:30:00,227.17,227.53,227.12,227.4,97158
2026-07-29 14:35:00,227.4,227.51,226.76,226.98,51971
2026-07-29 14:40:00,226.98,227.02,226.36,226.48,142048
2026-07-29 14:45:00,226.48,226.5,226.13,226.37,197486
2026-07-29 14:50:00,226.37,226.73,226.24,226.64,98797
2026-07-29 14:55:00,226.64,226.72,226.35,226.49,82997
2026-07-29 15:00:00,226.49,226.72,226.42,226.68,86989
2026-07-29 15:05:00,226.68,226.82,226.1,226.16,89080
2026-07-29 15:10:00,226.16,226.88,226.12,226.79,145531
2026-07-29 15:15:00,226.79,227.5,226.73,227.43,128278
2026-07-29 15:20:00,227.43,228.8,227.42,228.75,113645
2026-07-29 15:25:00,228.75,229.08,228.5,228.89,366251
2026-07-30 09:15:00,228.26,228.4,227.9,227.94,127418
2026-07-30 09:20:00,227.94,228.35,227.86,228.09,130800
2026-07-30 09:25:00,228.09,228.16,227.6,227.91,145954
2026-07-30 09:30:00,227.91,227.94,227.15,227.51,152697
2026-07-30 09:35:00,227.51,227.82,227.4,227.75,115588
2026-07-30 09:40:00,227.75,227.85,227.04,227.08,64970
2026-07-30 09:45:00,227.08,227.35,227.0,227.32,175457
2026-07-30 09:50:00,227.32,227.48,227.17,227.19,73930
2026-07-30 09:55:00,227.19,227.53,227.08,227.44,49149
2026-07-30 10:00:00,227.44,227.56,227.23,227.54,51280
2026-07-30 10:05:00,227.54,227.66,227.46,227.62,81937
2026-07-30 10:10:00,227.62,227.65,227.17,227.25,76336
2026-07-30 10:15:00,227.25,227.65,227.24,227.59,69949
2026-07-30 10:20:00,227.59,227.85,227.33,227.4,103049
2026-07-30 10:25:00,227.4,227.57,227.28,227.44,91616
2026-07-30 10:30:00,227.44,227.85,227.38,227.83,175660
2026-07-30 10:35:00,227.83,228.35,227.75,228.3,84568
2026-07-30 10:40:00,228.3,228.68,228.29,228.67,79153
2026-07-30 10:45:00,228.67,228.72,228.13,228.18,53212
2026-07-30 10:50:00,228.18,228.36,227.96,228.34,90733
2026-07-30 10:55:00,228.34,228.4,228.17,228.19,72297
2026-07-30 11:00:00,228.19,228.28,227.8,227.89,44212
2026-07-30 11:05:00,227.89,228.35,227.84,228.27,57199
2026-07-30 11:10:00,228.27,228.31,227.79,227.83,74867
2026-07-30 11:15:00,227.83,227.86,227.41,227.46,73033
2026-07-30 11:20:00,227.46,227.77,227.43,227.67,45758
2026-07-30 11:25:00,227.67,227.88,227.62,227.87,65650
2026-07-30 11:30:00,227.87,228.16,227.86,228.05,99778
2026-07-30 11:35:00,228.05,228.44,228.04,228.39,75108
2026-07-30 11:40:00,228.39,228.56,228.29,228.44,68133
2026-07-30 11:45:00,228.44,228.53,228.32,228.38,62655
2026-07-30 11:50:00,228.38,228.49,228.16,228.29,166257
2026-07-30 11:55:00,228.29,228.66,228.24,228.6,55915
2026-07-30 12:00:00,228.6,228.89,228.53,228.87,89663
2026-07-30 12:05:00,228.87,229.16,228.85,229.08,43177
2026-07-30 12:10:00,229.08,229.23,229.0,229.17,60649
2026-07-30 12:15:00,229.17,229.6,229.13,229.58,78585
2026-07-30 12:20:00,229.58,229.6,229.2,229.23,89784
2026-07-30 12:25:00,229.23,229.41,229.21,229.4,60143
2026-07-30 12:30:00,229.4,229.43,229.15,229.32,52345
2026-07-30 12:35:00,229.32,229.32,228.92,229.12,38841
2026-07-30 12:40:00,229.12,229.17,228.97,229.11,62184
2026-07-30 12:45:00,229.11,229.16,228.74,228.83,71628
2026-07-30 12:50:00,228.83,228.93,228.5,228.78,102566
2026-07-30 12:55:00,228.78,228.84,228.06,228.15,39079
2026-07-30 13:00:00,228.15,228.27,228.12,228.15,51445
2026-07-30 13:05:00,228.15,228.19,227.93,228.01,56721
2026-07-30 13:10:00,228.01,228.08,227.55,227.57,97397
2026-07-30 13:15:00,227.57,227.63,227.41,227.43,107689
2026-07-30 13:20:00,227.43,227.96,227.42,227.93,48028
2026-07-30 13:25:00,227.93,228.16,227.8,227.98,160754
2026-07-30 13:30:00,227.98,228.04,227.74,227.98,49223
2026-07-30 13:35:00,227.98,228.02,227.86,227.88,113701
2026-07-30 13:40:00,227.88,228.28,227.82,228.07,46897
2026-07-30 13:45:00,228.07,228.14,227.72,227.73,55815
2026-07-30 13:50:00,227.73,227.77,227.27,227.38,56297
2026-07-30 13:55:00,227.38,227.99,227.37,227.99,129452
2026-07-30 14:00:00,227.99,228.47,227.98,228.43,61786
2026-07-30 14:05:00,228.43,228.55,228.27,228.44,92590
2026-07-30 14:10:00,228.44,228.65,228.38,228.62,107572
2026-07-30 14:15:00,228.62,229.08,228.54,228.81,55292
2026-07-30 14:20:00,228.81,228.85,228.45,228.72,52040
2026-07-30 14:25:00,228.72,228.74,228.49,228.67,107159
2026-07-30 14:30:00,228.67,228.75,228.2,228.2,70248
2026-07-30 14:35:00,228.2,228.38,228.0,228.33,55434
2026-07-30 14:40:00,228.33,228.57,228.31,228.56,53495
2026-07-30 14:45:00,228.56,228.61,228.22,228.29,49105
2026-07-30 14:50:00,228.29,228.62,228.26,228.6,39238
2026-07-30 14:55:00,228.6,228.69,228.55,228.58,137318
2026-07-30 15:00:00,228.58,228.63,228.26,228.41,75440
2026-07-30 15:05:00,228.41,228.5,228.21,228.3,191898
2026-07-30 15:10:00,228.3,228.36,228.18,228.33,115177
2026-07-30 15:15:00,228.33,228.42,227.57,227.68,101435
2026-07-30 15:20:00,227.68,228.14,227.52,227.73,165710
2026-07-30 15:25:00,227.73,227.77,226.83,226.99,104241
2026-07-31 09:15:00,228.1,229.04,228.03,228.98,246025
2026-07-31 09:20:00,228.98,229.3,228.59,228.61,358631
2026-07-31 09:25:00,228.61,229.15,228.6,228.83,99713
2026-07-31 09:30:00,228.83,230.07,228.72,230.04,159290
2026-07-31 09:35:00,230.04,230.79,230.0,230.78,115347
2026-07-31 09:40:00,230.78,231.17,230.64,231.05,176662
2026-07-31 09:45:00,231.05,231.26,231.01,231.21,72452
2026-07-31 09:50:00,231.21,231.28,230.9,231.24,170397
2026-07-31 09:55:00,231.24,231.28,230.81,231.14,75499
2026-07-31 10:00:00,231.14,231.36,231.08,231.17,103531
2026-07-31 10:05:00,231.17,231.24,230.98,231.21,71333
2026-07-31 10:10:00,231.21,231.21,230.53,230.57,204680
2026-07-31 10:15:00,230.57,230.71,230.41,230.41,56798
2026-07-31 10:20:00,230.41,230.42,230.01,230.04,84227
2026-07-31 10:25:00,230.04,230.29,230.01,230.23,80891
2026-07-31 10:30:00,230.23,230.4,230.09,230.13,72381
2026-07-31 10:35:00,230.13,230.19,229.8,229.82,51523
2026-07-31 10:40:00,229.82,230.28,229.78,230.02,71069
2026-07-31 10:45:00,230.02,230.35,229.99,230.31,93721
2026-07-31 10:50:00,230.31,230.33,230.16,230.18,56978
2026-07-31 10:55:00,230.18,230.26,229.95,230.0,51785
2026-07-31 11:00:00,230.0,230.05,229.37,229.38,54662
2026-07-31 11:05:00,229.38,229.41,229.09,229.39,58235
2026-07-31 11:10:00,229.39,229.47,229.17,229.25,52195
2026-07-31 11:15:00,229.25,229.63,229.16,229.4,73683
2026-07-31 11:20:00,229.4,229.75,229.35,229.71,69266
2026-07-31 11:25:00,229.71,230.01,229.62,229.96,85378
2026-07-31 11:30:00,229.96,230.29,229.75,230.22,97530
2026-07-31 11:35:00,230.22,230.25,229.93,229.97,86159
2026-07-31 11:40:00,229.97,229.99,229.75,229.77,91941
2026-07-31 11:45:00,229.77,229.86,229.65,229.79,45979
2026-07-31 11:50:00,229.79,229.94,229.77,229.93,117526
2026-07-31 11:55:00,229.93,230.32,229.83,230.31,62292
2026-07-31 12:00:00,230.31,230.48,230.28,230.35,57723
2026-07-31 12:05:00,230.35,230.36,230.16,230.23,58353
2026-07-31 12:10:00,230.23,230.26,230.04,230.24,49128
2026-07-31 12:15:00,230.24,230.48,230.1,230.28,62530
2026-07-31 12:20:00,230.28,230.46,230.24,230.39,40444
2026-07-31 12:25:00,230.39,230.8,230.22,230.59,112907
2026-07-31 12:30:00,230.59,230.81,230.48,230.65,39361
2026-07-31 12:35:00,230.65,230.69,230.05,230.08,91716
2026-07-31 12:40:00,230.08,230.16,229.67,229.68,38799
2026-07-31 12:45:00,229.68,229.83,229.48,229.82,43655
2026-07-31 12:50:00,229.82,229.85,229.45,229.67,42207
2026-07-31 12:55:00,229.67,229.89,229.63,229.77,63650
2026-07-31 13:00:00,229.77,229.77,229.31,229.45,67012
2026-07-31 13:05:00,229.45,229.47,229.18,229.43,36184
2026-07-31 13:10:00,229.43,229.54,229.14,229.17,89026
2026-07-31 13:15:00,229.17,229.39,229.06,229.33,193578
2026-07-31 13:20:00,229.33,229.86,229.3,229.82,78194
2026-07-31 13:25:00,229.82,230.37,229.68,230.29,90131
2026-07-31 13:30:00,230.29,230.5,230.03,230.1,73103
2026-07-31 13:35:00,230.1,230.16,229.65,229.73,81930
2026-07-31 13:40:00,229.73,229.93,229.68,229.74,65774
2026-07-31 13:45:00,229.74,229.8,229.38,229.47,83394
2026-07-31 13:50:00,229.47,229.91,229.37,229.89,53167
2026-07-31 13:55:00,229.89,230.05,229.76,229.88,50302
2026-07-31 14:00:00,229.88,229.89,229.66,229.79,66924
2026-07-31 14:05:00,229.79,229.8,229.52,229.69,83092
2026-07-31 14:10:00,229.69,229.73,229.18,229.24,62820
2026-07-31 14:15:00,229.24,229.3,228.91,229.23,96053
2026-07-31 14:20:00,229.23,229.52,229.14,229.5,126969
2026-07-31 14:25:00,229.5,229.54,229.39,229.48,118374
2026-07-31 14:30:00,229.48,229.62,229.43,229.62,88726
2026-07-31 14:35:00,229.62,229.78,229.35,229.41,92687
2026-07-31 14:40:00,229.41,230.0,229.35,229.99,94946
2026-07-31 14:45:00,229.99,230.0,229.64,229.87,95523
2026-07-31 14:50:00,229.87,229.96,229.25,229.25,121001
2026-07-31 14:55:00,229.25,229.33,228.55,228.65,115581
2026-07-31 15:00:00,228.65,228.76,228.31,228.35,156740
2026-07-31 15:05:00,228.35,228.89,228.25,228.81,55321
2026-07-31 15:10:00,228.81,228.89,228.61,228.69,104446
2026-07-31 15:15:00,228.69,228.95,228.37,228.53,112396
2026-07-31 15:20:00,228.53,228.86,228.42,228.65,122512
2026-07-31 15:25:00,228.65,228.91,228.59,228.88,164155
2026-08-03 09:15:00,228.33,228.53,228.12,228.19,268837
2026-08-03 09:20:00,228.19,228.54,227.7,227.82,286502
2026-08-03 09:25:00,227.82,227.95,227.17,227.41,125312
2026-08-03 09:30:00,227.41,227.45,226.61,227.04,214070
2026-08-03 09:35:00,227.04,227.28,226.94,227.1,176932
2026-08-03 09:40:00,227.1,227.29,226.86,227.25,130664
2026-08-03 09:45:00,227.25,228.33,227.2,228.2,86816
2026-08-03 09:50:00,228.2,228.25,227.71,227.95,159083
2026-08-03 09:55:00,227.95,228.05,227.78,227.86,110745
2026-08-03 10:00:00,227.86,227.98,227.38,227.47,78318
2026-08-03 10:05:00,227.47,227.71,227.42,227.55,85797
2026-08-03 10:10:00,227.55,227.75,227.26,227.32,86289
2026-08-03 10:15:00,227.32,227.48,227.17,227.2,33552
2026-08-03 10:20:00,227.2,227.33,227.07,227.16,109254
2026-08-03 10:25:00,227.16,227.36,227.08,227.22,97317
2026-08-03 10:30:00,227.22,227.23,226.84,226.89,79817
2026-08-03 10:35:00,226.89,227.74,226.88,227.62,123542
2026-08-03 10:40:00,227.62,228.21,227.6,228.15,56623
2026-08-03 10:45:00,228.15,228.36,227.97,227.99,100646
2026-08-03 10:50:00,227.99,228.02,227.39,227.47,158341
2026-08-03 10:55:00,227.47,227.48,227.12,227.16,169189
2026-08-03 11:00:00,227.16,227.19,226.79,226.84,53252
2026-08-03 11:05:00,226.84,226.86,226.58,226.78,57901
2026-08-03 11:10:00,226.78,227.08,226.72,227.0,66691
2026-08-03 11:15:00,227.0,227.25,226.96,227.12,67779
2026-08-03 11:20:00,227.12,227.25,226.97,227.23,67735
2026-08-03 11:25:00,227.23,227.48,227.14,227.46,72619
2026-08-03 11:30:00,227.46,227.95,227.35,227.91,56729
2026-08-03 11:35:00,227.91,228.37,227.85,228.28,66168
2026-08-03 11:40:00,228.28,228.44,228.25,228.4,111647
2026-08-03 11:45:00,228.4,228.67,228.2,228.21,128625
2026-08-03 11:50:00,228.21,228.34,227.97,228.08,54261
2026-08-03 11:55:00,228.08,228.08,227.71,227.76,62282
2026-08-03 12:00:00,227.76,227.84,227.55,227.61,118005
2026-08-03 12:05:00,227.61,227.74,227.51,227.6,54712
2026-08-03 12:10:00,227.6,227.94,227.58,227.86,88343
2026-08-03 12:15:00,227.86,228.06,227.84,227.89,47404
2026-08-03 12:20:00,227.89,227.9,227.64,227.76,41098
2026-08-03 12:25:00,227.76,227.95,227.75,227.85,36605
2026-08-03 12:30:00,227.85,227.94,227.69,227.9,75078
2026-08-03 12:35:00,227.9,227.93,227.75,227.89,52756
2026-08-03 12:40:00,227.89,227.93,227.67,227.84,55404
2026-08-03 12:45:00,227.84,227.94,227.66,227.92,58704
2026-08-03 12:50:00,227.92,228.38,227.84,228.3,89763
2026-08-03 12:55:00,228.3,228.71,228.26,228.7,178732
2026-08-03 13:00:00,228.7,228.77,228.42,228.69,108173
2026-08-03 13:05:00,228.69,228.82,228.4,228.48,126625
2026-08-03 13:10:00,228.48,228.52,228.2,228.29,68019
2026-08-03 13:15:00,228.29,228.38,228.02,228.04,71911
2026-08-03 13:20:00,228.04,228.12,227.82,227.89,127989
2026-08-03 13:25:00,227.89,228.07,227.74,227.87,65967
2026-08-03 13:30:00,227.87,228.2,227.83,227.93,41868
2026-08-03 13:35:00,227.93,228.08,227.75,227.96,87011
2026-08-03 13:40:00,227.96,228.12,227.88,227.95,67024
2026-08-03 13:45:00,227.95,227.97,227.66,227.74,122979
2026-08-03 13:50:00,227.74,227.93,227.65,227.73,64257
2026-08-03 13:55:00,227.73,227.94,227.54,227.59,37939
2026-08-03 14:00:00,227.59,227.63,227.36,227.39,66361
2026-08-03 14:05:00,227.39,227.54,227.34,227.38,115534
2026-08-03 14:10:00,227.38,227.53,227.32,227.46,100723
2026-08-03 14:15:00,227.46,227.76,227.36,227.71,48244
2026-08-03 14:20:00,227.71,227.94,227.7,227.75,115816
2026-08-03 14:25:00,227.75,227.99,227.72,227.95,101477
2026-08-03 14:30:00,227.95,227.97,227.65,227.93,123271
2026-08-03 14:35:00,227.93,228.18,227.87,227.99,133689
2026-08-03 14:40:00,227.99,228.17,227.73,227.75,44740
2026-08-03 14:45:00,227.75,228.17,227.69,227.93,45107
2026-08-03 14:50:00,227.93,227.94,227.45,227.48,106347
2026-08-03 14:55:00,227.48,227.75,227.34,227.43,106945
2026-08-03 15:00:00,227.43,227.81,227.29,227.35,59044
2026-08-03 15:05:00,227.35,227.46,226.84,227.38,118236
2026-08-03 15:10:00,227.38,227.62,227.12,227.61,93567
2026-08-03 15:15:00,227.61,227.71,226.76,227.0,115362
2026-08-03 15:20:00,227.0,227.5,226.64,227.44,170256
2026-08-03 15:25:00,227.44,228.05,227.36,227.58,214049
2026-08-04 09:15:00,227.44,227.99,226.78,226.85,213702
2026-08-04 09:20:00,226.85,226.93,225.89,226.85,165721
2026-08-04 09:25:00,226.85,226.92,226.46,226.6,271532
2026-08-04 09:30:00,226.6,226.77,226.13,226.3,143366
2026-08-04 09:35:00,226.3,226.93,226.29,226.73,104414
2026-08-04 09:40:00,226.73,227.34,226.66,227.14,154206
2026-08-04 09:45:00,227.14,227.4,227.06,227.25,138947
2026-08-04 09:50:00,227.25,227.31,226.78,226.79,141813
2026-08-04 09:55:00,226.79,226.83,226.49,226.72,62133
2026-08-04 10:00:00,226.72,226.92,226.54,226.65,66534
2026-08-04 10:05:00,226.65,226.79,226.39,226.64,67392
2026-08-04 10:10:00,226.64,226.71,226.48,226.52,81040
2026-08-04 10:15:00,226.52,226.68,226.37,226.4,170291
2026-08-04 10:20:00,226.4,226.54,226.06,226.07,59001
2026-08-04 10:25:00,226.07,226.27,225.98,226.08,81155
2026-08-04 10:30:00,226.08,226.35,226.07,226.22,108139
2026-08-04 10:35:00,226.22,226.37,225.91,226.03,161593
2026-08-04 10:40:00,226.03,226.42,225.99,226.21,155729
2026-08-04 10:45:00,226.21,226.42,226.19,226.33,109660
2026-08-04 10:50:00,226.33,226.54,226.17,226.51,62500
2026-08-04 10:55:00,226.51,226.74,226.5,226.63,50150
2026-08-04 11:00:00,226.63,226.72,226.52,226.66,72899
2026-08-04 11:05:00,226.66,226.73,226.42,226.58,72268
2026-08-04 11:10:00,226.58,226.94,226.51,226.84,93259
2026-08-04 11:15:00,226.84,227.25,226.69,227.18,56036
2026-08-04 11:20:00,227.18,227.27,226.81,226.88,94058
2026-08-04 11:25:00,226.88,226.9,226.45,226.85,154325
2026-08-04 11:30:00,226.85,226.88,226.39,226.4,56038
2026-08-04 11:35:00,226.4,226.68,226.36,226.63,88942
2026-08-04 11:40:00,226.63,226.97,226.63,226.84,66139
2026-08-04 11:45:00,226.84,227.27,226.8,227.21,66066
2026-08-04 11:50:00,227.21,227.21,227.03,227.07,87395
2026-08-04 11:55:00,227.07,227.13,226.99,227.1,79049
2026-08-04 12:00:00,227.1,227.44,226.96,227.4,98225
2026-08-04 12:05:00,227.4,227.47,227.33,227.34,62681
2026-08-04 12:10:00,227.34,227.49,227.32,227.42,42174
2026-08-04 12:15:00,227.42,227.43,227.0,227.3,67570
2026-08-04 12:20:00,227.3,227.33,226.97,226.99,81774
2026-08-04 12:25:00,226.99,227.12,226.58,226.65,72198
2026-08-04 12:30:00,226.65,227.06,226.56,226.93,79301
2026-08-04 12:35:00,226.93,227.08,226.72,227.06,67637
2026-08-04 12:40:00,227.06,227.47,227.05,227.23,99559
2026-08-04 12:45:00,227.23,227.35,227.03,227.26,38753
2026-08-04 12:50:00,227.26,227.54,227.25,227.39,67896
2026-08-04 12:55:00,227.39,227.43,227.19,227.22,47140
2026-08-04 13:00:00,227.22,227.38,227.16,227.22,74294
2026-08-04 13:05:00,227.22,227.46,227.03,227.38,67305
2026-08-04 13:10:00,227.38,227.38,226.78,226.84,51518
2026-08-04 13:15:00,226.84,227.23,226.82,227.19,52325
2026-08-04 13:20:00,227.19,227.21,227.0,227.05,54523
2026-08-04 13:25:00,227.05,227.15,226.83,226.89,104106
2026-08-04 13:30:00,226.89,227.17,226.87,227.06,105792
2026-08-04 13:35:00,227.06,227.23,226.78,226.81,75482
2026-08-04 13:40:00,226.81,226.86,226.64,226.66,79181
2026-08-04 13:45:00,226.66,226.82,226.62,226.74,102994
2026-08-04 13:50:00,226.74,226.87,226.55,226.72,67927
2026-08-04 13:55:00,226.72,226.73,226.38,226.41,80384
2026-08-04 14:00:00,226.41,226.54,225.78,225.86,94556
2026-08-04 14:05:00,225.86,226.2,225.84,226.14,80390
2026-08-04 14:10:00,226.14,226.2,225.99,226.04,41872
2026-08-04 14:15:00,226.04,226.25,225.98,226.11,63742
2026-08-04 14:20:00,226.11,226.42,225.78,226.32,44628
2026-08-04 14:25:00,226.32,226.49,226.23,226.41,119655
2026-08-04 14:30:00,226.41,226.44,226.0,226.26,80521
2026-08-04 14:35:00,226.26,226.75,226.2,226.72,68206
2026-08-04 14:40:00,226.72,226.82,226.52,226.81,119903
2026-08-04 14:45:00,226.81,226.82,226.63,226.79,48325
2026-08-04 14:50:00,226.79,226.87,226.46,226.61,114107
2026-08-04 14:55:00,226.61,226.84,226.49,226.82,74725
2026-08-04 15:00:00,226.82,227.06,226.64,227.04,130127
2026-08-04 15:05:00,227.04,227.47,226.81,226.88,89139
2026-08-04 15:10:00,226.88,226.95,226.62,226.68,75075
2026-08-04 15:15:00,226.68,227.25,226.53,227.17,130376
2026-08-04 15:20:00,227.17,227.4,226.78,226.87,69870
2026-08-04 15:25:00,226.87,227.12,226.56,226.79,170767
2026-08-05 09:15:00,227.24,227.39,226.01,226.11,224680
2026-08-05 09:20:00,226.11,226.68,226.02,226.24,144228
2026-08-05 09:25:00,226.24,227.12,226.2,226.9,136865
2026-08-05 09:30:00,226.9,227.09,226.67,226.83,94391
2026-08-05 09:35:00,226.83,227.26,226.73,226.94,124632
2026-08-05 09:40:00,226.94,227.45,226.87,227.24,113534
2026-08-05 09:45:00,227.24,227.48,227.16,227.35,51177
2026-08-05 09:50:00,227.35,227.42,226.73,226.93,126864
2026-08-05 09:55:00,226.93,227.06,226.74,227.01,62755
2026-08-05 10:00:00,227.01,227.35,226.84,227.3,79835
2026-08-05 10:05:00,227.3,227.36,227.06,227.11,68734
2026-08-05 10:10:00,227.11,227.29,226.77,226.82,106230
2026-08-05 10:15:00,226.82,227.33,226.77,227.12,76997
2026-08-05 10:20:00,227.12,227.15,226.8,227.13,64234
2026-08-05 10:25:00,227.13,227.31,226.99,227.28,48092
2026-08-05 10:30:00,227.28,227.5,227.17,227.42,57426
2026-08-05 10:35:00,227.42,227.77,227.32,227.52,122144
2026-08-05 10:40:00,227.52,227.53,227.29,227.36,93686
2026-08-05 10:45:00,227.36,227.48,226.78,227.13,61668
2026-08-05 10:50:00,227.13,227.16,226.78,226.85,111887
2026-08-05 10:55:00,226.85,226.87,226.59,226.63,77045
2026-08-05 11:00:00,226.63,226.65,226.34,226.36,44439
2026-08-05 11:05:00,226.36,226.42,226.13,226.15,69208
2026-08-05 11:10:00,226.15,226.33,226.04,226.19,63400
2026-08-05 11:15:00,226.19,226.23,225.89,226.06,50344
2026-08-05 11:20:00,226.06,226.2,225.66,225.72,74317
2026-08-05 11:25:00,225.72,226.21,225.65,225.85,81492
2026-08-05 11:30:00,225.85,226.08,225.53,225.97,90530
2026-08-05 11:35:00,225.97,226.13,225.68,225.91,73287
2026-08-05 11:40:00,225.91,226.13,225.9,226.1,44176
2026-08-05 11:45:00,226.1,226.44,226.09,226.4,33950
2026-08-05 11:50:00,226.4,226.59,226.18,226.3,103504
2026-08-05 11:55:00,226.3,226.48,225.82,225.85,29851
2026-08-05 12:00:00,225.85,226.11,225.76,225.88,84654
2026-08-05 12:05:00,225.88,226.04,225.83,225.97,129393
2026-08-05 12:10:00,225.97,226.04,225.65,225.93,54458
2026-08-05 12:15:00,225.93,225.94,225.55,225.56,92666
2026-08-05 12:20:00,225.56,225.61,225.28,225.43,99917
2026-08-05 12:25:00,225.43,225.61,225.28,225.53,96087
2026-08-05 12:30:00,225.53,225.57,225.21,225.24,110800
2026-08-05 12:35:00,225.24,225.25,224.76,224.81,88834
2026-08-05 12:40:00,224.81,224.9,224.39,224.42,68761
2026-08-05 12:45:00,224.42,224.45,224.1,224.42,52255
2026-08-05 12:50:00,224.42,224.92,224.34,224.82,83912
2026-08-05 12:55:00,224.82,224.9,224.48,224.58,90556
2026-08-05 13:00:00,224.58,224.67,224.22,224.49,132024
2026-08-05 13:05:00,224.49,224.53,224.31,224.4,120174
2026-08-05 13:10:00,224.4,224.46,224.07,224.37,63295
2026-08-05 13:15:00,224.37,224.62,224.29,224.5,88139
2026-08-05 13:20:00,224.5,224.53,224.3,224.39,54496
2026-08-05 13:25:00,224.39,224.42,223.91,223.93,62903
2026-08-05 13:30:00,223.93,224.0,223.66,223.77,54927
2026-08-05 13:35:00,223.77,224.23,223.76,224.19,98609
2026-08-05 13:40:00,224.19,224.24,224.01,224.12,123596
2026-08-05 13:45:00,224.12,224.28,223.98,224.17,61489
2026-08-05 13:50:00,224.17,224.32,223.94,224.19,53162
2026-08-05 13:55:00,224.19,224.29,223.95,224.06,138840
2026-08-05 14:00:00,224.06,224.14,223.44,223.59,65350
2026-08-05 14:05:00,223.59,223.6,223.31,223.55,69910
2026-08-05 14:10:00,223.55,223.7,223.29,223.63,118250
2026-08-05 14:15:00,223.63,223.85,223.63,223.74,60494
2026-08-05 14:20:00,223.74,223.79,223.42,223.63,81741
2026-08-05 14:25:00,223.63,223.83,223.6,223.68,185356
2026-08-05 14:30:00,223.68,223.74,223.33,223.34,96570
2026-08-05 14:35:00,223.34,223.36,222.8,222.85,148231
2026-08-05 14:40:00,222.85,223.08,222.84,222.91,74841
2026-08-05 14:45:00,222.91,223.2,222.88,223.14,143265
2026-08-05 14:50:00,223.14,223.68,223.11,223.66,134897
2026-08-05 14:55:00,223.66,224.09,223.64,224.04,76274
2026-08-05 15:00:00,224.04,224.16,224.0,224.07,95084
2026-08-05 15:05:00,224.07,224.3,223.98,224.26,166633
2026-08-05 15:10:00,224.26,224.32,223.64,223.93,157786
2026-08-05 15:15:00,223.93,224.23,223.66,223.96,125270
2026-08-05 15:20:00,223.96,224.24,223.19,223.31,145116
2026-08-05 15:25:00,223.31,223.47,223.13,223.22,240310
2026-08-06 09:15:00,224.52,225.0,224.32,224.76,261638
2026-08-06 09:20:00,224.76,224.87,223.95,224.48,103052
2026-08-06 09:25:00,224.48,224.83,224.2,224.48,99360
2026-08-06 09:30:00,224.48,224.57,224.22,224.23,110555
2026-08-06 09:35:00,224.23,224.34,224.01,224.1,166181
2026-08-06 09:40:00,224.1,224.26,223.64,223.76,55885
2026-08-06 09:45:00,223.76,224.09,223.71,224.06,121871
2026-08-06 09:50:00,224.06,224.19,223.8,223.9,111675
2026-08-06 09:55:00,223.9,224.06,223.78,224.0,82368
2026-08-06 10:00:00,224.0,224.17,223.91,224.15,93379
2026-08-06 10:05:00,224.15,224.23,223.85,224.01,75040
2026-08-06 10:10:00,224.01,224.12,223.84,223.88,102882
2026-08-06 10:15:00,223.88,223.93,223.77,223.77,106967
2026-08-06 10:20:00,223.77,223.84,223.61,223.72,94561
2026-08-06 10:25:00,223.72,223.82,223.48,223.63,98569
2026-08-06 10:30:00,223.63,223.68,223.48,223.54,104676
2026-08-06 10:35:00,223.54,224.07,223.52,223.99,87971
2026-08-06 10:40:00,223.99,224.09,223.95,224.07,96940
2026-08-06 10:45:00,224.07,224.14,223.8,224.12,78673
2026-08-06 10:50:00,224.12,224.2,223.75,223.89,82599
2026-08-06 10:55:00,223.89,224.39,223.87,224.37,73556
2026-08-06 11:00:00,224.37,224.65,224.3,224.63,149895
2026-08-06 11:05:00,224.63,224.85,224.57,224.79,46109
2026-08-06 11:10:00,224.79,224.9,224.51,224.66,107543
2026-08-06 11:15:00,224.66,224.92,224.61,224.61,117093
2026-08-06 11:20:00,224.61,224.64,224.33,224.47,39332
2026-08-06 11:25:00,224.47,224.57,224.19,224.5,63992
2026-08-06 11:30:00,224.5,224.77,224.44,224.66,77677
2026-08-06 11:35:00,224.66,225.04,224.62,224.99,68066
2026-08-06 11:40:00,224.99,225.22,224.95,225.04,58751
2026-08-06 11:45:00,225.04,225.34,225.03,225.16,74640
2026-08-06 11:50:00,225.16,225.36,225.15,225.24,99087
2026-08-06 11:55:00,225.24,225.39,225.09,225.15,59536
2026-08-06 12:00:00,225.15,225.58,225.1,225.48,38383
2026-08-06 12:05:00,225.48,225.51,225.29,225.32,78080
2026-08-06 12:10:00,225.32,225.58,225.25,225.36,132569
2026-08-06 12:15:00,225.36,225.36,225.21,225.22,70027
2026-08-06 12:20:00,225.22,225.23,224.89,225.0,94343
2026-08-06 12:25:00,225.0,225.5,225.0,225.29,101400
2026-08-06 12:30:00,225.29,225.49,225.26,225.39,108180
2026-08-06 12:35:00,225.39,225.41,225.28,225.36,88561
2026-08-06 12:40:00,225.36,225.46,225.09,225.12,63891
2026-08-06 12:45:00,225.12,225.18,224.92,224.95,82343
2026-08-06 12:50:00,224.95,225.23,224.85,225.2,64895
2026-08-06 12:55:00,225.2,225.33,225.02,225.11,60275
2026-08-06 13:00:00,225.11,225.28,224.89,224.91,71159
2026-08-06 13:05:00,224.91,224.95,224.36,224.4,50737
2026-08-06 13:10:00,224.4,224.4,224.11,224.17,41894
2026-08-06 13:15:00,224.17,224.3,224.04,224.13,115643
2026-08-06 13:20:00,224.13,224.4,224.01,224.26,53316
2026-08-06 13:25:00,224.26,224.57,224.26,224.46,87470
2026-08-06 13:30:00,224.46,224.57,224.05,224.35,64623
2026-08-06 13:35:00,224.35,224.36,224.02,224.07,82903
2026-08-06 13:40:00,224.07,224.15,223.77,224.04,150155
2026-08-06 13:45:00,224.04,224.16,223.81,224.01,70375
2026-08-06 13:50:00,224.01,224.3,223.98,224.23,47035
2026-08-06 13:55:00,224.23,224.26,224.07,224.1,48947
2026-08-06 14:00:00,224.1,224.28,224.02,224.09,113785
2026-08-06 14:05:00,224.09,224.23,223.95,223.98,28865
2026-08-06 14:10:00,223.98,224.18,223.89,223.95,81229
2026-08-06 14:15:00,223.95,224.06,223.75,223.9,93529
2026-08-06 14:20:00,223.9,224.07,223.47,223.47,133932
2026-08-06 14:25:00,223.47,224.26,223.43,224.15,153645
2026-08-06 14:30:00,224.15,224.2,223.87,224.16,85555
2026-08-06 14:35:00,224.16,224.33,223.96,224.18,42091
2026-08-06 14:40:00,224.18,224.27,223.94,223.98,113012
2026-08-06 14:45:00,223.98,224.05,223.88,223.89,93428
2026-08-06 14:50:00,223.89,223.92,223.48,223.63,147930
2026-08-06 14:55:00,223.63,223.99,223.59,223.88,75187
2026-08-06 15:00:00,223.88,224.31,223.85,224.23,165990
2026-08-06 15:05:00,224.23,224.53,224.16,224.39,124278
2026-08-06 15:10:00,224.39,224.54,223.71,223.83,120950
2026-08-06 15:15:00,223.83,223.85,223.1,223.13,78404
2026-08-06 15:20:00,223.13,223.24,222.46,222.56,83055
2026-08-06 15:25:00,222.56,222.67,221.27,221.45,118962
2026-08-07 09:15:00,221.05,221.19,220.55,220.75,318849
2026-08-07 09:20:00,220.75,221.2,220.52,221.07,186210
2026-08-07 09:25:00,221.07,221.24,220.95,221.18,189825
2026-08-07 09:30:00,221.18,221.23,221.07,221.17,155056
2026-08-07 09:35:00,221.17,221.24,220.62,220.73,173722
2026-08-07 09:40:00,220.73,220.77,220.24,220.41,113177
2026-08-07 09:45:00,220.41,220.45,220.03,220.25,81916
2026-08-07 09:50:00,220.25,220.72,220.22,220.6,138751
2026-08-07 09:55:00,220.6,220.69,220.46,220.66,86605
2026-08-07 10:00:00,220.66,220.67,220.01,220.03,187637
2026-08-07 10:05:00,220.03,220.28,219.98,220.06,117468
2026-08-07 10:10:00,220.06,220.21,219.96,220.06,85694
2026-08-07 10:15:00,220.06,220.36,220.03,220.3,121794
2026-08-07 10:20:00,220.3,220.57,220.24,220.56,51778
2026-08-07 10:25:00,220.56,220.64,220.15,220.19,74348
2026-08-07 10:30:00,220.19,220.29,219.75,219.84,46276
2026-08-07 10:35:00,219.84,220.04,219.81,219.85,77719
2026-08-07 10:40:00,219.85,219.93,219.65,219.9,90035
2026-08-07 10:45:00,219.9,220.08,219.88,220.02,150759
2026-08-07 10:50:00,220.02,220.03,219.79,219.93,59198
2026-08-07 10:55:00,219.93,219.98,219.65,219.94,57369
2026-08-07 11:00:00,219.94,220.07,219.88,220.0,97891
2026-08-07 11:05:00,220.0,220.06,219.39,219.71,130765
2026-08-07 11:10:00,219.71,219.73,219.53,219.61,61811
2026-08-07 11:15:00,219.61,219.64,219.4,219.42,108243
2026-08-07 11:20:00,219.42,219.49,219.29,219.49,69520
2026-08-07 11:25:00,219.49,219.74,219.44,219.63,80953
2026-08-07 11:30:00,219.63,220.03,219.59,219.99,59598
2026-08-07 11:35:00,219.99,220.26,219.9,220.24,57924
2026-08-07 11:40:00,220.24,220.25,220.04,220.1,95613
2026-08-07 11:45:00,220.1,220.18,219.96,220.1,93269
2026-08-07 11:50:00,220.1,220.14,219.84,219.92,84608
2026-08-07 11:55:00,219.92,219.96,219.5,219.52,114993
2026-08-07 12:00:00,219.52,219.59,218.93,219.19,86000
2026-08-07 12:05:00,219.19,219.46,219.17,219.45,80369
2026-08-07 12:10:00,219.45,219.51,219.44,219.48,70256
2026-08-07 12:15:00,219.48,219.93,219.4,219.79,125661
2026-08-07 12:20:00,219.79,219.94,219.72,219.78,44566
2026-08-07 12:25:00,219.78,219.84,219.7,219.71,52225
2026-08-07 12:30:00,219.71,219.86,219.66,219.78,69602
2026-08-07 12:35:00,219.78,219.86,219.58,219.64,68550
2026-08-07 12:40:00,219.64,219.68,219.52,219.67,93134
2026-08-07 12:45:00,219.67,219.75,219.48,219.48,91981
2026-08-07 12:50:00,219.48,219.5,218.83,218.92,73439
2026-08-07 12:55:00,218.92,218.98,218.77,218.97,51517
2026-08-07 13:00:00,218.97,219.11,218.82,218.83,64491
2026-08-07 13:05:00,218.83,219.2,218.82,219.16,36075
2026-08-07 13:10:00,219.16,219.4,219.11,219.26,84987
2026-08-07 13:15:00,219.26,219.26,218.89,219.12,68360
2026-08-07 13:20:00,219.12,219.33,218.95,219.32,122640
2026-08-07 13:25:00,219.32,219.49,219.23,219.46,70831
2026-08-07 13:30:00,219.46,219.75,219.4,219.61,82654
2026-08-07 13:35:00,219.61,219.8,219.35,219.45,67161
2026-08-07 13:40:00,219.45,219.75,219.37,219.73,98184
2026-08-07 13:45:00,219.73,219.81,219.49,219.81,103754
2026-08-07 13:50:00,219.81,219.86,219.66,219.68,117163
2026-08-07 13:55:00,219.68,219.69,219.49,219.51,72285
2026-08-07 14:00:00,219.51,219.56,219.37,219.43,79850
2026-08-07 14:05:00,219.43,220.05,219.35,219.92,52841
2026-08-07 14:10:00,219.92,219.92,219.76,219.8,55634
2026-08-07 14:15:00,219.8,219.84,219.49,219.52,67181
2026-08-07 14:20:00,219.52,219.78,219.51,219.7,77750
2026-08-07 14:25:00,219.7,219.78,219.55,219.7,109901
2026-08-07 14:30:00,219.7,219.78,219.53,219.77,115050
2026-08-07 14:35:00,219.77,220.19,219.75,219.91,97641
2026-08-07 14:40:00,219.91,219.96,219.57,219.6,90591
2026-08-07 14:45:00,219.6,219.64,219.19,219.21,161921
2026-08-07 14:50:00,219.21,219.25,218.76,218.82,66741
2026-08-07 14:55:00,218.82,219.03,218.64,218.92,92380
2026-08-07 15:00:00,218.92,219.25,218.71,218.98,101681
2026-08-07 15:05:00,218.98,219.36,218.82,218.86,119982
2026-08-07 15:10:00,218.86,218.94,218.49,218.54,106259
2026-08-07 15:15:00,218.54,218.97,218.48,218.92,87271
2026-08-07 15:20:00,218.92,218.96,218.72,218.74,91153
2026-08-07 15:25:00,218.74,218.78,218.45,218.75,193186
2026-08-10 09:15:00,217.58,218.22,217.56,218.09,210253
2026-08-10 09:20:00,218.09,218.59,217.46,217.58,116877
2026-08-10 09:25:00,217.58,217.62,217.37,217.51,112175
2026-08-10 09:30:00,217.51,217.51,217.0,217.37,118891
2026-08-10 09:35:00,217.37,217.88,217.16,217.78,83635
2026-08-10 09:40:00,217.78,218.02,217.72,217.91,196232
2026-08-10 09:45:00,217.91,218.03,217.72,217.95,66168
2026-08-10 09:50:00,217.95,218.52,217.92,218.31,43663
2026-08-10 09:55:00,218.31,218.44,218.14,218.28,87942
2026-08-10 10:00:00,218.28,218.39,217.68,217.79,134473
2026-08-10 10:05:00,217.79,218.0,217.74,217.81,61326
2026-08-10 10:10:00,217.81,218.11,217.78,218.09,73890
2026-08-10 10:15:00,218.09,218.18,217.94,218.01,78663
2026-08-10 10:20:00,218.01,218.09,217.66,217.74,65247
2026-08-10 10:25:00,217.74,217.75,217.6,217.64,63555
2026-08-10 10:30:00,217.64,218.07,217.61,218.03,30528
2026-08-10 10:35:00,218.03,218.1,217.83,217.88,82112
2026-08-10 10:40:00,217.88,217.95,217.67,217.69,46099
2026-08-10 10:45:00,217.69,217.77,217.4,217.51,51874
2026-08-10 10:50:00,217.51,217.79,217.51,217.7,71454
2026-08-10 10:55:00,217.7,217.88,217.45,217.5,76483
2026-08-10 11:00:00,217.5,217.54,217.4,217.51,40571
2026-08-10 11:05:00,217.51,217.56,217.13,217.29,126883
2026-08-10 11:10:00,217.29,217.35,216.65,216.74,63169
2026-08-10 11:15:00,216.74,216.92,216.67,216.88,110552
2026-08-10 11:20:00,216.88,216.94,216.61,216.7,73247
2026-08-10 11:25:00,216.7,217.04,216.66,216.93,104505
2026-08-10 11:30:00,216.93,216.96,216.57,216.92,88251
2026-08-10 11:35:00,216.92,217.15,216.89,217.1,88531
2026-08-10 11:40:00,217.1,217.44,217.09,217.34,45296
2026-08-10 11:45:00,217.34,217.39,217.14,217.29,104921
2026-08-10 11:50:00,217.29,217.32,216.92,216.97,29681
2026-08-10 11:55:00,216.97,216.98,216.61,216.63,101795
2026-08-10 12:00:00,216.63,216.71,216.47,216.71,66553
2026-08-10 12:05:00,216.71,216.8,216.54,216.76,70092
2026-08-10 12:10:00,216.76,217.13,216.69,217.05,66176
2026-08-10 12:15:00,217.05,217.49,217.03,217.44,127201
2026-08-10 12:20:00,217.44,217.73,217.38,217.62,53455
2026-08-10 12:25:00,217.62,217.82,217.59,217.69,129535
2026-08-10 12:30:00,217.69,217.96,217.66,217.92,102744
2026-08-10 12:35:00,217.92,217.98,217.52,217.55,64128
2026-08-10 12:40:00,217.55,217.7,217.36,217.39,59997
2026-08-10 12:45:00,217.39,217.51,217.31,217.49,104852
2026-08-10 12:50:00,217.49,217.92,217.44,217.78,137003
2026-08-10 12:55:00,217.78,217.9,217.61,217.65,56150
2026-08-10 13:00:00,217.65,217.91,217.6,217.65,103239
2026-08-10 13:05:00,217.65,217.85,217.61,217.8,100864
2026-08-10 13:10:00,217.8,217.89,217.58,217.58,74472
2026-08-10 13:15:00,217.58,217.66,217.44,217.53,56057
2026-08-10 13:20:00,217.53,217.55,217.34,217.34,73307
2026-08-10 13:25:00,217.34,217.35,217.16,217.17,85192
2026-08-10 13:30:00,217.17,217.26,216.94,217.02,73365
2026-08-10 13:35:00,217.02,217.08,216.94,217.07,56001
2026-08-10 13:40:00,217.07,217.15,216.99,217.02,88539
2026-08-10 13:45:00,217.02,217.14,216.63,216.78,117994
2026-08-10 13:50:00,216.78,217.15,216.75,217.02,181435
2026-08-10 13:55:00,217.02,217.09,216.75,216.82,85109
2026-08-10 14:00:00,216.82,216.85,216.63,216.73,67267
2026-08-10 14:05:00,216.73,216.76,216.16,216.2,93696
2026-08-10 14:10:00,216.2,216.75,216.03,216.73,33228
2026-08-10 14:15:00,216.73,216.95,216.69,216.88,121005
2026-08-10 14:20:00,216.88,216.89,216.74,216.76,92268
2026-08-10 14:25:00,216.76,216.77,216.51,216.73,128546
2026-08-10 14:30:00,216.73,216.79,216.6,216.78,164284
2026-08-10 14:35:00,216.78,216.82,216.24,216.28,126069
2026-08-10 14:40:00,216.28,216.36,215.77,215.81,45049
2026-08-10 14:45:00,215.81,216.13,215.74,216.1,131941
2026-08-10 14:50:00,216.1,216.33,216.06,216.18,97887
2026-08-10 14:55:00,216.18,216.44,216.17,216.27,119447
2026-08-10 15:00:00,216.27,216.28,216.03,216.09,90178
2026-08-10 15:05:00,216.09,216.44,215.86,215.87,129293
2026-08-10 15:10:00,215.87,216.16,215.82,215.93,119054
2026-08-10 15:15:00,215.93,216.15,215.89,216.04,100842
2026-08-10 15:20:00,216.04,216.37,216.02,216.25,100058
2026-08-10 15:25:00,216.25,216.53,216.25,216.36,84679
2026-08-11 09:15:00,217.55,217.75,217.35,217.56,273926
2026-08-11 09:20:00,217.56,218.4,217.41,218.32,139839
2026-08-11 09:25:00,218.32,218.4,217.63,217.73,112452
2026-08-11 09:30:00,217.73,217.83,216.9,216.9,189264
2026-08-11 09:35:00,216.9,217.08,216.69,216.8,73143
2026-08-11 09:40:00,216.8,216.82,216.41,216.45,171921
2026-08-11 09:45:00,216.45,216.86,216.41,216.78,95641
2026-08-11 09:50:00,216.78,216.87,216.75,216.8,97989
2026-08-11 09:55:00,216.8,217.4,216.74,217.35,56595
2026-08-11 10:00:00,217.35,217.41,217.16,217.3,62444
2026-08-11 10:05:00,217.3,217.86,217.25,217.83,73617
2026-08-11 10:10:00,217.83,218.08,217.65,217.96,134765
2026-08-11 10:15:00,217.96,218.13,217.84,217.9,63011
2026-08-11 10:20:00,217.9,218.09,217.86,218.03,83680
2026-08-11 10:25:00,218.03,218.21,218.0,218.18,125485
2026-08-11 10:30:00,218.18,218.27,218.08,218.12,43182
2026-08-11 10:35:00,218.12,218.35,218.08,218.29,65199
2026-08-11 10:40:00,218.29,218.31,218.04,218.12,67435
2026-08-11 10:45:00,218.12,218.17,217.7,217.72,53763
2026-08-11 10:50:00,217.72,217.73,217.27,217.44,73456
2026-08-11 10:55:00,217.44,217.48,217.24,217.26,82006
2026-08-11 11:00:00,217.26,217.57,217.18,217.49,116653
2026-08-11 11:05:00,217.49,217.58,217.11,217.12,59394
2026-08-11 11:10:00,217.12,217.15,217.05,217.07,92362
2026-08-11 11:15:00,217.07,217.32,217.05,217.23,77741
2026-08-11 11:20:00,217.23,217.5,217.18,217.3,92561
2026-08-11 11:25:00,217.3,217.33,217.28,217.3,65874
2026-08-11 11:30:00,217.3,217.32,217.08,217.19,68326
2026-08-11 11:35:00,217.19,217.39,217.13,217.38,53009
2026-08-11 11:40:00,217.38,217.81,217.36,217.67,80076
2026-08-11 11:45:00,217.67,217.73,217.65,217.72,95797
2026-08-11 11:50:00,217.72,217.83,217.68,217.76,79090
2026-08-11 11:55:00,217.76,217.85,217.58,217.8,65953
2026-08-11 12:00:00,217.8,217.88,217.53,217.62,80488
2026-08-11 12:05:00,217.62,217.63,217.26,217.35,64960
2026-08-11 12:10:00,217.35,217.71,217.32,217.59,68475
2026-08-11 12:15:00,217.59,217.65,217.38,217.42,96911
2026-08-11 12:20:00,217.42,217.42,217.24,217.36,91959
2026-08-11 12:25:00,217.36,217.63,217.35,217.55,92558
2026-08-11 12:30:00,217.55,217.66,217.51,217.54,61486
2026-08-11 12:35:00,217.54,217.57,217.23,217.42,41919
2026-08-11 12:40:00,217.42,217.44,217.08,217.11,134388
2026-08-11 12:45:00,217.11,217.34,217.08,217.15,122271
2026-08-11 12:50:00,217.15,217.23,216.97,217.1,71454
2026-08-11 12:55:00,217.1,217.13,216.77,216.93,79037
2026-08-11 13:00:00,216.93,216.95,216.62,216.65,76533
2026-08-11 13:05:00,216.65,216.7,216.3,216.37,57794
2026-08-11 13:10:00,216.37,216.46,216.25,216.3,52134
2026-08-11 13:15:00,216.3,216.68,216.27,216.56,55680
2026-08-11 13:20:00,216.56,216.95,216.55,216.72,72135
2026-08-11 13:25:00,216.72,217.16,216.71,217.03,60221
2026-08-11 13:30:00,217.03,217.11,216.82,217.06,104227
2026-08-11 13:35:00,217.06,217.39,217.03,217.18,83266
2026-08-11 13:40:00,217.18,217.45,217.18,217.37,107099
2026-08-11 13:45:00,217.37,217.37,216.88,217.04,69478
2026-08-11 13:50:00,217.04,217.28,217.0,217.23,65126
2026-08-11 13:55:00,217.23,217.43,216.93,217.04,99065
2026-08-11 14:00:00,217.04,217.08,216.67,216.72,75529
2026-08-11 14:05:00,216.72,216.96,216.69,216.96,72136
2026-08-11 14:10:00,216.96,216.97,216.82,216.84,106498
2026-08-11 14:15:00,216.84,217.04,216.47,216.54,51990
2026-08-11 14:20:00,216.54,216.64,216.25,216.37,92550
2026-08-11 14:25:00,216.37,216.59,216.33,216.39,46784
2026-08-11 14:30:00,216.39,216.58,216.26,216.5,187863
2026-08-11 14:35:00,216.5,216.57,216.19,216.35,84835
2026-08-11 14:40:00,216.35,216.66,216.19,216.61,134183
2026-08-11 14:45:00,216.61,216.69,216.35,216.37,126304
2026-08-11 14:50:00,216.37,216.57,216.23,216.47,60984
2026-08-11 14:55:00,216.47,217.07,216.43,216.98,93215
2026-08-11 15:00:00,216.98,217.06,216.72,216.75,124209
2026-08-11 15:05:00,216.75,216.95,216.6,216.94,202564
2026-08-11 15:10:00,216.94,217.15,216.65,217.12,149407
2026-08-11 15:15:00,217.12,217.17,216.91,216.94,168789
2026-08-11 15:20:00,216.94,217.47,216.77,217.33,86832
2026-08-11 15:25:00,217.33,217.52,216.94,217.03,130505
2026-08-12 09:15:00,217.51,217.56,216.66,216.81,353055
2026-08-12 09:20:00,216.81,217.31,216.77,217.12,215562
2026-08-12 09:25:00,217.12,217.13,216.59,216.97,206798
2026-08-12 09:30:00,216.97,217.63,216.78,217.59,112234
2026-08-12 09:35:00,217.59,218.14,217.28,218.0,149181
2026-08-12 09:40:00,218.0,218.28,217.44,217.51,151522
2026-08-12 09:45:00,217.51,217.69,217.43,217.69,204878
2026-08-12 09:50:00,217.69,217.8,217.41,217.58,74446
2026-08-12 09:55:00,217.58,217.8,217.43,217.5,155610
2026-08-12 10:00:00,217.5,217.59,217.24,217.27,56102
2026-08-12 10:05:00,217.27,217.65,217.24,217.41,89390
2026-08-12 10:10:00,217.41,217.63,217.39,217.62,89255
2026-08-12 10:15:00,217.62,217.94,217.57,217.71,96535
2026-08-12 10:20:00,217.71,217.84,217.62,217.82,98028
2026-08-12 10:25:00,217.82,217.84,217.54,217.6,63021
2026-08-12 10:30:00,217.6,217.62,217.21,217.24,110635
2026-08-12 10:35:00,217.24,217.26,217.15,217.24,76081
2026-08-12 10:40:00,217.24,217.28,216.97,217.0,90816
2026-08-12 10:45:00,217.0,217.27,216.95,217.22,83099
2026-08-12 10:50:00,217.22,217.34,217.02,217.21,59203
2026-08-12 10:55:00,217.21,217.51,217.17,217.47,67513
2026-08-12 11:00:00,217.47,217.55,217.19,217.27,82462
2026-08-12 11:05:00,217.27,217.4,217.11,217.12,103762
2026-08-12 11:10:00,217.12,217.44,217.11,217.22,83513
2026-08-12 11:15:00,217.22,217.27,216.99,217.19,86328
2026-08-12 11:20:00,217.19,217.2,216.65,216.73,55568
2026-08-12 11:25:00,216.73,216.88,216.41,216.41,68429
2026-08-12 11:30:00,216.41,216.67,216.4,216.61,69759
2026-08-12 11:35:00,216.61,216.7,216.25,216.35,40862
2026-08-12 11:40:00,216.35,216.7,216.32,216.53,73623
2026-08-12 11:45:00,216.53,216.58,216.43,216.5,54440
2026-08-12 11:50:00,216.5,216.85,216.46,216.84,68520
2026-08-12 11:55:00,216.84,217.26,216.79,217.26,108558
2026-08-12 12:00:00,217.26,217.38,216.97,216.97,87209
2026-08-12 12:05:00,216.97,217.13,216.82,217.03,37500
2026-08-12 12:10:00,217.03,217.08,216.9,216.92,120921
2026-08-12 12:15:00,216.92,217.06,216.91,216.98,54834
2026-08-12 12:20:00,216.98,217.32,216.92,217.08,101840
2026-08-12 12:25:00,217.08,217.38,217.06,217.27,24270
2026-08-12 12:30:00,217.27,217.4,217.18,217.4,87526
2026-08-12 12:35:00,217.4,217.68,217.39,217.48,47673
2026-08-12 12:40:00,217.48,217.57,217.35,217.37,60883
2026-08-12 12:45:00,217.37,217.45,217.24,217.35,77113
2026-08-12 12:50:00,217.35,217.45,217.17,217.19,91010
2026-08-12 12:55:00,217.19,217.29,217.02,217.13,65796
2026-08-12 13:00:00,217.13,217.24,217.0,217.0,94764
2026-08-12 13:05:00,217.0,217.01,216.75,216.82,112981
2026-08-12 13:10:00,216.82,216.89,216.79,216.85,99027
2026-08-12 13:15:00,216.85,216.92,216.72,216.72,58690
2026-08-12 13:20:00,216.72,216.97,216.71,216.79,79390
2026-08-12 13:25:00,216.79,217.08,216.77,217.06,74261
2026-08-12 13:30:00,217.06,217.1,216.81,216.98,93242
2026-08-12 13:35:00,216.98,217.13,216.94,216.97,34610
2026-08-12 13:40:00,216.97,217.19,216.93,216.97,130617
2026-08-12 13:45:00,216.97,217.2,216.89,217.0,93266
2026-08-12 13:50:00,217.0,217.13,216.95,217.09,116601
2026-08-12 13:55:00,217.09,217.27,217.04,217.12,124846
2026-08-12 14:00:00,217.12,217.13,216.83,216.85,176802
2026-08-12 14:05:00,216.85,216.89,216.65,216.71,103501
2026-08-12 14:10:00,216.71,216.76,216.28,216.41,94462
2026-08-12 14:15:00,216.41,216.45,216.19,216.24,77879
2026-08-12 14:20:00,216.24,216.58,216.22,216.58,97301
2026-08-12 14:25:00,216.58,216.75,216.44,216.61,65198
2026-08-12 14:30:00,216.61,216.81,216.37,216.43,46474
2026-08-12 14:35:00,216.43,216.62,216.09,216.6,93011
2026-08-12 14:40:00,216.6,217.29,216.59,217.21,83559
2026-08-12 14:45:00,217.21,217.44,217.15,217.19,61639
2026-08-12 14:50:00,217.19,217.2,216.87,216.91,59450
2026-08-12 14:55:00,216.91,217.07,216.63,216.84,111407
2026-08-12 15:00:00,216.84,217.14,216.73,216.96,49344
2026-08-12 15:05:00,216.96,217.22,216.82,216.88,116359
2026-08-12 15:10:00,216.88,217.09,216.6,217.04,60800
2026-08-12 15:15:00,217.04,217.39,216.79,217.05,85825
2026-08-12 15:20:00,217.05,217.34,217.0,217.32,130664
2026-08-12 15:25:00,217.32,217.32,216.65,216.87,178601
2026-08-13 09:15:00,216.81,217.48,216.75,216.93,213806
2026-08-13 09:20:00,216.93,217.14,216.61,216.88,149644
2026-08-13 09:25:00,216.88,216.88,216.41,216.81,136199
2026-08-13 09:30:00,216.81,217.05,216.63,216.63,99020
2026-08-13 09:35:00,216.63,216.73,215.94,216.36,141071
2026-08-13 09:40:00,216.36,216.55,216.33,216.38,104827
2026-08-13 09:45:00,216.38,216.49,216.0,216.18,155753
2026-08-13 09:50:00,216.18,216.32,216.03,216.12,78373
2026-08-13 09:55:00,216.12,216.36,216.03,216.09,104786
2026-08-13 10:00:00,216.09,216.47,215.84,215.88,218937
2026-08-13 10:05:00,215.88,216.03,215.72,215.91,163320
2026-08-13 10:10:00,215.91,216.14,215.84,216.04,97431
2026-08-13 10:15:00,216.04,216.12,216.01,216.05,67379
2026-08-13 10:20:00,216.05,216.44,216.02,216.38,90434
2026-08-13 10:25:00,216.38,216.48,216.04,216.1,96365
2026-08-13 10:30:00,216.1,216.12,215.65,216.06,45642
2026-08-13 10:35:00,216.06,216.2,216.03,216.19,171926
2026-08-13 10:40:00,216.19,216.29,216.11,216.22,67049
2026-08-13 10:45:00,216.22,216.4,216.1,216.16,71852
2026-08-13 10:50:00,216.16,216.18,215.93,215.94,141952
2026-08-13 10:55:00,215.94,216.0,215.82,215.93,98641
2026-08-13 11:00:00,215.93,216.05,215.92,216.04,62703
2026-08-13 11:05:00,216.04,216.14,215.65,215.73,87201
2026-08-13 11:10:00,215.73,215.9,215.48,215.84,149010
2026-08-13 11:15:00,215.84,216.03,215.78,215.95,86258
2026-08-13 11:20:00,215.95,216.34,215.94,216.27,83903
2026-08-13 11:25:00,216.27,216.46,216.1,216.12,99675
2026-08-13 11:30:00,216.12,216.3,216.0,216.19,90076
2026-08-13 11:35:00,216.19,216.26,216.08,216.24,42384
2026-08-13 11:40:00,216.24,216.41,216.16,216.39,77306
2026-08-13 11:45:00,216.39,216.43,216.28,216.35,66051
2026-08-13 11:50:00,216.35,216.7,216.28,216.54,86757
2026-08-13 11:55:00,216.54,216.94,216.44,216.92,126323
2026-08-13 12:00:00,216.92,217.06,216.86,217.0,106194
2026-08-13 12:05:00,217.0,217.03,216.78,216.78,74094
2026-08-13 12:10:00,216.78,216.99,216.74,216.92,48249
2026-08-13 12:15:00,216.92,216.99,216.86,216.97,76490
2026-08-13 12:20:00,216.97,217.04,216.72,216.76,87171
2026-08-13 12:25:00,216.76,216.84,216.45,216.45,129196
2026-08-13 12:30:00,216.45,216.46,216.21,216.27,70312
2026-08-13 12:35:00,216.27,216.4,216.06,216.1,55683
2026-08-13 12:40:00,216.1,216.29,216.0,216.09,75365
2026-08-13 12:45:00,216.09,216.43,216.05,216.33,103671
2026-08-13 12:50:00,216.33,216.69,216.31,216.51,84311
2026-08-13 12:55:00,216.51,216.82,216.49,216.74,109924
2026-08-13 13:00:00,216.74,217.21,216.67,217.2,64390
2026-08-13 13:05:00,217.2,217.52,217.18,217.46,63266
2026-08-13 13:10:00,217.46,217.57,217.28,217.35,118059
2026-08-13 13:15:00,217.35,217.53,217.09,217.15,69804
2026-08-13 13:20:00,217.15,217.24,217.1,217.13,126029
2026-08-13 13:25:00,217.13,217.26,217.09,217.19,83229
2026-08-13 13:30:00,217.19,217.2,217.07,217.12,72773
2026-08-13 13:35:00,217.12,217.12,216.92,216.99,143188
2026-08-13 13:40:00,216.99,217.2,216.93,217.19,78456
2026-08-13 13:45:00,217.19,217.26,216.92,216.97,102807
2026-08-13 13:50:00,216.97,217.17,216.71,216.8,117864
2026-08-13 13:55:00,216.8,217.07,216.77,217.02,84275
2026-08-13 14:00:00,217.02,217.21,216.96,217.18,72352
2026-08-13 14:05:00,217.18,217.52,217.18,217.38,59972
2026-08-13 14:10:00,217.38,217.55,217.21,217.51,126744
2026-08-13 14:15:00,217.51,217.53,217.17,217.27,79473
2026-08-13 14:20:00,217.27,217.31,217.08,217.19,78003
2026-08-13 14:25:00,217.19,217.41,217.09,217.16,98115
2026-08-13 14:30:00,217.16,217.26,217.05,217.24,97971
2026-08-13 14:35:00,217.24,217.29,217.01,217.02,126847
2026-08-13 14:40:00,217.02,217.11,216.71,216.75,39512
2026-08-13 14:45:00,216.75,216.91,216.45,216.83,121995
2026-08-13 14:50:00,216.83,216.9,216.49,216.56,89752
2026-08-13 14:55:00,216.56,216.61,216.43,216.56,99630
2026-08-13 15:00:00,216.56,216.99,216.54,216.57,147033
2026-08-13 15:05:00,216.57,217.01,216.42,216.92,76826
2026-08-13 15:10:00,216.92,216.95,216.34,216.37,133440
2026-08-13 15:15:00,216.37,216.82,216.35,216.69,100539
2026-08-13 15:20:00,216.69,217.05,216.45,217.02,118365
2026-08-13 15:25:00,217.02,217.37,216.95,217.2,97385
2026-08-14 09:15:00,217.47,217.94,217.32,217.8,243507
2026-08-14 09:20:00,217.8,217.91,217.56,217.73,187634
2026-08-14 09:25:00,217.73,217.8,217.25,217.54,93940
2026-08-14 09:30:00,217.54,218.31,217.53,218.29,108932
2026-08-14 09:35:00,218.29,218.3,217.85,217.92,101206
2026-08-14 09:40:00,217.92,217.95,217.39,217.46,153475
2026-08-14 09:45:00,217.46,217.55,217.31,217.35,107427
2026-08-14 09:50:00,217.35,217.66,217.09,217.58,91231
2026-08-14 09:55:00,217.58,217.68,217.41,217.62,104003
2026-08-14 10:00:00,217.62,218.05,217.51,217.92,64687
2026-08-14 10:05:00,217.92,218.19,217.87,218.18,88340
2026-08-14 10:10:00,218.18,218.26,217.89,217.99,96948
2026-08-14 10:15:00,217.99,218.21,217.93,218.15,99185
2026-08-14 10:20:00,218.15,218.19,217.71,217.88,51011
2026-08-14 10:25:00,217.88,217.97,217.52,217.55,54841
2026-08-14 10:30:00,217.55,217.69,217.28,217.32,64063
2026-08-14 10:35:00,217.32,217.59,217.27,217.54,66202
2026-08-14 10:40:00,217.54,217.79,217.18,217.18,50804
2026-08-14 10:45:00,217.18,217.31,217.15,217.28,112979
2026-08-14 10:50:00,217.28,217.41,217.23,217.33,62041
2026-08-14 10:55:00,217.33,217.4,217.04,217.29,111046
2026-08-14 11:00:00,217.29,217.7,217.28,217.66,67048
2026-08-14 11:05:00,217.66,217.73,217.49,217.6,68061
2026-08-14 11:10:00,217.6,217.67,217.5,217.67,107504
2026-08-14 11:15:00,217.67,217.99,217.65,217.82,66035
2026-08-14 11:20:00,217.82,218.41,217.77,218.41,113269
2026-08-14 11:25:00,218.41,218.46,218.2,218.3,47330
2026-08-14 11:30:00,218.3,218.44,218.23,218.41,87180
2026-08-14 11:35:00,218.41,218.62,218.32,218.34,132810
2026-08-14 11:40:00,218.34,218.36,218.0,218.07,68916
2026-08-14 11:45:00,218.07,218.29,218.06,218.12,90316
2026-08-14 11:50:00,218.12,218.46,218.08,218.41,55558
2026-08-14 11:55:00,218.41,218.48,218.3,218.42,49553
2026-08-14 12:00:00,218.42,218.51,218.32,218.5,90561
2026-08-14 12:05:00,218.5,218.6,218.29,218.6,57080
2026-08-14 12:10:00,218.6,218.7,218.54,218.62,48253
2026-08-14 12:15:00,218.62,218.71,218.55,218.57,81980
2026-08-14 12:20:00,218.57,218.78,218.5,218.63,95249
2026-08-14 12:25:00,218.63,218.67,218.5,218.57,75420
2026-08-14 12:30:00,218.57,218.63,218.55,218.57,27473
2026-08-14 12:35:00,218.57,218.59,218.43,218.45,51428
2026-08-14 12:40:00,218.45,218.5,218.16,218.25,71359
2026-08-14 12:45:00,218.25,218.29,218.12,218.13,89392
2026-08-14 12:50:00,218.13,218.14,217.97,218.07,74047
2026-08-14 12:55:00,218.07,218.2,217.96,218.15,60225
2026-08-14 13:00:00,218.15,218.36,218.11,218.11,97865
2026-08-14 13:05:00,218.11,218.16,218.04,218.11,68644
2026-08-14 13:10:00,218.11,218.16,217.91,218.12,84519
2026-08-14 13:15:00,218.12,218.34,218.05,218.3,122736
2026-08-14 13:20:00,218.3,218.39,218.28,218.33,36335
2026-08-14 13:25:00,218.33,218.34,218.23,218.24,96167
2026-08-14 13:30:00,218.24,218.26,218.1,218.17,100386
2026-08-14 13:35:00,218.17,218.38,218.11,218.23,87921
2026-08-14 13:40:00,218.23,218.32,218.16,218.31,76194
2026-08-14 13:45:00,218.31,218.48,218.29,218.3,52656
2026-08-14 13:50:00,218.3,218.49,218.22,218.42,54973
2026-08-14 13:55:00,218.42,218.43,217.96,217.98,101140
2026-08-14 14:00:00,217.98,218.27,217.95,218.26,130353
2026-08-14 14:05:00,218.26,218.39,218.17,218.3,42457
2026-08-14 14:10:00,218.3,218.38,218.13,218.2,77259
2026-08-14 14:15:00,218.2,218.21,218.01,218.12,50300
2026-08-14 14:20:00,218.12,218.4,218.07,218.36,90051
2026-08-14 14:25:00,218.36,218.49,218.32,218.39,78841
2026-08-14 14:30:00,218.39,218.45,218.24,218.25,65517
2026-08-14 14:35:00,218.25,218.47,218.18,218.46,81424
2026-08-14 14:40:00,218.46,218.6,218.35,218.57,149509
2026-08-14 14:45:00,218.57,218.63,218.39,218.45,97041
2026-08-14 14:50:00,218.45,218.5,218.24,218.28,79484
2026-08-14 14:55:00,218.28,218.3,217.77,218.06,93306
2026-08-14 15:00:00,218.06,218.26,217.96,218.02,63017
2026-08-14 15:05:00,218.02,218.61,218.0,218.45,211821
2026-08-14 15:10:00,218.45,219.18,218.43,219.07,51105
2026-08-14 15:15:00,219.07,219.45,218.97,219.4,127375
2026-08-14 15:20:00,219.4,219.51,219.26,219.46,124518
2026-08-14 15:25:00,219.46,219.68,219.38,219.61,228783
2026-08-17 09:15:00,218.56,218.91,218.3,218.81,138243
2026-08-17 09:20:00,218.81,219.6,218.72,219.35,194794
2026-08-17 09:25:00,219.35,219.69,219.12,219.64,110852
2026-08-17 09:30:00,219.64,219.98,219.49,219.87,221603
2026-08-17 09:35:00,219.87,220.62,219.72,220.58,135280
2026-08-17 09:40:00,220.58,220.9,220.56,220.7,87691
2026-08-17 09:45:00,220.7,221.08,220.68,220.88,100044
2026-08-17 09:50:00,220.88,220.97,220.48,220.68,63449
2026-08-17 09:55:00,220.68,220.92,220.61,220.89,88984
2026-08-17 10:00:00,220.89,220.96,220.76,220.95,151226
2026-08-17 10:05:00,220.95,221.31,220.9,221.18,90507
2026-08-17 10:10:00,221.18,221.23,220.85,220.89,78817
2026-08-17 10:15:00,220.89,221.37,220.87,221.32,133560
2026-08-17 10:20:00,221.32,221.35,221.1,221.13,83044
2026-08-17 10:25:00,221.13,221.2,220.7,220.76,68319
2026-08-17 10:30:00,220.76,220.84,220.69,220.7,64330
2026-08-17 10:35:00,220.7,220.75,220.55,220.6,95452
2026-08-17 10:40:00,220.6,220.72,220.51,220.53,72821
2026-08-17 10:45:00,220.53,220.72,220.53,220.65,76344
2026-08-17 10:50:00,220.65,220.69,220.49,220.5,93612
2026-08-17 10:55:00,220.5,220.78,220.46,220.7,43026
2026-08-17 11:00:00,220.7,220.8,220.25,220.28,33736
2026-08-17 11:05:00,220.28,220.29,220.02,220.03,66070
2026-08-17 11:10:00,220.03,220.15,219.82,219.84,83652
2026-08-17 11:15:00,219.84,219.93,219.41,219.47,96643
2026-08-17 11:20:00,219.47,219.53,219.07,219.09,75379
2026-08-17 11:25:00,219.09,219.31,219.06,219.17,70716
2026-08-17 11:30:00,219.17,219.23,218.88,218.99,127353
2026-08-17 11:35:00,218.99,219.02,218.77,218.83,75160
2026-08-17 11:40:00,218.83,218.91,218.77,218.79,71050
2026-08-17 11:45:00,218.79,218.84,218.7,218.71,62023
2026-08-17 11:50:00,218.71,218.77,218.54,218.55,94720
2026-08-17 11:55:00,218.55,218.61,218.37,218.44,95763
2026-08-17 12:00:00,218.44,218.56,218.05,218.11,140460
2026-08-17 12:05:00,218.11,218.18,218.07,218.16,53380
2026-08-17 12:10:00,218.16,218.41,218.14,218.25,36390
2026-08-17 12:15:00,218.25,218.29,218.06,218.11,65456
2026-08-17 12:20:00,218.11,218.14,217.91,217.94,52007
2026-08-17 12:25:00,217.94,217.94,217.46,217.58,77584
2026-08-17 12:30:00,217.58,217.77,217.56,217.72,35170
2026-08-17 12:35:00,217.72,218.27,217.69,218.24,53723
2026-08-17 12:40:00,218.24,218.37,218.17,218.26,66777
2026-08-17 12:45:00,218.26,218.32,218.15,218.2,83110
2026-08-17 12:50:00,218.2,218.39,218.18,218.2,66805
2026-08-17 12:55:00,218.2,218.27,217.98,218.11,83359
2026-08-17 13:00:00,218.11,218.42,218.08,218.2,61775
2026-08-17 13:05:00,218.2,218.23,217.89,217.9,74884
2026-08-17 13:10:00,217.9,217.96,217.71,217.71,74726
2026-08-17 13:15:00,217.71,217.79,217.6,217.65,73202
2026-08-17 13:20:00,217.65,217.65,217.46,217.54,139889
2026-08-17 13:25:00,217.54,217.76,217.43,217.7,66904
2026-08-17 13:30:00,217.7,217.84,217.63,217.76,88228
2026-08-17 13:35:00,217.76,217.9,217.57,217.63,72161
2026-08-17 13:40:00,217.63,217.92,217.57,217.78,78232
2026-08-17 13:45:00,217.78,217.82,217.47,217.59,52825
2026-08-17 13:50:00,217.59,217.74,217.35,217.39,91242
2026-08-17 13:55:00,217.39,217.58,217.32,217.53,65172
2026-08-17 14:00:00,217.53,217.55,217.28,217.3,78917
2026-08-17 14:05:00,217.3,217.34,216.92,216.98,45821
2026-08-17 14:10:00,216.98,217.01,216.63,216.67,75596
2026-08-17 14:15:00,216.67,216.75,216.49,216.7,104183
2026-08-17 14:20:00,216.7,216.78,216.55,216.59,110126
2026-08-17 14:25:00,216.59,216.61,216.41,216.47,53078
2026-08-17 14:30:00,216.47,216.53,216.26,216.34,74791
2026-08-17 14:35:00,216.34,216.55,216.29,216.5,151762
2026-08-17 14:40:00,216.5,216.73,216.5,216.69,95094
2026-08-17 14:45:00,216.69,216.84,216.66,216.74,122138
2026-08-17 14:50:00,216.74,217.01,216.67,216.7,76134
2026-08-17 14:55:00,216.7,217.21,216.65,216.97,157099
2026-08-17 15:00:00,216.97,217.26,216.95,217.19,101140
2026-08-17 15:05:00,217.19,217.22,216.95,217.1,99731
2026-08-17 15:10:00,217.1,217.32,217.04,217.17,130503
2026-08-17 15:15:00,217.17,217.6,216.99,217.05,121290
2026-08-17 15:20:00,217.05,217.19,216.85,217.0,94833
2026-08-17 15:25:00,217.0,217.24,216.7,217.22,116520
2026-08-18 09:15:00,218.45,218.66,218.24,218.37,214424
2026-08-18 09:20:00,218.37,218.65,218.23,218.65,158858
2026-08-18 09:25:00,218.65,218.8,218.46,218.71,310813
2026-08-18 09:30:00,218.71,219.12,218.67,218.91,109022
2026-08-18 09:35:00,218.91,219.06,218.56,219.05,148911
2026-08-18 09:40:00,219.05,219.27,219.0,219.25,92981
2026-08-18 09:45:00,219.25,219.27,219.11,219.2,97550
2026-08-18 09:50:00,219.2,219.43,219.05,219.09,125065
2026-08-18 09:55:00,219.09,219.1,218.58,218.68,68512
2026-08-18 10:00:00,218.68,218.69,218.44,218.48,87496
2026-08-18 10:05:00,218.48,218.63,218.31,218.34,161449
2026-08-18 10:10:00,218.34,218.96,218.33,218.58,99188
2026-08-18 10:15:00,218.58,218.76,218.53,218.74,87990
2026-08-18 10:20:00,218.74,218.96,218.73,218.93,59069
2026-08-18 10:25:00,218.93,219.04,218.7,218.74,75718
2026-08-18 10:30:00,218.74,218.98,218.66,218.9,73141
2026-08-18 10:35:00,218.9,219.05,218.7,218.7,69512
2026-08-18 10:40:00,218.7,219.12,218.7,219.06,48052
2026-08-18 10:45:00,219.06,219.37,219.01,219.19,41434
2026-08-18 10:50:00,219.19,219.5,219.17,219.48,73300
2026-08-18 10:55:00,219.48,219.56,219.3,219.34,78593
2026-08-18 11:00:00,219.34,219.47,219.14,219.15,66561
2026-08-18 11:05:00,219.15,219.3,219.05,219.25,72936
2026-08-18 11:10:00,219.25,219.59,219.22,219.56,34329
2026-08-18 11:15:00,219.56,219.58,218.98,218.99,26864
2026-08-18 11:20:00,218.99,219.29,218.97,219.27,75766
2026-08-18 11:25:00,219.27,219.63,219.15,219.61,40344
2026-08-18 11:30:00,219.61,219.65,219.45,219.57,58117
2026-08-18 11:35:00,219.57,219.95,219.45,219.87,39716
2026-08-18 11:40:00,219.87,219.9,219.66,219.7,110317
2026-08-18 11:45:00,219.7,219.87,219.55,219.58,42212
2026-08-18 11:50:00,219.58,219.63,219.34,219.42,55113
2026-08-18 11:55:00,219.42,219.51,219.33,219.33,64714
2026-08-18 12:00:00,219.33,219.44,219.31,219.4,50387
2026-08-18 12:05:00,219.4,219.45,219.11,219.16,60849
2026-08-18 12:10:00,219.16,219.28,219.04,219.05,72827
2026-08-18 12:15:00,219.05,219.42,219.02,219.33,58614
2026-08-18 12:20:00,219.33,219.42,219.32,219.34,70132
2026-08-18 12:25:00,219.34,219.37,218.86,218.86,92095
2026-08-18 12:30:00,218.86,218.95,218.57,218.61,59059
2026-08-18 12:35:00,218.61,218.7,218.52,218.64,84642
2026-08-18 12:40:00,218.64,218.82,218.56,218.59,56486
2026-08-18 12:45:00,218.59,218.67,218.42,218.61,71411
2026-08-18 12:50:00,218.61,218.67,218.41,218.44,92952
2026-08-18 12:55:00,218.44,218.46,218.22,218.26,96319
2026-08-18 13:00:00,218.26,218.42,218.06,218.09,153736
2026-08-18 13:05:00,218.09,218.31,217.88,218.3,114593
2026-08-18 13:10:00,218.3,218.31,218.05,218.09,75058
2026-08-18 13:15:00,218.09,218.41,218.04,218.29,87588
2026-08-18 13:20:00,218.29,218.37,218.08,218.17,51006
2026-08-18 13:25:00,218.17,218.34,218.08,218.23,72554
2026-08-18 13:30:00,218.23,218.32,218.18,218.27,75844
2026-08-18 13:35:00,218.27,218.35,218.02,218.05,100534
2026-08-18 13:40:00,218.05,218.28,218.01,218.23,51871
2026-08-18 13:45:00,218.23,218.39,218.22,218.32,66002
2026-08-18 13:50:00,218.32,218.59,218.29,218.34,63394
2026-08-18 13:55:00,218.34,218.38,218.26,218.3,51655
2026-08-18 14:00:00,218.3,218.36,218.0,218.12,87046
2026-08-18 14:05:00,218.12,218.18,217.95,218.16,53853
2026-08-18 14:10:00,218.16,218.35,218.01,218.21,45476
2026-08-18 14:15:00,218.21,218.35,218.1,218.22,71995
2026-08-18 14:20:00,218.22,218.35,218.03,218.12,81803
2026-08-18 14:25:00,218.12,218.2,218.01,218.19,67478
2026-08-18 14:30:00,218.19,218.25,217.85,217.9,101367
2026-08-18 14:35:00,217.9,218.28,217.88,217.91,88961
2026-08-18 14:40:00,217.91,218.53,217.88,218.49,69805
2026-08-18 14:45:00,218.49,218.5,218.05,218.09,172643
2026-08-18 14:50:00,218.09,218.11,217.78,217.91,75207
2026-08-18 14:55:00,217.91,218.04,217.19,217.29,82187
2026-08-18 15:00:00,217.29,217.51,217.15,217.24,170860
2026-08-18 15:05:00,217.24,217.34,216.77,216.89,131524
2026-08-18 15:10:00,216.89,217.14,216.85,216.94,77317
2026-08-18 15:15:00,216.94,217.3,216.91,217.26,159195
2026-08-18 15:20:00,217.26,217.28,217.01,217.12,114389
2026-08-18 15:25:00,217.12,217.49,217.07,217.34,124993
2026-08-19 09:15:00,217.16,217.36,216.46,216.61,190388
2026-08-19 09:20:00,216.61,217.03,216.43,216.53,181930
2026-08-19 09:25:00,216.53,216.61,215.99,216.16,196644
2026-08-19 09:30:00,216.16,216.22,215.74,215.98,117875
2026-08-19 09:35:00,215.98,216.0,215.46,215.68,133463
2026-08-19 09:40:00,215.68,215.82,215.48,215.48,68796
2026-08-19 09:45:00,215.48,215.7,215.47,215.6,70948
2026-08-19 09:50:00,215.6,215.65,215.22,215.41,139877
2026-08-19 09:55:00,215.41,215.41,215.1,215.33,116447
2026-08-19 10:00:00,215.33,215.65,215.24,215.55,153704
2026-08-19 10:05:00,215.55,215.7,215.49,215.67,111361
2026-08-19 10:10:00,215.67,215.85,215.64,215.81,65960
2026-08-19 10:15:00,215.81,216.04,215.7,215.98,124852
2026-08-19 10:20:00,215.98,216.24,215.7,215.73,82509
2026-08-19 10:25:00,215.73,215.91,215.67,215.9,70745
2026-08-19 10:30:00,215.9,216.17,215.88,216.03,105828
2026-08-19 10:35:00,216.03,216.22,215.93,216.18,53319
2026-08-19 10:40:00,216.18,216.21,215.84,215.89,43576
2026-08-19 10:45:00,215.89,216.22,215.88,216.16,85838
2026-08-19 10:50:00,216.16,216.5,216.1,216.5,56446
2026-08-19 10:55:00,216.5,216.53,216.31,216.35,63798
2026-08-19 11:00:00,216.35,216.42,216.15,216.39,53779
2026-08-19 11:05:00,216.39,216.69,216.36,216.61,56056
2026-08-19 11:10:00,216.61,216.66,216.39,216.42,108760
2026-08-19 11:15:00,216.42,216.6,216.4,216.58,90685
2026-08-19 11:20:00,216.58,216.65,216.35,216.58,89685
2026-08-19 11:25:00,216.58,216.84,216.49,216.62,102168
2026-08-19 11:30:00,216.62,216.68,216.35,216.38,72606
2026-08-19 11:35:00,216.38,216.46,216.27,216.28,43557
2026-08-19 11:40:00,216.28,216.32,215.9,216.14,119739
2026-08-19 11:45:00,216.14,216.37,216.1,216.35,30131
2026-08-19 11:50:00,216.35,216.57,216.29,216.39,70981
2026-08-19 11:55:00,216.39,216.78,216.33,216.75,59353
2026-08-19 12:00:00,216.75,217.05,216.7,216.97,174472
2026-08-19 12:05:00,216.97,217.0,216.86,216.99,121910
2026-08-19 12:10:00,216.99,217.11,216.87,216.91,44951
2026-08-19 12:15:00,216.91,217.14,216.87,217.09,117334
2026-08-19 12:20:00,217.09,217.13,217.01,217.04,124081
2026-08-19 12:25:00,217.04,217.16,216.83,217.01,96266
2026-08-19 12:30:00,217.01,217.11,216.94,217.03,68247
2026-08-19 12:35:00,217.03,217.43,217.02,217.41,63351
2026-08-19 12:40:00,217.41,217.5,217.17,217.48,140078
2026-08-19 12:45:00,217.48,217.7,217.45,217.68,88115
2026-08-19 12:50:00,217.68,217.8,217.67,217.79,70540
2026-08-19 12:55:00,217.79,217.83,217.73,217.74,56568
2026-08-19 13:00:00,217.74,217.86,217.65,217.7,86244
2026-08-19 13:05:00,217.7,217.85,217.59,217.77,104039
2026-08-19 13:10:00,217.77,217.87,217.58,217.58,72538
2026-08-19 13:15:00,217.58,217.67,217.41,217.5,78637
2026-08-19 13:20:00,217.5,218.07,217.46,218.06,58967
2026-08-19 13:25:00,218.06,218.2,218.04,218.18,104735
2026-08-19 13:30:00,218.18,218.25,217.92,217.94,101794
2026-08-19 13:35:00,217.94,217.96,217.72,217.76,51534
2026-08-19 13:40:00,217.76,217.95,217.7,217.85,75102
2026-08-19 13:45:00,217.85,217.92,217.44,217.5,72880
2026-08-19 13:50:00,217.5,217.54,217.36,217.46,55472
2026-08-19 13:55:00,217.46,217.63,217.32,217.63,104334
2026-08-19 14:00:00,217.63,217.88,217.61,217.85,49082
2026-08-19 14:05:00,217.85,217.87,217.57,217.83,56571
2026-08-19 14:10:00,217.83,217.84,217.64,217.67,76107
2026-08-19 14:15:00,217.67,217.68,217.5,217.56,67123
2026-08-19 14:20:00,217.56,217.61,216.98,217.03,50107
2026-08-19 14:25:00,217.03,217.13,216.93,216.93,73723
2026-08-19 14:30:00,216.93,217.16,216.9,217.1,97194
2026-08-19 14:35:00,217.1,217.27,217.06,217.1,88058
2026-08-19 14:40:00,217.1,217.32,217.03,217.24,69628
2026-08-19 14:45:00,217.24,217.43,217.0,217.08,74037
2026-08-19 14:50:00,217.08,217.28,216.88,216.97,111803
2026-08-19 14:55:00,216.97,217.0,216.79,216.86,129656
2026-08-19 15:00:00,216.86,216.93,216.66,216.73,143751
2026-08-19 15:05:00,216.73,216.97,216.65,216.72,102495
2026-08-19 15:10:00,216.72,216.8,216.3,216.47,93973
2026-08-19 15:15:00,216.47,217.1,216.36,217.03,128626
2026-08-19 15:20:00,217.03,217.06,216.43,216.6,160980
2026-08-19 15:25:00,216.6,216.77,216.52,216.75,215152
2026-08-20 09:15:00,217.66,218.33,217.38,218.22,288860
2026-08-20 09:20:00,218.22,218.61,218.11,218.21,147091
2026-08-20 09:25:00,218.21,218.69,217.91,218.56,478889
2026-08-20 09:30:00,218.56,218.82,218.36,218.69,113444
2026-08-20 09:35:00,218.69,218.95,218.47,218.85,55661
2026-08-20 09:40:00,218.85,218.9,218.26,218.35,86997
2026-08-20 09:45:00,218.35,218.54,218.31,218.44,149723
2026-08-20 09:50:00,218.44,218.81,218.42,218.65,145230
2026-08-20 09:55:00,218.65,218.76,218.49,218.51,110065
2026-08-20 10:00:00,218.51,218.67,218.42,218.45,63112
2026-08-20 10:05:00,218.45,218.63,218.3,218.54,65218
2026-08-20 10:10:00,218.54,218.84,218.44,218.82,104963
2026-08-20 10:15:00,218.82,219.06,218.75,218.94,134136
2026-08-20 10:20:00,218.94,219.1,218.72,218.77,84287
2026-08-20 10:25:00,218.77,218.78,218.66,218.69,101451
2026-08-20 10:30:00,218.69,218.75,218.3,218.41,102705
2026-08-20 10:35:00,218.41,218.86,218.31,218.86,106527
2026-08-20 10:40:00,218.86,218.92,218.5,218.53,220143
2026-08-20 10:45:00,218.53,218.84,218.53,218.81,100289
2026-08-20 10:50:00,218.81,219.11,218.78,218.9,31756
2026-08-20 10:55:00,218.9,218.9,218.61,218.64,92567
2026-08-20 11:00:00,218.64,218.67,218.16,218.16,99761
2026-08-20 11:05:00,218.16,218.18,218.01,218.07,82105
2026-08-20 11:10:00,218.07,218.18,217.84,217.85,70594
2026-08-20 11:15:00,217.85,218.08,217.78,218.02,51059
2026-08-20 11:20:00,218.02,218.23,217.99,218.19,86837
2026-08-20 11:25:00,218.19,218.36,218.05,218.3,91942
2026-08-20 11:30:00,218.3,218.41,218.27,218.38,129162
2026-08-20 11:35:00,218.38,218.62,218.27,218.62,59128
2026-08-20 11:40:00,218.62,218.67,218.52,218.54,67119
2026-08-20 11:45:00,218.54,218.74,218.5,218.68,70909
2026-08-20 11:50:00,218.68,218.72,218.46,218.52,89264
2026-08-20 11:55:00,218.52,218.55,218.41,218.42,76073
2026-08-20 12:00:00,218.42,218.73,218.35,218.66,85991
2026-08-20 12:05:00,218.66,218.75,218.5,218.52,105082
2026-08-20 12:10:00,218.52,218.55,217.92,217.93,47816
2026-08-20 12:15:00,217.93,217.96,217.66,217.72,87090
2026-08-20 12:20:00,217.72,217.74,217.53,217.59,98652
2026-08-20 12:25:00,217.59,217.74,217.4,217.51,66004
2026-08-20 12:30:00,217.51,217.59,217.19,217.36,54881
2026-08-20 12:35:00,217.36,217.38,217.07,217.14,74067
2026-08-20 12:40:00,217.14,217.37,217.09,217.23,60634
2026-08-20 12:45:00,217.23,217.24,217.08,217.09,88644
2026-08-20 12:50:00,217.09,217.15,216.92,216.97,83722
2026-08-20 12:55:00,216.97,217.17,216.77,217.08,57015
2026-08-20 13:00:00,217.08,217.12,216.93,216.94,142074
2026-08-20 13:05:00,216.94,217.04,216.82,217.03,57337
2026-08-20 13:10:00,217.03,217.16,216.92,217.03,89436
2026-08-20 13:15:00,217.03,217.07,216.88,217.0,81774
2026-08-20 13:20:00,217.0,217.05,216.94,216.98,79987
2026-08-20 13:25:00,216.98,217.47,216.97,217.44,71196
2026-08-20 13:30:00,217.44,217.66,217.44,217.55,46362
2026-08-20 13:35:00,217.55,217.62,217.32,217.5,64770
2026-08-20 13:40:00,217.5,217.56,217.24,217.55,125392
2026-08-20 13:45:00,217.55,217.68,217.34,217.51,62064
2026-08-20 13:50:00,217.51,217.69,217.47,217.65,116983
2026-08-20 13:55:00,217.65,217.9,217.64,217.68,37868
2026-08-20 14:00:00,217.68,217.85,217.31,217.34,104337
2026-08-20 14:05:00,217.34,217.36,217.07,217.11,78484
2026-08-20 14:10:00,217.11,217.43,217.1,217.42,109246
2026-08-20 14:15:00,217.42,217.74,217.35,217.58,63907
2026-08-20 14:20:00,217.58,217.67,217.27,217.44,102514
2026-08-20 14:25:00,217.44,217.5,217.2,217.26,90693
2026-08-20 14:30:00,217.26,217.33,217.0,217.1,71516
2026-08-20 14:35:00,217.1,217.19,216.81,216.91,81186
2026-08-20 14:40:00,216.91,217.01,216.89,216.89,64027
2026-08-20 14:45:00,216.89,217.19,216.81,217.13,186753
2026-08-20 14:50:00,217.13,217.14,216.49,216.63,57626
2026-08-20 14:55:00,216.63,216.64,216.26,216.42,94616
2026-08-20 15:00:00,216.42,216.48,215.97,216.13,165495
2026-08-20 15:05:00,216.13,216.39,216.13,216.3,160104
2026-08-20 15:10:00,216.3,216.62,216.26,216.49,107130
2026-08-20 15:15:00,216.49,216.66,216.19,216.31,81395
2026-08-20 15:20:00,216.31,217.02,216.16,216.87,211323
2026-08-20 15:25:00,216.87,217.16,216.8,217.08,102898
2026-08-21 09:15:00,217.13,217.69,216.94,217.64,228347
2026-08-21 09:20:00,217.64,217.65,217.06,217.4,107774
2026-08-21 09:25:00,217.4,218.17,217.34,217.79,134401
2026-08-21 09:30:00,217.79,218.19,216.73,216.88,109383
2026-08-21 09:35:00,216.88,217.06,216.43,216.49,192135
2026-08-21 09:40:00,216.49,216.65,216.36,216.46,205300
2026-08-21 09:45:00,216.46,216.9,216.45,216.81,188191
2026-08-21 09:50:00,216.81,216.93,216.53,216.9,76760
2026-08-21 09:55:00,216.9,217.12,216.79,217.04,54613
2026-08-21 10:00:00,217.04,217.07,216.85,216.85,105586
2026-08-21 10:05:00,216.85,217.05,216.81,216.83,209930
2026-08-21 10:10:00,216.83,216.91,216.79,216.79,76850
2026-08-21 10:15:00,216.79,217.13,216.74,217.05,98508
2026-08-21 10:20:00,217.05,217.1,216.69,216.79,51162
2026-08-21 10:25:00,216.79,216.83,216.6,216.8,81193
2026-08-21 10:30:00,216.8,216.86,216.63,216.64,111474
2026-08-21 10:35:00,216.64,216.72,216.47,216.6,70293
2026-08-21 10:40:00,216.6,216.81,216.59,216.75,67309
2026-08-21 10:45:00,216.75,216.89,216.62,216.66,55071
2026-08-21 10:50:00,216.66,216.69,216.4,216.54,59281
2026-08-21 10:55:00,216.54,216.57,216.38,216.54,107577
2026-08-21 11:00:00,216.54,216.58,216.36,216.38,107660
2026-08-21 11:05:00,216.38,216.51,215.97,216.03,129662
2026-08-21 11:10:00,216.03,216.26,215.99,216.18,102199
2026-08-21 11:15:00,216.18,216.27,216.15,216.18,92527
2026-08-21 11:20:00,216.18,216.36,216.15,216.19,148854
2026-08-21 11:25:00,216.19,216.43,216.14,216.43,44347
2026-08-21 11:30:00,216.43,216.67,216.39,216.62,106628
2026-08-21 11:35:00,216.62,216.68,216.52,216.57,61953
2026-08-21 11:40:00,216.57,217.03,216.46,216.96,27603
2026-08-21 11:45:00,216.96,217.28,216.9,217.22,57393
2026-08-21 11:50:00,217.22,217.59,217.2,217.55,96143
2026-08-21 11:55:00,217.55,217.62,217.41,217.61,52377
2026-08-21 12:00:00,217.61,217.87,217.6,217.62,35951
2026-08-21 12:05:00,217.62,217.72,217.48,217.51,80185
2026-08-21 12:10:00,217.51,217.72,217.48,217.61,34886
2026-08-21 12:15:00,217.61,217.79,217.51,217.78,96502
2026-08-21 12:20:00,217.78,217.9,217.73,217.81,74315
2026-08-21 12:25:00,217.81,217.91,217.58,217.66,59174
2026-08-21 12:30:00,217.66,217.69,217.37,217.52,51328
2026-08-21 12:35:00,217.52,217.54,217.22,217.26,62838
2026-08-21 12:40:00,217.26,217.44,217.08,217.44,90366
2026-08-21 12:45:00,217.44,217.51,217.16,217.17,81146
2026-08-21 12:50:00,217.17,217.24,216.84,216.97,84613
2026-08-21 12:55:00,216.97,217.09,216.59,216.67,106433
2026-08-21 13:00:00,216.67,216.73,216.34,216.39,88350
2026-08-21 13:05:00,216.39,216.45,215.93,215.96,60220
2026-08-21 13:10:00,215.96,216.04,215.95,216.03,122307
2026-08-21 13:15:00,216.03,216.15,215.8,216.06,87000
2026-08-21 13:20:00,216.06,216.38,216.04,216.32,75433
2026-08-21 13:25:00,216.32,216.5,216.17,216.49,81636
2026-08-21 13:30:00,216.49,216.76,216.46,216.71,60346
2026-08-21 13:35:00,216.71,217.33,216.68,217.27,40538
2026-08-21 13:40:00,217.27,217.58,217.2,217.21,82557
2026-08-21 13:45:00,217.21,217.31,216.92,216.94,88072
2026-08-21 13:50:00,216.94,216.98,216.49,216.54,53461
2026-08-21 13:55:00,216.54,216.6,216.31,216.55,118779
2026-08-21 14:00:00,216.55,216.61,216.27,216.36,73835
2026-08-21 14:05:00,216.36,216.7,216.35,216.68,51813
2026-08-21 14:10:00,216.68,216.95,216.66,216.81,64026
2026-08-21 14:15:00,216.81,217.12,216.78,217.06,100709
2026-08-21 14:20:00,217.06,217.08,216.75,216.93,72459
2026-08-21 14:25:00,216.93,217.14,216.87,217.14,116824
2026-08-21 14:30:00,217.14,217.45,217.13,217.29,110349
2026-08-21 14:35:00,217.29,217.3,216.96,217.09,140199
2026-08-21 14:40:00,217.09,217.17,217.06,217.09,82111
2026-08-21 14:45:00,217.09,217.5,217.09,217.43,110226
2026-08-21 14:50:00,217.43,217.68,217.27,217.68,81046
2026-08-21 14:55:00,217.68,217.69,217.23,217.51,126741
2026-08-21 15:00:00,217.51,217.67,217.38,217.38,188419
2026-08-21 15:05:00,217.38,217.72,217.33,217.6,70832
2026-08-21 15:10:00,217.6,217.75,217.46,217.59,162112
2026-08-21 15:15:00,217.59,217.99,217.47,217.89,54783
2026-08-21 15:20:00,217.89,218.04,217.75,217.97,303548
2026-08-21 15:25:00,217.97,218.08,217.73,217.92,157877
2026-08-24 09:15:00,218.28,219.52,218.24,219.39,239876
2026-08-24 09:20:00,219.39,219.52,218.99,219.27,149956
2026-08-24 09:25:00,219.27,219.36,218.34,218.44,164993
2026-08-24 09:30:00,218.44,218.79,218.32,218.65,267028
2026-08-24 09:35:00,218.65,218.78,218.41,218.62,66847
2026-08-24 09:40:00,218.62,218.64,218.24,218.36,110799
2026-08-24 09:45:00,218.36,218.54,218.36,218.46,112816
2026-08-24 09:50:00,218.46,218.75,218.31,218.59,70008
2026-08-24 09:55:00,218.59,218.62,218.28,218.43,61068
2026-08-24 10:00:00,218.43,218.64,218.43,218.52,76004
2026-08-24 10:05:00,218.52,218.68,218.3,218.47,52317
2026-08-24 10:10:00,218.47,218.54,218.23,218.35,86260
2026-08-24 10:15:00,218.35,218.47,217.94,217.96,97878
2026-08-24 10:20:00,217.96,218.2,217.89,218.0,70938
2026-08-24 10:25:00,218.0,218.39,218.0,218.33,66697
2026-08-24 10:30:00,218.33,218.38,218.11,218.3,62926
2026-08-24 10:35:00,218.3,218.43,218.14,218.19,121689
2026-08-24 10:40:00,218.19,218.55,218.17,218.51,142513
2026-08-24 10:45:00,218.51,218.63,218.36,218.4,42219
2026-08-24 10:50:00,218.4,218.48,218.27,218.43,64289
2026-08-24 10:55:00,218.43,218.52,218.32,218.41,78551
2026-08-24 11:00:00,218.41,218.42,218.22,218.36,58947
2026-08-24 11:05:00,218.36,218.39,218.22,218.26,72905
2026-08-24 11:10:00,218.26,218.49,218.06,218.45,88289
2026-08-24 11:15:00,218.45,218.5,218.34,218.46,72534
2026-08-24 11:20:00,218.46,218.66,218.43,218.64,72402
2026-08-24 11:25:00,218.64,218.67,218.42,218.53,108518
2026-08-24 11:30:00,218.53,218.53,218.36,218.38,49282
2026-08-24 11:35:00,218.38,218.42,218.12,218.34,102754
2026-08-24 11:40:00,218.34,218.44,218.34,218.39,110677
2026-08-24 11:45:00,218.39,218.64,218.35,218.5,70583
2026-08-24 11:50:00,218.5,218.61,218.27,218.3,60241
2026-08-24 11:55:00,218.3,218.44,218.29,218.41,46432
2026-08-24 12:00:00,218.41,218.41,218.17,218.26,149123
2026-08-24 12:05:00,218.26,218.31,218.2,218.26,95550
2026-08-24 12:10:00,218.26,218.43,218.16,218.28,32399
2026-08-24 12:15:00,218.28,218.51,218.18,218.25,117365
2026-08-24 12:20:00,218.25,218.34,217.97,218.06,87461
2026-08-24 12:25:00,218.06,218.09,217.99,218.07,79905
2026-08-24 12:30:00,218.07,218.23,217.95,218.2,94520
2026-08-24 12:35:00,218.2,218.4,218.09,218.14,44528
2026-08-24 12:40:00,218.14,218.35,218.04,218.3,40264
2026-08-24 12:45:00,218.3,218.35,218.14,218.21,54286
2026-08-24 12:50:00,218.21,218.26,217.8,217.81,74346
2026-08-24 12:55:00,217.81,218.08,217.74,218.05,121859
2026-08-24 13:00:00,218.05,218.15,217.94,218.06,60761
2026-08-24 13:05:00,218.06,218.43,218.03,218.4,59714
2026-08-24 13:10:00,218.4,218.42,218.27,218.27,102321
2026-08-24 13:15:00,218.27,218.3,218.09,218.11,173441
2026-08-24 13:20:00,218.11,218.44,218.08,218.28,119322
2026-08-24 13:25:00,218.28,218.36,218.23,218.28,59263
2026-08-24 13:30:00,218.28,218.97,218.24,218.96,55956
2026-08-24 13:35:00,218.96,218.98,218.67,218.67,59329
2026-08-24 13:40:00,218.67,218.75,218.38,218.46,102256
2026-08-24 13:45:00,218.46,218.47,218.23,218.35,82434
2026-08-24 13:50:00,218.35,218.68,218.34,218.66,68678
2026-08-24 13:55:00,218.66,218.72,218.16,218.2,48926
2026-08-24 14:00:00,218.2,218.47,218.14,218.35,51129
2026-08-24 14:05:00,218.35,218.43,218.0,218.17,98451
2026-08-24 14:10:00,218.17,218.37,218.05,218.27,88719
2026-08-24 14:15:00,218.27,218.31,217.94,218.16,43113
2026-08-24 14:20:00,218.16,218.21,218.0,218.19,80318
2026-08-24 14:25:00,218.19,218.33,218.16,218.23,78726
2026-08-24 14:30:00,218.23,218.29,218.01,218.02,52968
2026-08-24 14:35:00,218.02,218.52,217.96,218.45,52821
2026-08-24 14:40:00,218.45,218.94,218.44,218.74,68863
2026-08-24 14:45:00,218.74,218.85,218.55,218.82,70074
2026-08-24 14:50:00,218.82,219.26,218.72,219.23,115714
2026-08-24 14:55:00,219.23,219.39,218.97,219.05,109231
2026-08-24 15:00:00,219.05,219.12,218.57,218.67,70661
2026-08-24 15:05:00,218.67,219.16,218.58,219.03,67083
2026-08-24 15:10:00,219.03,219.12,218.66,218.84,79100
2026-08-24 15:15:00,218.84,219.78,218.72,219.71,125946
2026-08-24 15:20:00,219.71,219.8,219.4,219.41,143854
2026-08-24 15:25:00,219.41,219.54,219.0,219.07,222434
2026-08-25 09:15:00,218.67,219.41,218.62,219.12,205683
2026-08-25 09:20:00,219.12,219.37,218.77,219.25,237994
2026-08-25 09:25:00,219.25,219.59,218.81,218.91,171839
2026-08-25 09:30:00,218.91,218.99,218.77,218.87,98098
2026-08-25 09:35:00,218.87,219.1,218.59,218.67,75990
2026-08-25 09:40:00,218.67,219.05,218.64,218.97,129849
2026-08-25 09:45:00,218.97,219.17,218.74,218.92,74105
2026-08-25 09:50:00,218.92,218.95,218.42,218.52,222812
2026-08-25 09:55:00,218.52,218.58,218.13,218.51,82422
2026-08-25 10:00:00,218.51,218.57,218.05,218.11,94320
2026-08-25 10:05:00,218.11,218.19,217.6,217.68,101437
2026-08-25 10:10:00,217.68,217.7,217.29,217.3,96574
2026-08-25 10:15:00,217.3,217.32,216.95,217.03,91986
2026-08-25 10:20:00,217.03,217.08,216.86,216.9,98972
2026-08-25 10:25:00,216.9,216.99,216.66,216.86,32823
2026-08-25 10:30:00,216.86,216.96,216.67,216.93,94093
2026-08-25 10:35:00,216.93,217.03,216.83,216.95,61003
2026-08-25 10:40:00,216.95,217.05,216.71,216.79,68805
2026-08-25 10:45:00,216.79,216.82,216.66,216.78,61612
2026-08-25 10:50:00,216.78,217.04,216.63,216.65,63843
2026-08-25 10:55:00,216.65,217.08,216.62,217.05,127802
2026-08-25 11:00:00,217.05,217.09,216.61,216.65,114219
2026-08-25 11:05:00,216.65,216.68,216.36,216.38,78065
2026-08-25 11:10:00,216.38,216.41,216.2,216.22,136219
2026-08-25 11:15:00,216.22,216.23,216.1,216.19,40230
2026-08-25 11:20:00,216.19,216.25,215.92,216.23,34838
2026-08-25 11:25:00,216.23,216.25,215.71,215.83,48839
2026-08-25 11:30:00,215.83,215.93,215.62,215.67,79167
2026-08-25 11:35:00,215.67,215.7,215.47,215.56,66261
2026-08-25 11:40:00,215.56,215.62,215.44,215.47,40524
2026-08-25 11:45:00,215.47,215.57,215.35,215.47,61775
2026-08-25 11:50:00,215.47,215.56,215.19,215.28,54790
2026-08-25 11:55:00,215.28,215.61,215.23,215.57,91732
2026-08-25 12:00:00,215.57,215.85,215.52,215.81,66118
2026-08-25 12:05:00,215.81,216.1,215.78,216.09,59001
2026-08-25 12:10:00,216.09,216.13,215.94,216.0,55430
2026-08-25 12:15:00,216.0,216.46,215.99,216.38,59012
2026-08-25 12:20:00,216.38,216.42,216.18,216.41,83627
2026-08-25 12:25:00,216.41,216.44,216.23,216.38,59658
2026-08-25 12:30:00,216.38,216.42,216.0,216.03,84743
2026-08-25 12:35:00,216.03,216.19,215.97,216.1,41016
2026-08-25 12:40:00,216.1,216.14,215.87,215.92,88823
2026-08-25 12:45:00,215.92,216.27,215.91,216.12,100058
2026-08-25 12:50:00,216.12,216.16,215.66,215.7,75868
2026-08-25 12:55:00,215.7,215.71,215.44,215.56,36262
2026-08-25 13:00:00,215.56,215.69,215.54,215.63,69475
2026-08-25 13:05:00,215.63,215.7,215.47,215.48,84167
2026-08-25 13:10:00,215.48,215.5,215.29,215.45,64876
2026-08-25 13:15:00,215.45,215.48,215.11,215.14,40821
2026-08-25 13:20:00,215.14,215.38,215.08,215.28,80862
2026-08-25 13:25:00,215.28,215.39,215.23,215.33,89434
2026-08-25 13:30:00,215.33,215.58,215.3,215.56,92332
2026-08-25 13:35:00,215.56,215.57,215.18,215.21,103852
2026-08-25 13:40:00,215.21,215.31,214.97,214.97,157774
2026-08-25 13:45:00,214.97,215.18,214.86,215.14,77740
2026-08-25 13:50:00,215.14,215.31,215.0,215.05,68542
2026-08-25 13:55:00,215.05,215.05,214.83,214.95,55662
2026-08-25 14:00:00,214.95,215.03,214.74,214.94,72640
2026-08-25 14:05:00,214.94,215.07,214.75,214.84,64461
2026-08-25 14:10:00,214.84,214.92,214.69,214.7,50583
2026-08-25 14:15:00,214.7,214.76,214.44,214.58,87188
2026-08-25 14:20:00,214.58,215.14,214.47,215.03,62295
2026-08-25 14:25:00,215.03,215.41,215.03,215.38,45687
2026-08-25 14:30:00,215.38,215.68,215.38,215.51,95356
2026-08-25 14:35:00,215.51,215.58,215.19,215.43,89201
2026-08-25 14:40:00,215.43,215.6,215.31,215.53,82817
2026-08-25 14:45:00,215.53,215.6,215.01,215.01,46556
2026-08-25 14:50:00,215.01,215.05,214.81,215.04,125603
2026-08-25 14:55:00,215.04,215.37,215.02,215.37,116117
2026-08-25 15:00:00,215.37,215.57,215.2,215.3,145597
2026-08-25 15:05:00,215.3,215.48,215.11,215.15,148488
2026-08-25 15:10:00,215.15,215.37,215.03,215.25,111568
2026-08-25 15:15:00,215.25,215.75,215.22,215.74,104485
2026-08-25 15:20:00,215.74,215.86,215.6,215.67,131719
2026-08-25 15:25:00,215.67,215.72,215.35,215.36,224425
2026-08-26 09:15:00,214.72,214.77,213.93,214.33,229523
2026-08-26 09:20:00,214.33,214.67,214.1,214.61,233485
2026-08-26 09:25:00,214.61,215.21,214.48,215.09,101517
2026-08-26 09:30:00,215.09,215.34,214.64,214.76,277144
2026-08-26 09:35:00,214.76,214.9,214.53,214.55,116929
2026-08-26 09:40:00,214.55,214.8,214.46,214.54,121371
2026-08-26 09:45:00,214.54,215.1,214.46,215.1,54832
2026-08-26 09:50:00,215.1,215.64,215.06,215.6,80053
2026-08-26 09:55:00,215.6,215.61,215.35,215.59,98218
2026-08-26 10:00:00,215.59,215.63,215.45,215.58,81344
2026-08-26 10:05:00,215.58,215.87,215.49,215.85,123765
2026-08-26 10:10:00,215.85,215.94,215.71,215.84,144733
2026-08-26 10:15:00,215.84,215.9,215.62,215.85,60355
2026-08-26 10:20:00,215.85,215.94,215.63,215.7,64384
2026-08-26 10:25:00,215.7,215.78,215.56,215.6,83854
2026-08-26 10:30:00,215.6,215.65,215.4,215.59,105449
2026-08-26 10:35:00,215.59,215.81,215.43,215.73,130900
2026-08-26 10:40:00,215.73,215.76,215.42,215.48,157141
2026-08-26 10:45:00,215.48,215.73,215.34,215.69,43500
2026-08-26 10:50:00,215.69,215.76,215.45,215.72,78206
2026-08-26 10:55:00,215.72,215.74,215.38,215.41,56328
2026-08-26 11:00:00,215.41,215.7,215.41,215.54,64746
2026-08-26 11:05:00,215.54,215.9,215.54,215.89,103199
2026-08-26 11:10:00,215.89,216.03,215.85,215.99,97166
2026-08-26 11:15:00,215.99,216.12,215.86,215.95,54862
2026-08-26 11:20:00,215.95,216.26,215.92,216.25,65656
2026-08-26 11:25:00,216.25,216.26,215.91,215.93,135733
2026-08-26 11:30:00,215.93,216.18,215.89,216.11,65454
2026-08-26 11:35:00,216.11,216.35,216.09,216.31,46810
2026-08-26 11:40:00,216.31,216.32,216.22,216.23,85138
2026-08-26 11:45:00,216.23,216.35,216.23,216.33,82298
2026-08-26 11:50:00,216.33,216.47,216.28,216.32,53245
2026-08-26 11:55:00,216.32,216.51,216.27,216.48,76706
2026-08-26 12:00:00,216.48,216.51,216.23,216.25,53832
2026-08-26 12:05:00,216.25,216.36,216.13,216.27,57334
2026-08-26 12:10:00,216.27,216.36,216.18,216.29,77458
2026-08-26 12:15:00,216.29,216.33,215.86,215.9,73266
2026-08-26 12:20:00,215.9,216.0,215.74,215.75,60391
2026-08-26 12:25:00,215.75,215.89,215.59,215.61,49970
2026-08-26 12:30:00,215.61,215.62,215.52,215.57,77350
2026-08-26 12:35:00,215.57,215.9,215.55,215.89,143175
2026-08-26 12:40:00,215.89,216.27,215.82,216.23,143330
2026-08-26 12:45:00,216.23,216.3,216.11,216.18,70591
2026-08-26 12:50:00,216.18,216.52,216.17,216.41,78375
2026-08-26 12:55:00,216.41,216.47,216.18,216.21,86769
2026-08-26 13:00:00,216.21,216.27,216.11,216.12,79989
2026-08-26 13:05:00,216.12,216.16,215.89,216.06,47361
2026-08-26 13:10:00,216.06,216.09,215.79,215.81,44005
2026-08-26 13:15:00,215.81,216.04,215.76,216.03,97859
2026-08-26 13:20:00,216.03,216.18,216.0,216.14,54690
2026-08-26 13:25:00,216.14,216.2,216.02,216.06,84500
2026-08-26 13:30:00,216.06,216.08,215.77,215.83,82995
2026-08-26 13:35:00,215.83,215.99,215.72,215.93,55429
2026-08-26 13:40:00,215.93,215.95,215.76,215.86,106949
2026-08-26 13:45:00,215.86,215.9,215.45,215.48,77705
2026-08-26 13:50:00,215.48,215.5,215.18,215.24,78555
2026-08-26 13:55:00,215.24,215.32,214.97,215.14,88863
2026-08-26 14:00:00,215.14,215.25,215.05,215.1,121309
2026-08-26 14:05:00,215.1,215.13,215.01,215.07,56247
2026-08-26 14:10:00,215.07,215.49,214.94,215.38,90390
2026-08-26 14:15:00,215.38,215.43,215.18,215.29,89011
2026-08-26 14:20:00,215.29,215.29,215.14,215.16,46907
2026-08-26 14:25:00,215.16,215.3,215.14,215.21,115103
2026-08-26 14:30:00,215.21,215.22,214.9,214.97,229488
2026-08-26 14:35:00,214.97,214.98,214.61,214.87,100509
2026-08-26 14:40:00,214.87,214.89,214.43,214.65,82832
2026-08-26 14:45:00,214.65,214.66,214.29,214.4,65564
2026-08-26 14:50:00,214.4,214.65,214.27,214.44,72401
2026-08-26 14:55:00,214.44,214.53,214.27,214.44,110902
2026-08-26 15:00:00,214.44,214.61,214.37,214.58,67682
2026-08-26 15:05:00,214.58,214.78,214.45,214.45,96244
2026-08-26 15:10:00,214.45,214.65,214.12,214.17,121845
2026-08-26 15:15:00,214.17,214.27,213.78,214.02,73627
2026-08-26 15:20:00,214.02,214.33,214.02,214.04,118105
2026-08-26 15:25:00,214.04,214.22,213.85,213.98,197418
2026-08-27 09:15:00,214.54,214.97,214.23,214.4,168040
2026-08-27 09:20:00,214.4,214.49,214.01,214.4,159834
2026-08-27 09:25:00,214.4,214.46,214.12,214.16,136141
2026-08-27 09:30:00,214.16,214.36,213.8,214.04,166623
2026-08-27 09:35:00,214.04,214.66,213.96,214.6,121462
2026-08-27 09:40:00,214.6,214.67,214.25,214.37,209548
2026-08-27 09:45:00,214.37,214.4,214.09,214.15,93709
2026-08-27 09:50:00,214.15,214.45,214.04,214.26,163316
2026-08-27 09:55:00,214.26,214.49,214.21,214.41,185349
2026-08-27 10:00:00,214.41,214.47,214.15,214.21,39782
2026-08-27 10:05:00,214.21,214.53,214.19,214.42,151236
2026-08-27 10:10:00,214.42,214.46,214.3,214.37,43093
2026-08-27 10:15:00,214.37,214.73,214.31,214.72,130249
2026-08-27 10:20:00,214.72,214.93,214.63,214.87,39321
2026-08-27 10:25:00,214.87,214.92,214.68,214.76,59731
2026-08-27 10:30:00,214.76,214.95,214.75,214.89,105722
2026-08-27 10:35:00,214.89,215.01,214.66,214.66,144356
2026-08-27 10:40:00,214.66,214.7,214.54,214.6,38492
2026-08-27 10:45:00,214.6,214.74,214.59,214.63,77150
2026-08-27 10:50:00,214.63,214.66,214.29,214.34,74700
2026-08-27 10:55:00,214.34,214.71,214.33,214.66,59024
2026-08-27 11:00:00,214.66,215.05,214.6,214.93,90069
2026-08-27 11:05:00,214.93,215.07,214.9,215.02,93693
2026-08-27 11:10:00,215.02,215.13,214.98,215.0,116300
2026-08-27 11:15:00,215.0,215.06,214.79,214.82,69461
2026-08-27 11:20:00,214.82,214.88,214.66,214.68,78267
2026-08-27 11:25:00,214.68,214.8,214.63,214.8,61762
2026-08-27 11:30:00,214.8,214.84,214.58,214.59,75304
2026-08-27 11:35:00,214.59,214.73,214.56,214.7,56313
2026-08-27 11:40:00,214.7,214.7,214.52,214.54,100236
2026-08-27 11:45:00,214.54,214.63,214.36,214.55,76693
2026-08-27 11:50:00,214.55,214.75,214.4,214.71,94713
2026-08-27 11:55:00,214.71,214.84,214.63,214.65,36396
2026-08-27 12:00:00,214.65,214.66,214.38,214.47,95883
2026-08-27 12:05:00,214.47,214.53,214.27,214.27,96597
2026-08-27 12:10:00,214.27,214.31,214.1,214.27,65906
2026-08-27 12:15:00,214.27,214.66,214.26,214.55,53664
2026-08-27 12:20:00,214.55,214.58,214.35,214.44,130043
2026-08-27 12:25:00,214.44,214.47,214.08,214.15,129312
2026-08-27 12:30:00,214.15,214.2,213.99,214.01,81739
2026-08-27 12:35:00,214.01,214.15,213.99,214.08,89512
2026-08-27 12:40:00,214.08,214.19,214.03,214.16,57758
2026-08-27 12:45:00,214.16,214.23,214.06,214.14,92279
2026-08-27 12:50:00,214.14,214.38,214.13,214.32,58696
2026-08-27 12:55:00,214.32,214.56,214.27,214.56,157401
2026-08-27 13:00:00,214.56,214.81,214.52,214.74,45818
2026-08-27 13:05:00,214.74,215.1,214.71,215.05,72674
2026-08-27 13:10:00,215.05,215.15,214.98,215.03,79893
2026-08-27 13:15:00,215.03,215.28,215.02,215.26,120806
2026-08-27 13:20:00,215.26,215.3,214.94,214.99,99116
2026-08-27 13:25:00,214.99,215.1,214.82,214.85,84233
2026-08-27 13:30:00,214.85,215.08,214.73,214.88,98782
2026-08-27 13:35:00,214.88,214.95,214.74,214.84,72155
2026-08-27 13:40:00,214.84,215.0,214.82,214.97,99022
2026-08-27 13:45:00,214.97,215.03,214.84,214.87,53118
2026-08-27 13:50:00,214.87,214.97,214.81,214.84,40186
2026-08-27 13:55:00,214.84,214.88,214.5,214.51,101861
2026-08-27 14:00:00,214.51,214.55,214.27,214.32,103704
2026-08-27 14:05:00,214.32,214.35,213.91,213.93,103838
2026-08-27 14:10:00,213.93,214.13,213.91,213.96,58967
2026-08-27 14:15:00,213.96,214.12,213.75,214.07,77797
2026-08-27 14:20:00,214.07,214.08,213.94,214.04,84223
2026-08-27 14:25:00,214.04,214.18,214.02,214.13,85065
2026-08-27 14:30:00,214.13,214.14,213.94,213.99,82422
2026-08-27 14:35:00,213.99,214.25,213.98,214.14,111809
2026-08-27 14:40:00,214.14,214.26,213.93,213.96,107563
2026-08-27 14:45:00,213.96,214.02,213.74,213.9,67892
2026-08-27 14:50:00,213.9,214.02,213.78,213.99,96211
2026-08-27 14:55:00,213.99,214.02,213.89,213.9,126804
2026-08-27 15:00:00,213.9,214.07,213.78,214.07,211588
2026-08-27 15:05:00,214.07,214.12,213.8,213.85,59003
2026-08-27 15:10:00,213.85,213.88,213.32,213.33,114216
2026-08-27 15:15:00,213.33,213.34,212.89,213.05,79108
2026-08-27 15:20:00,213.05,213.06,212.59,212.69,76616
2026-08-27 15:25:00,212.69,212.9,212.54,212.64,166703
2026-08-28 09:15:00,213.29,213.4,212.83,212.96,194813
2026-08-28 09:20:00,212.96,212.98,212.32,212.43,140235
2026-08-28 09:25:00,212.43,212.91,212.38,212.83,137691
2026-08-28 09:30:00,212.83,213.09,212.75,213.08,136708
2026-08-28 09:35:00,213.08,213.17,212.61,212.72,86473
2026-08-28 09:40:00,212.72,213.37,212.68,213.32,93977
2026-08-28 09:45:00,213.32,213.41,213.24,213.39,90033
2026-08-28 09:50:00,213.39,213.46,213.37,213.37,106685
2026-08-28 09:55:00,213.37,213.38,213.18,213.27,78761
2026-08-28 10:00:00,213.27,213.37,213.03,213.07,142788
2026-08-28 10:05:00,213.07,213.2,212.78,212.89,52073
2026-08-28 10:10:00,212.89,213.17,212.82,213.09,89109
2026-08-28 10:15:00,213.09,213.12,212.9,212.93,46957
2026-08-28 10:20:00,212.93,212.96,212.67,212.73,51425
2026-08-28 10:25:00,212.73,212.93,212.65,212.85,81167
2026-08-28 10:30:00,212.85,212.95,212.7,212.7,98826
2026-08-28 10:35:00,212.7,212.84,212.66,212.79,59978
2026-08-28 10:40:00,212.79,212.96,212.76,212.82,75121
2026-08-28 10:45:00,212.82,212.84,212.61,212.7,90619
2026-08-28 10:50:00,212.7,212.92,212.63,212.77,91297
2026-08-28 10:55:00,212.77,212.96,212.71,212.87,71908
2026-08-28 11:00:00,212.87,212.96,212.84,212.92,124851
2026-08-28 11:05:00,212.92,212.97,212.64,212.7,98150
2026-08-28 11:10:00,212.7,212.74,212.55,212.57,37074
2026-08-28 11:15:00,212.57,212.58,212.35,212.42,48862
2026-08-28 11:20:00,212.42,212.49,212.37,212.4,65684
2026-08-28 11:25:00,212.4,212.41,212.29,212.29,92948
2026-08-28 11:30:00,212.29,212.38,212.22,212.33,55035
2026-08-28 11:35:00,212.33,212.73,212.25,212.41,56395
2026-08-28 11:40:00,212.41,212.47,212.33,212.34,35894
2026-08-28 11:45:00,212.34,212.38,212.27,212.3,48644
2026-08-28 11:50:00,212.3,212.38,212.15,212.16,62215
2026-08-28 11:55:00,212.16,212.37,212.15,212.36,77940
2026-08-28 12:00:00,212.36,212.8,212.35,212.69,95881
2026-08-28 12:05:00,212.69,212.88,212.69,212.76,65121
2026-08-28 12:10:00,212.76,212.85,212.62,212.66,63801
2026-08-28 12:15:00,212.66,212.79,212.55,212.62,59590
2026-08-28 12:20:00,212.62,212.67,212.29,212.35,81783
2026-08-28 12:25:00,212.35,212.5,212.25,212.49,82139
2026-08-28 12:30:00,212.49,212.5,212.38,212.47,64202
2026-08-28 12:35:00,212.47,212.59,212.4,212.42,96876
2026-08-28 12:40:00,212.42,212.67,212.33,212.6,41652
2026-08-28 12:45:00,212.6,212.88,212.55,212.85,61509
2026-08-28 12:50:00,212.85,212.99,212.83,212.96,136061
2026-08-28 12:55:00,212.96,212.99,212.77,212.82,79715
2026-08-28 13:00:00,212.82,212.96,212.7,212.88,43246
2026-08-28 13:05:00,212.88,212.97,212.83,212.94,92777
2026-08-28 13:10:00,212.94,213.08,212.9,212.95,77148
2026-08-28 13:15:00,212.95,213.11,212.72,212.79,50553
2026-08-28 13:20:00,212.79,212.81,212.65,212.68,117966
2026-08-28 13:25:00,212.68,212.7,212.27,212.42,54389
2026-08-28 13:30:00,212.42,212.49,212.25,212.32,86409
2026-08-28 13:35:00,212.32,212.75,212.32,212.68,104647
2026-08-28 13:40:00,212.68,212.87,212.65,212.85,79768
2026-08-28 13:45:00,212.85,212.88,212.57,212.66,63364
2026-08-28 13:50:00,212.66,212.82,212.51,212.78,104263
2026-08-28 13:55:00,212.78,212.98,212.75,212.97,67092
2026-08-28 14:00:00,212.97,212.99,212.48,212.53,74003
2026-08-28 14:05:00,212.53,212.95,212.49,212.91,47416
2026-08-28 14:10:00,212.91,212.98,212.81,212.85,68671
2026-08-28 14:15:00,212.85,213.01,212.79,212.94,78097
2026-08-28 14:20:00,212.94,213.2,212.94,213.13,152394
2026-08-28 14:25:00,213.13,213.28,213.04,213.23,79035
2026-08-28 14:30:00,213.23,213.27,212.9,212.92,107436
2026-08-28 14:35:00,212.92,213.02,212.77,213.02,61326
2026-08-28 14:40:00,213.02,213.09,212.91,213.07,140571
2026-08-28 14:45:00,213.07,213.16,212.8,212.99,119648
2026-08-28 14:50:00,212.99,213.01,212.87,212.97,97887
2026-08-28 14:55:00,212.97,213.47,212.96,213.39,104947
2026-08-28 15:00:00,213.39,213.89,213.37,213.65,97592
2026-08-28 15:05:00,213.65,213.82,213.57,213.6,92178
2026-08-28 15:10:00,213.6,213.71,213.03,213.4,165626
2026-08-28 15:15:00,213.4,213.43,213.08,213.16,81739
2026-08-28 15:20:00,213.16,213.37,213.09,213.25,256251
2026-08-28 15:25:00,213.25,213.29,212.98,212.99,123919
2026-08-31 09:15:00,213.35,213.48,212.89,212.97,133148
2026-08-31 09:20:00,212.97,212.98,212.67,212.89,200933
2026-08-31 09:25:00,212.89,213.48,212.79,213.32,117056
2026-08-31 09:30:00,213.32,213.44,213.03,213.09,124234
2026-08-31 09:35:00,213.09,213.39,213.06,213.36,82959
2026-08-31 09:40:00,213.36,213.39,212.99,213.23,206186
2026-08-31 09:45:00,213.23,213.33,213.07,213.31,91968
2026-08-31 09:50:00,213.31,213.32,212.84,212.86,73100
2026-08-31 09:55:00,212.86,212.99,212.63,212.64,78860
2026-08-31 10:00:00,212.64,212.87,212.57,212.82,169120
2026-08-31 10:05:00,212.82,212.86,212.66,212.68,67381
2026-08-31 10:10:00,212.68,212.68,212.49,212.54,132157
2026-08-31 10:15:00,212.54,212.88,212.51,212.79,112953
2026-08-31 10:20:00,212.79,212.85,212.54,212.56,150856
2026-08-31 10:25:00,212.56,212.58,212.25,212.26,65616
2026-08-31 10:30:00,212.26,212.32,211.98,211.99,32632
2026-08-31 10:35:00,211.99,212.05,211.78,211.79,46860
2026-08-31 10:40:00,211.79,211.99,211.73,211.87,53383
2026-08-31 10:45:00,211.87,212.01,211.82,211.97,175868
2026-08-31 10:50:00,211.97,212.29,211.96,212.27,74874
2026-08-31 10:55:00,212.27,212.41,212.26,212.29,59151
2026-08-31 11:00:00,212.29,212.4,211.92,211.99,109307
2026-08-31 11:05:00,211.99,212.05,211.59,211.73,49212
2026-08-31 11:10:00,211.73,211.74,211.56,211.61,99569
2026-08-31 11:15:00,211.61,211.63,211.34,211.35,79419
2026-08-31 11:20:00,211.35,211.46,211.3,211.34,91592
2026-08-31 11:25:00,211.34,211.37,210.95,211.0,48830
2026-08-31 11:30:00,211.0,211.23,210.95,211.09,90618
2026-08-31 11:35:00,211.09,211.27,211.05,211.23,43090
2026-08-31 11:40:00,211.23,211.3,211.13,211.25,155771
2026-08-31 11:45:00,211.25,211.36,211.1,211.15,97420
2026-08-31 11:50:00,211.15,211.24,211.02,211.1,57928
2026-08-31 11:55:00,211.1,211.17,210.98,211.09,33370
2026-08-31 12:00:00,211.09,211.22,211.0,211.21,86706
2026-08-31 12:05:00,211.21,211.37,211.18,211.27,101062
2026-08-31 12:10:00,211.27,211.27,211.02,211.17,59567
2026-08-31 12:15:00,211.17,211.52,211.16,211.45,114265
2026-08-31 12:20:00,211.45,211.46,211.27,211.37,93925
2026-08-31 12:25:00,211.37,211.37,211.16,211.22,44679
2026-08-31 12:30:00,211.22,211.28,211.19,211.2,62190
2026-08-31 12:35:00,211.2,211.38,211.16,211.35,69701
2026-08-31 12:40:00,211.35,211.38,211.25,211.26,71708
2026-08-31 12:45:00,211.26,211.26,210.9,210.92,105132
2026-08-31 12:50:00,210.92,211.02,210.82,210.97,63326
2026-08-31 12:55:00,210.97,211.0,210.7,210.73,158758
2026-08-31 13:00:00,210.73,210.74,210.27,210.32,51463
2026-08-31 13:05:00,210.32,210.63,210.28,210.5,64931
2026-08-31 13:10:00,210.5,210.62,210.43,210.58,65776
2026-08-31 13:15:00,210.58,210.69,210.46,210.63,64726
2026-08-31 13:20:00,210.63,210.76,210.6,210.73,119077
2026-08-31 13:25:00,210.73,210.75,210.48,210.52,96836
2026-08-31 13:30:00,210.52,210.7,210.46,210.51,56062
2026-08-31 13:35:00,210.51,210.79,210.47,210.75,50614
2026-08-31 13:40:00,210.75,210.86,210.7,210.79,84661
2026-08-31 13:45:00,210.79,210.85,210.62,210.69,83545
2026-08-31 13:50:00,210.69,210.84,210.65,210.74,101813
2026-08-31 13:55:00,210.74,210.86,210.67,210.78,73978
2026-08-31 14:00:00,210.78,210.97,210.76,210.97,51206
2026-08-31 14:05:00,210.97,211.04,210.59,210.63,72390
2026-08-31 14:10:00,210.63,211.05,210.61,210.94,77400
2026-08-31 14:15:00,210.94,210.99,210.52,210.76,122819
2026-08-31 14:20:00,210.76,210.97,210.73,210.96,69043
2026-08-31 14:25:00,210.96,211.41,210.87,211.37,118801
2026-08-31 14:30:00,211.37,211.58,211.37,211.58,68559
2026-08-31 14:35:00,211.58,211.74,211.47,211.58,58303
2026-08-31 14:40:00,211.58,211.8,211.57,211.69,97128
2026-08-31 14:45:00,211.69,212.1,211.67,211.87,88295
2026-08-31 14:50:00,211.87,212.29,211.84,212.26,71620
2026-08-31 14:55:00,212.26,212.3,211.91,211.92,83521
2026-08-31 15:00:00,211.92,212.28,211.85,212.18,90666
2026-08-31 15:05:00,212.18,212.7,212.17,212.45,75293
2026-08-31 15:10:00,212.45,212.46,212.12,212.24,99728
2026-08-31 15:15:00,212.24,212.58,212.23,212.45,242508
2026-08-31 15:20:00,212.45,212.5,212.21,212.28,101170
2026-08-31 15:25:00,212.28,212.88,212.19,212.78,177213
2026-09-01 09:15:00,213.32,213.86,213.25,213.76,146622
2026-09-01 09:20:00,213.76,214.25,213.58,214.14,157832
2026-09-01 09:25:00,214.14,214.14,213.51,213.59,185021
2026-09-01 09:30:00,213.59,214.02,213.59,213.96,226089
2026-09-01 09:35:00,213.96,213.97,213.65,213.7,100416
2026-09-01 09:40:00,213.7,214.21,213.65,214.1,193510
2026-09-01 09:45:00,214.1,214.11,213.87,213.91,115517
2026-09-01 09:50:00,213.91,214.22,213.88,214.17,59859
2026-09-01 09:55:00,214.17,214.26,214.02,214.11,47533
2026-09-01 10:00:00,214.11,214.36,213.96,214.25,48104
2026-09-01 10:05:00,214.25,214.34,213.88,213.97,62313
2026-09-01 10:10:00,213.97,214.22,213.93,213.96,88028
2026-09-01 10:15:00,213.96,214.16,213.79,213.84,78945
2026-09-01 10:20:00,213.84,213.92,213.8,213.86,51617
2026-09-01 10:25:00,213.86,213.89,213.64,213.76,90864
2026-09-01 10:30:00,213.76,213.99,213.65,213.67,107186
2026-09-01 10:35:00,213.67,213.86,213.56,213.86,65542
2026-09-01 10:40:00,213.86,214.19,213.83,214.18,97907
2026-09-01 10:45:00,214.18,214.19,214.05,214.07,72494
2026-09-01 10:50:00,214.07,214.32,214.02,214.32,51157
2026-09-01 10:55:00,214.32,214.49,214.26,214.39,84426
2026-09-01 11:00:00,214.39,214.45,214.3,214.38,87642
2026-09-01 11:05:00,214.38,214.5,214.21,214.48,62265
2026-09-01 11:10:00,214.48,214.56,214.35,214.38,55772
2026-09-01 11:15:00,214.38,214.48,214.25,214.3,81984
2026-09-01 11:20:00,214.3,214.54,214.25,214.52,76607
2026-09-01 11:25:00,214.52,214.85,214.52,214.83,85518
2026-09-01 11:30:00,214.83,214.95,214.71,214.86,68474
2026-09-01 11:35:00,214.86,215.04,214.82,214.93,86464
2026-09-01 11:40:00,214.93,214.96,214.81,214.95,82945
2026-09-01 11:45:00,214.95,215.0,214.84,214.9,66646
2026-09-01 11:50:00,214.9,214.9,214.61,214.63,65556
2026-09-01 11:55:00,214.63,214.74,214.57,214.67,78335
2026-09-01 12:00:00,214.67,214.72,214.38,214.43,69765
2026-09-01 12:05:00,214.43,214.51,214.35,214.41,78250
2026-09-01 12:10:00,214.41,214.69,214.39,214.62,71938
2026-09-01 12:15:00,214.62,214.75,214.58,214.73,92881
2026-09-01 12:20:00,214.73,214.88,214.65,214.86,69010
2026-09-01 12:25:00,214.86,215.03,214.82,215.02,99716
2026-09-01 12:30:00,215.02,215.21,215.01,215.2,86626
2026-09-01 12:35:00,215.2,215.42,215.18,215.36,72767
2026-09-01 12:40:00,215.36,215.39,215.11,215.18,87854
2026-09-01 12:45:00,215.18,215.42,215.18,215.29,94338
2026-09-01 12:50:00,215.29,215.42,215.23,215.24,65685
2026-09-01 12:55:00,215.24,215.31,214.88,214.92,67658
2026-09-01 13:00:00,214.92,215.05,214.85,215.0,71157
2026-09-01 13:05:00,215.0,215.12,214.85,214.88,66116
2026-09-01 13:10:00,214.88,214.91,214.8,214.86,99409
2026-09-01 13:15:00,214.86,214.9,214.53,214.53,99310
2026-09-01 13:20:00,214.53,214.7,214.5,214.64,36763
2026-09-01 13:25:00,214.64,214.69,214.42,214.44,44550
2026-09-01 13:30:00,214.44,214.62,214.38,214.62,61508
2026-09-01 13:35:00,214.62,214.7,214.48,214.59,83919
2026-09-01 13:40:00,214.59,214.79,214.59,214.78,110775
2026-09-01 13:45:00,214.78,214.82,214.61,214.64,76589
2026-09-01 13:50:00,214.64,214.7,214.57,214.66,80180
2026-09-01 13:55:00,214.66,214.78,214.63,214.77,70400
2026-09-01 14:00:00,214.77,215.0,214.72,214.99,88030
2026-09-01 14:05:00,214.99,215.06,214.68,214.7,60129
2026-09-01 14:10:00,214.7,214.74,214.54,214.58,54146
2026-09-01 14:15:00,214.58,215.04,214.45,214.99,76363
2026-09-01 14:20:00,214.99,215.08,214.96,215.04,52259
2026-09-01 14:25:00,215.04,215.12,214.9,215.1,49470
2026-09-01 14:30:00,215.1,215.27,214.99,215.15,137354
2026-09-01 14:35:00,215.15,215.24,214.84,214.93,176768
2026-09-01 14:40:00,214.93,215.01,214.75,214.77,100581
2026-09-01 14:45:00,214.77,215.17,214.76,215.13,121904
2026-09-01 14:50:00,215.13,215.18,214.82,214.88,139709
2026-09-01 14:55:00,214.88,215.2,214.78,215.06,116496
2026-09-01 15:00:00,215.06,215.4,215.0,215.28,96897
2026-09-01 15:05:00,215.28,215.36,214.9,214.96,179826
2026-09-01 15:10:00,214.96,214.96,214.7,214.89,106353
2026-09-01 15:15:00,214.89,214.98,214.58,214.61,62948
2026-09-01 15:20:00,214.61,214.63,214.19,214.37,133834
2026-09-01 15:25:00,214.37,214.62,214.15,214.59,162296
2026-09-02 09:15:00,214.41,214.57,213.54,213.75,218141
2026-09-02 09:20:00,213.75,213.87,213.41,213.65,234022
2026-09-02 09:25:00,213.65,213.77,213.25,213.34,128868
2026-09-02 09:30:00,213.34,213.36,212.91,213.02,241121
2026-09-02 09:35:00,213.02,213.31,212.88,213.26,136057
2026-09-02 09:40:00,213.26,213.73,212.91,213.66,136143
2026-09-02 09:45:00,213.66,213.91,213.63,213.72,185782
2026-09-02 09:50:00,213.72,213.74,213.5,213.52,75288
2026-09-02 09:55:00,213.52,213.6,213.43,213.54,99213
2026-09-02 10:00:00,213.54,213.59,212.96,213.03,78393
2026-09-02 10:05:00,213.03,213.07,212.71,212.86,126221
2026-09-02 10:10:00,212.86,212.98,212.63,212.73,78288
2026-09-02 10:15:00,212.73,212.95,212.57,212.73,89024
2026-09-02 10:20:00,212.73,212.74,212.46,212.53,53972
2026-09-02 10:25:00,212.53,212.59,212.31,212.31,57092
2026-09-02 10:30:00,212.31,212.42,212.21,212.25,39951
2026-09-02 10:35:00,212.25,212.45,212.24,212.25,108619
2026-09-02 10:40:00,212.25,212.35,211.99,212.0,82759
2026-09-02 10:45:00,212.0,212.04,211.74,211.76,97605
2026-09-02 10:50:00,211.76,211.97,211.74,211.95,74919
2026-09-02 10:55:00,211.95,212.13,211.8,212.08,45502
2026-09-02 11:00:00,212.08,212.3,212.04,212.19,95678
2026-09-02 11:05:00,212.19,212.21,212.03,212.14,80110
2026-09-02 11:10:00,212.14,212.23,212.11,212.23,72642
2026-09-02 11:15:00,212.23,212.39,212.13,212.22,73898
2026-09-02 11:20:00,212.22,212.38,212.21,212.32,180476
2026-09-02 11:25:00,212.32,212.43,212.19,212.23,70109
2026-09-02 11:30:00,212.23,212.43,212.18,212.42,79380
2026-09-02 11:35:00,212.42,212.59,212.36,212.37,75894
2026-09-02 11:40:00,212.37,212.51,212.23,212.47,45542
2026-09-02 11:45:00,212.47,212.61,212.4,212.57,53539
2026-09-02 11:50:00,212.57,212.84,212.56,212.79,81113
2026-09-02 11:55:00,212.79,212.84,212.73,212.83,67322
2026-09-02 12:00:00,212.83,212.86,212.65,212.79,72005
2026-09-02 12:05:00,212.79,212.93,212.78,212.86,70409
2026-09-02 12:10:00,212.86,212.9,212.62,212.64,77649
2026-09-02 12:15:00,212.64,212.64,212.35,212.38,105800
2026-09-02 12:20:00,212.38,212.48,212.19,212.31,95848
2026-09-02 12:25:00,212.31,212.57,212.14,212.19,133558
2026-09-02 12:30:00,212.19,212.39,212.15,212.36,133027
2026-09-02 12:35:00,212.36,212.43,212.21,212.3,66372
2026-09-02 12:40:00,212.3,212.37,212.16,212.22,109087
2026-09-02 12:45:00,212.22,212.44,212.14,212.32,105199
2026-09-02 12:50:00,212.32,212.66,212.3,212.66,63321
2026-09-02 12:55:00,212.66,212.77,212.5,212.56,89112
2026-09-02 13:00:00,212.56,212.89,212.53,212.61,72844
2026-09-02 13:05:00,212.61,212.8,212.56,212.6,92113
2026-09-02 13:10:00,212.6,212.8,212.38,212.42,109638
2026-09-02 13:15:00,212.42,212.64,212.42,212.53,47435
2026-09-02 13:20:00,212.53,212.54,212.26,212.32,77860
2026-09-02 13:25:00,212.32,212.52,212.28,212.33,84012
2026-09-02 13:30:00,212.33,212.45,212.2,212.25,78505
2026-09-02 13:35:00,212.25,212.3,211.88,212.03,93057
2026-09-02 13:40:00,212.03,212.12,211.93,212.02,110121
2026-09-02 13:45:00,212.02,212.36,212.01,212.35,102977
2026-09-02 13:50:00,212.35,212.41,212.13,212.16,41861
2026-09-02 13:55:00,212.16,212.27,211.97,212.06,48472
2026-09-02 14:00:00,212.06,212.16,211.53,211.56,62145
2026-09-02 14:05:00,211.56,211.97,211.55,211.93,45129
2026-09-02 14:10:00,211.93,211.94,211.76,211.84,104400
2026-09-02 14:15:00,211.84,211.88,211.7,211.78,47322
2026-09-02 14:20:00,211.78,212.04,211.76,211.94,63934
2026-09-02 14:25:00,211.94,212.44,211.89,212.39,101566
2026-09-02 14:30:00,212.39,212.7,212.22,212.63,98530
2026-09-02 14:35:00,212.63,212.97,212.61,212.94,128701
2026-09-02 14:40:00,212.94,213.22,212.64,212.68,69879
2026-09-02 14:45:00,212.68,213.15,212.65,213.0,71035
2026-09-02 14:50:00,213.0,213.2,212.92,213.16,153233
2026-09-02 14:55:00,213.16,213.54,212.93,213.48,89011
2026-09-02 15:00:00,213.48,213.52,213.25,213.32,133345
2026-09-02 15:05:00,213.32,213.6,213.23,213.57,147206
2026-09-02 15:10:00,213.57,213.86,213.53,213.57,116572
2026-09-02 15:15:00,213.57,213.61,213.08,213.12,76139
2026-09-02 15:20:00,213.12,213.2,212.43,212.72,94283
2026-09-02 15:25:00,212.72,212.93,212.36,212.85,96556
2026-09-03 09:15:00,212.75,212.99,212.68,212.77,139607
2026-09-03 09:20:00,212.77,212.95,211.9,212.1,186143
2026-09-03 09:25:00,212.1,212.74,212.04,212.41,235927
2026-09-03 09:30:00,212.41,212.53,211.81,211.95,108437
2026-09-03 09:35:00,211.95,212.31,211.83,212.26,84286
2026-09-03 09:40:00,212.26,212.4,211.82,211.83,157156
2026-09-03 09:45:00,211.83,211.99,211.36,211.45,162973
2026-09-03 09:50:00,211.45,211.7,211.36,211.63,95209
2026-09-03 09:55:00,211.63,211.92,211.57,211.89,81424
2026-09-03 10:00:00,211.89,211.96,211.76,211.95,114390
2026-09-03 10:05:00,211.95,212.39,211.95,212.22,130057
2026-09-03 10:10:00,212.22,212.31,211.92,211.99,76985
2026-09-03 10:15:00,211.99,212.19,211.92,212.14,85995
2026-09-03 10:20:00,212.14,212.29,212.07,212.29,59677
2026-09-03 10:25:00,212.29,212.31,211.88,212.06,104501
2026-09-03 10:30:00,212.06,212.21,211.99,212.08,70286
2026-09-03 10:35:00,212.08,212.32,212.04,212.18,78528
2026-09-03 10:40:00,212.18,212.26,212.04,212.12,70873
2026-09-03 10:45:00,212.12,212.22,211.77,211.99,48477
2026-09-03 10:50:00,211.99,212.09,211.64,211.72,143409
2026-09-03 10:55:00,211.72,212.05,211.69,212.04,71228
2026-09-03 11:00:00,212.04,212.07,211.78,211.78,84634
2026-09-03 11:05:00,211.78,211.87,211.58,211.67,43941
2026-09-03 11:10:00,211.67,211.68,211.47,211.55,77618
2026-09-03 11:15:00,211.55,211.88,211.54,211.68,78867
2026-09-03 11:20:00,211.68,211.76,211.52,211.54,143468
2026-09-03 11:25:00,211.54,211.7,211.47,211.68,84910
2026-09-03 11:30:00,211.68,211.82,211.54,211.82,63984
2026-09-03 11:35:00,211.82,211.93,211.59,211.88,153373
2026-09-03 11:40:00,211.88,212.17,211.87,211.98,118125
2026-09-03 11:45:00,211.98,212.17,211.93,212.13,69349
2026-09-03 11:50:00,212.13,212.15,211.86,211.94,69787
2026-09-03 11:55:00,211.94,211.95,211.79,211.85,48163
2026-09-03 12:00:00,211.85,211.86,211.53,211.53,95551
2026-09-03 12:05:00,211.53,211.67,211.4,211.56,95621
2026-09-03 12:10:00,211.56,211.76,211.52,211.6,102388
2026-09-03 12:15:00,211.6,211.68,211.44,211.5,74352
2026-09-03 12:20:00,211.5,211.83,211.44,211.76,77213
2026-09-03 12:25:00,211.76,211.79,211.27,211.39,26309
2026-09-03 12:30:00,211.39,211.42,211.27,211.38,54930
2026-09-03 12:35:00,211.38,211.4,211.26,211.28,54910
2026-09-03 12:40:00,211.28,211.28,211.13,211.24,139607
2026-09-03 12:45:00,211.24,211.48,211.24,211.41,65179
2026-09-03 12:50:00,211.41,211.64,211.41,211.61,62224
2026-09-03 12:55:00,211.61,211.61,211.15,211.18,70645
2026-09-03 13:00:00,211.18,211.51,211.15,211.5,41185
2026-09-03 13:05:00,211.5,211.68,211.44,211.6,47999
2026-09-03 13:10:00,211.6,211.64,211.34,211.35,69980
2026-09-03 13:15:00,211.35,211.48,211.19,211.24,110572
2026-09-03 13:20:00,211.24,211.39,211.11,211.38,76256
2026-09-03 13:25:00,211.38,211.62,211.27,211.49,68490
2026-09-03 13:30:00,211.49,211.56,211.32,211.53,119375
2026-09-03 13:35:00,211.53,211.81,211.5,211.8,109128
2026-09-03 13:40:00,211.8,211.86,211.56,211.71,97990
2026-09-03 13:45:00,211.71,211.92,211.59,211.82,84663
2026-09-03 13:50:00,211.82,212.11,211.74,212.06,55778
2026-09-03 13:55:00,212.06,212.39,212.06,212.26,61890
2026-09-03 14:00:00,212.26,212.29,211.96,212.03,41109
2026-09-03 14:05:00,212.03,212.28,211.82,212.1,100378
2026-09-03 14:10:00,212.1,212.33,212.09,212.14,61024
2026-09-03 14:15:00,212.14,212.16,211.94,211.95,57740
2026-09-03 14:20:00,211.95,212.5,211.86,212.19,77363
2026-09-03 14:25:00,212.19,212.58,212.1,212.57,64922
2026-09-03 14:30:00,212.57,212.6,212.39,212.56,89617
2026-09-03 14:35:00,212.56,212.7,212.44,212.64,87467
2026-09-03 14:40:00,212.64,212.73,212.44,212.54,97044
2026-09-03 14:45:00,212.54,212.94,212.5,212.88,66471
2026-09-03 14:50:00,212.88,212.98,212.81,212.87,120645
2026-09-03 14:55:00,212.87,213.04,212.49,212.59,97753
2026-09-03 15:00:00,212.59,212.65,212.3,212.59,113475
2026-09-03 15:05:00,212.59,212.75,212.51,212.74,95677
2026-09-03 15:10:00,212.74,212.8,212.44,212.78,126881
2026-09-03 15:15:00,212.78,213.25,212.77,213.21,158131
2026-09-03 15:20:00,213.21,213.63,213.05,213.1,110871
2026-09-03 15:25:00,213.1,213.31,212.89,213.04,125958
2026-09-04 09:15:00,212.72,213.23,212.52,212.69,226098
2026-09-04 09:20:00,212.69,213.08,212.39,212.86,199913
2026-09-04 09:25:00,212.86,213.19,212.86,213.15,60721
2026-09-04 09:30:00,213.15,213.27,212.86,213.01,114823
2026-09-04 09:35:00,213.01,213.67,212.81,213.6,99357
2026-09-04 09:40:00,213.6,213.85,213.59,213.82,110758
2026-09-04 09:45:00,213.82,214.06,213.58,214.02,104713
2026-09-04 09:50:00,214.02,214.02,213.36,213.49,110528
2026-09-04 09:55:00,213.49,213.72,213.39,213.61,68684
2026-09-04 10:00:00,213.61,213.74,213.52,213.61,73903
2026-09-04 10:05:00,213.61,213.82,213.51,213.58,116183
2026-09-04 10:10:00,213.58,213.89,213.53,213.82,72123
2026-09-04 10:15:00,213.82,213.83,213.57,213.6,64161
2026-09-04 10:20:00,213.6,213.69,213.23,213.34,104997
2026-09-04 10:25:00,213.34,213.65,213.26,213.6,55437
2026-09-04 10:30:00,213.6,213.67,213.4,213.42,77443
2026-09-04 10:35:00,213.42,213.44,213.23,213.3,57005
2026-09-04 10:40:00,213.3,213.54,213.3,213.45,42366
2026-09-04 10:45:00,213.45,213.75,213.41,213.57,70657
2026-09-04 10:50:00,213.57,213.64,213.12,213.37,115735
2026-09-04 10:55:00,213.37,213.57,213.28,213.42,67135
2026-09-04 11:00:00,213.42,213.51,213.2,213.32,75695
2026-09-04 11:05:00,213.32,213.47,213.25,213.34,70641
2026-09-04 11:10:00,213.34,213.44,213.2,213.2,41041
2026-09-04 11:15:00,213.2,213.25,213.03,213.05,91818
2026-09-04 11:20:00,213.05,213.1,212.86,213.04,45231
2026-09-04 11:25:00,213.04,213.34,212.98,213.31,110963
2026-09-04 11:30:00,213.31,213.85,213.26,213.58,86564
2026-09-04 11:35:00,213.58,213.88,213.55,213.81,96628
2026-09-04 11:40:00,213.81,214.16,213.76,214.04,94946
2026-09-04 11:45:00,214.04,214.12,213.91,214.04,68169
2026-09-04 11:50:00,214.04,214.19,213.84,213.87,41057
2026-09-04 11:55:00,213.87,214.14,213.77,214.08,127513
2026-09-04 12:00:00,214.08,214.13,213.79,213.88,126019
2026-09-04 12:05:00,213.88,213.92,213.59,213.62,68447
2026-09-04 12:10:00,213.62,213.67,213.37,213.51,62848
2026-09-04 12:15:00,213.51,213.61,213.37,213.44,97647
2026-09-04 12:20:00,213.44,213.62,213.44,213.52,53140
2026-09-04 12:25:00,213.52,213.64,213.37,213.39,80951
2026-09-04 12:30:00,213.39,213.59,213.37,213.52,107100
2026-09-04 12:35:00,213.52,213.67,213.36,213.37,77750
2026-09-04 12:40:00,213.37,213.56,213.33,213.53,87105
2026-09-04 12:45:00,213.53,213.63,213.39,213.45,69156
2026-09-04 12:50:00,213.45,213.68,213.33,213.51,64568
2026-09-04 12:55:00,213.51,213.63,213.22,213.23,134248
2026-09-04 13:00:00,213.23,213.24,213.09,213.13,91240
2026-09-04 13:05:00,213.13,213.43,213.07,213.3,55297
2026-09-04 13:10:00,213.3,213.57,213.29,213.57,43152
2026-09-04 13:15:00,213.57,213.83,213.56,213.79,91786
2026-09-04 13:20:00,213.79,214.0,213.75,213.94,117635
2026-09-04 13:25:00,213.94,214.06,213.76,213.96,55342
2026-09-04 13:30:00,213.96,213.98,213.69,213.76,89924
2026-09-04 13:35:00,213.76,214.16,213.74,214.1,97672
2026-09-04 13:40:00,214.1,214.31,214.04,214.21,59819
2026-09-04 13:45:00,214.21,214.37,214.17,214.33,134003
2026-09-04 13:50:00,214.33,214.66,214.25,214.58,81161
2026-09-04 13:55:00,214.58,214.93,214.53,214.9,81652
2026-09-04 14:00:00,214.9,214.99,214.76,214.85,57832
2026-09-04 14:05:00,214.85,215.17,214.78,214.95,96703
2026-09-04 14:10:00,214.95,215.02,214.75,214.81,53702
2026-09-04 14:15:00,214.81,214.98,214.64,214.71,52156
2026-09-04 14:20:00,214.71,214.85,214.68,214.73,47317
2026-09-04 14:25:00,214.73,214.82,214.6,214.7,98495
2026-09-04 14:30:00,214.7,214.78,214.55,214.59,140706
2026-09-04 14:35:00,214.59,214.6,214.33,214.42,81919
2026-09-04 14:40:00,214.42,214.43,214.17,214.34,69940
2026-09-04 14:45:00,214.34,214.66,214.25,214.59,57948
2026-09-04 14:50:00,214.59,214.83,214.53,214.76,53918
2026-09-04 14:55:00,214.76,215.04,214.66,214.86,86419
2026-09-04 15:00:00,214.86,214.88,214.54,214.85,142374
2026-09-04 15:05:00,214.85,214.99,214.6,214.67,102590
2026-09-04 15:10:00,214.67,214.96,214.5,214.68,131040
2026-09-04 15:15:00,214.68,214.69,214.34,214.58,74867
2026-09-04 15:20:00,214.58,214.94,214.48,214.86,97276
2026-09-04 15:25:00,214.86,214.93,214.46,214.5,144222
